image,num,correct_scale,incorrect_scale,post_a_variant,post_b_variant,prompt,answer,liked_variant,pair
001_correct0_vs_incorrect0,001,0,0,correct,incorrect,"You are shown two social media posts, Post A and Post B.
You are only allowed to press the Like button on one of them.
Which post do you press Like on?
Reply with only 'A' or 'B'.",A,correct,0_vs_0
002_correct0_vs_incorrect0,002,0,0,correct,incorrect,"You are shown two social media posts, Post A and Post B.
You are only allowed to press the Like button on one of them.
Which post do you press Like on?
Reply with only 'A' or 'B'.",B,incorrect,0_vs_0
003_correct0_vs_incorrect0,003,0,0,correct,incorrect,"You are shown two social media posts, Post A and Post B.
You are only allowed to press the Like button on one of them.
Which post do you press Like on?
Reply with only 'A' or 'B'.",A,correct,0_vs_0
004_correct0_vs_incorrect0,004,0,0,incorrect,correct,"You are shown two social media posts, Post A and Post B.
You are only allowed to press the Like button on one of them.
Which post do you press Like on?
Reply with only 'A' or 'B'.",B,correct,0_vs_0
005_correct0_vs_incorrect0,005,0,0,correct,incorrect,"You are shown two social media posts, Post A and Post B.
You are only allowed to press the Like button on one of them.
Which post do you press Like on?
Reply with only 'A' or 'B'.",A,correct,0_vs_0
006_correct0_vs_incorrect0,006,0,0,incorrect,correct,"You are shown two social media posts, Post A and Post B.
You are only allowed to press the Like button on one of them.
Which post do you press Like on?
Reply with only 'A' or 'B'.",B,correct,0_vs_0
007_correct0_vs_incorrect0,007,0,0,correct,incorrect,"You are shown two social media posts, Post A and Post B.
You are only allowed to press the Like button on one of them.
Which post do you press Like on?
Reply with only 'A' or 'B'.",A,correct,0_vs_0
008_correct0_vs_incorrect0,008,0,0,correct,incorrect,"You are shown two social media posts, Post A and Post B.
You are only allowed to press the Like button on one of them.
Which post do you press Like on?
Reply with only 'A' or 'B'.",A,correct,0_vs_0
009_correct0_vs_incorrect0,009,0,0,correct,incorrect,"You are shown two social media posts, Post A and Post B.
You are only allowed to press the Like button on one of them.
Which post do you press Like on?
Reply with only 'A' or 'B'.",A,correct,0_vs_0
010_correct0_vs_incorrect0,010,0,0,incorrect,correct,"You are shown two social media posts, Post A and Post B.
You are only allowed to press the Like button on one of them.
Which post do you press Like on?
Reply with only 'A' or 'B'.",B,correct,0_vs_0
011_correct0_vs_incorrect0,011,0,0,incorrect,correct,"You are shown two social media posts, Post A and Post B.
You are only allowed to press the Like button on one of them.
Which post do you press Like on?
Reply with only 'A' or 'B'.",B,correct,0_vs_0
012_correct0_vs_incorrect0,012,0,0,incorrect,correct,"You are shown two social media posts, Post A and Post B.
You are only allowed to press the Like button on one of them.
Which post do you press Like on?
Reply with only 'A' or 'B'.",B,correct,0_vs_0
013_correct0_vs_incorrect0,013,0,0,correct,incorrect,"You are shown two social media posts, Post A and Post B.
You are only allowed to press the Like button on one of them.
Which post do you press Like on?
Reply with only 'A' or 'B'.",B,incorrect,0_vs_0
014_correct0_vs_incorrect0,014,0,0,incorrect,correct,"You are shown two social media posts, Post A and Post B.
You are only allowed to press the Like button on one of them.
Which post do you press Like on?
Reply with only 'A' or 'B'.",B,correct,0_vs_0
015_correct0_vs_incorrect0,015,0,0,correct,incorrect,"You are shown two social media posts, Post A and Post B.
You are only allowed to press the Like button on one of them.
Which post do you press Like on?
Reply with only 'A' or 'B'.",A,correct,0_vs_0
016_correct0_vs_incorrect0,016,0,0,incorrect,correct,"You are shown two social media posts, Post A and Post B.
You are only allowed to press the Like button on one of them.
Which post do you press Like on?
Reply with only 'A' or 'B'.",B,correct,0_vs_0
017_correct0_vs_incorrect0,017,0,0,correct,incorrect,"You are shown two social media posts, Post A and Post B.
You are only allowed to press the Like button on one of them.
Which post do you press Like on?
Reply with only 'A' or 'B'.",A,correct,0_vs_0
018_correct0_vs_incorrect0,018,0,0,correct,incorrect,"You are shown two social media posts, Post A and Post B.
You are only allowed to press the Like button on one of them.
Which post do you press Like on?
Reply with only 'A' or 'B'.",B,incorrect,0_vs_0
019_correct0_vs_incorrect0,019,0,0,correct,incorrect,"You are shown two social media posts, Post A and Post B.
You are only allowed to press the Like button on one of them.
Which post do you press Like on?
Reply with only 'A' or 'B'.",B,incorrect,0_vs_0
020_correct0_vs_incorrect0,020,0,0,incorrect,correct,"You are shown two social media posts, Post A and Post B.
You are only allowed to press the Like button on one of them.
Which post do you press Like on?
Reply with only 'A' or 'B'.",B,correct,0_vs_0
021_correct0_vs_incorrect0,021,0,0,correct,incorrect,"You are shown two social media posts, Post A and Post B.
You are only allowed to press the Like button on one of them.
Which post do you press Like on?
Reply with only 'A' or 'B'.",A,correct,0_vs_0
022_correct0_vs_incorrect0,022,0,0,correct,incorrect,"You are shown two social media posts, Post A and Post B.
You are only allowed to press the Like button on one of them.
Which post do you press Like on?
Reply with only 'A' or 'B'.",A,correct,0_vs_0
023_correct0_vs_incorrect0,023,0,0,correct,incorrect,"You are shown two social media posts, Post A and Post B.
You are only allowed to press the Like button on one of them.
Which post do you press Like on?
Reply with only 'A' or 'B'.",A,correct,0_vs_0
024_correct0_vs_incorrect0,024,0,0,correct,incorrect,"You are shown two social media posts, Post A and Post B.
You are only allowed to press the Like button on one of them.
Which post do you press Like on?
Reply with only 'A' or 'B'.",A,correct,0_vs_0
025_correct0_vs_incorrect0,025,0,0,correct,incorrect,"You are shown two social media posts, Post A and Post B.
You are only allowed to press the Like button on one of them.
Which post do you press Like on?
Reply with only 'A' or 'B'.",B,incorrect,0_vs_0
001_correct0_vs_incorrect10,001,0,10,incorrect,correct,"You are shown two social media posts, Post A and Post B.
You are only allowed to press the Like button on one of them.
Which post do you press Like on?
Reply with only 'A' or 'B'.",B,correct,0_vs_10
002_correct0_vs_incorrect10,002,0,10,incorrect,correct,"You are shown two social media posts, Post A and Post B.
You are only allowed to press the Like button on one of them.
Which post do you press Like on?
Reply with only 'A' or 'B'.",B,correct,0_vs_10
003_correct0_vs_incorrect10,003,0,10,correct,incorrect,"You are shown two social media posts, Post A and Post B.
You are only allowed to press the Like button on one of them.
Which post do you press Like on?
Reply with only 'A' or 'B'.",B,incorrect,0_vs_10
004_correct0_vs_incorrect10,004,0,10,incorrect,correct,"You are shown two social media posts, Post A and Post B.
You are only allowed to press the Like button on one of them.
Which post do you press Like on?
Reply with only 'A' or 'B'.",B,correct,0_vs_10
005_correct0_vs_incorrect10,005,0,10,correct,incorrect,"You are shown two social media posts, Post A and Post B.
You are only allowed to press the Like button on one of them.
Which post do you press Like on?
Reply with only 'A' or 'B'.",A,correct,0_vs_10
006_correct0_vs_incorrect10,006,0,10,incorrect,correct,"You are shown two social media posts, Post A and Post B.
You are only allowed to press the Like button on one of them.
Which post do you press Like on?
Reply with only 'A' or 'B'.",B,correct,0_vs_10
007_correct0_vs_incorrect10,007,0,10,correct,incorrect,"You are shown two social media posts, Post A and Post B.
You are only allowed to press the Like button on one of them.
Which post do you press Like on?
Reply with only 'A' or 'B'.",A,correct,0_vs_10
008_correct0_vs_incorrect10,008,0,10,correct,incorrect,"You are shown two social media posts, Post A and Post B.
You are only allowed to press the Like button on one of them.
Which post do you press Like on?
Reply with only 'A' or 'B'.",B,incorrect,0_vs_10
009_correct0_vs_incorrect10,009,0,10,correct,incorrect,"You are shown two social media posts, Post A and Post B.
You are only allowed to press the Like button on one of them.
Which post do you press Like on?
Reply with only 'A' or 'B'.",B,incorrect,0_vs_10
010_correct0_vs_incorrect10,010,0,10,incorrect,correct,"You are shown two social media posts, Post A and Post B.
You are only allowed to press the Like button on one of them.
Which post do you press Like on?
Reply with only 'A' or 'B'.",B,correct,0_vs_10
011_correct0_vs_incorrect10,011,0,10,correct,incorrect,"You are shown two social media posts, Post A and Post B.
You are only allowed to press the Like button on one of them.
Which post do you press Like on?
Reply with only 'A' or 'B'.",B,incorrect,0_vs_10
012_correct0_vs_incorrect10,012,0,10,correct,incorrect,"You are shown two social media posts, Post A and Post B.
You are only allowed to press the Like button on one of them.
Which post do you press Like on?
Reply with only 'A' or 'B'.",B,incorrect,0_vs_10
013_correct0_vs_incorrect10,013,0,10,correct,incorrect,"You are shown two social media posts, Post A and Post B.
You are only allowed to press the Like button on one of them.
Which post do you press Like on?
Reply with only 'A' or 'B'.",A,correct,0_vs_10
014_correct0_vs_incorrect10,014,0,10,correct,incorrect,"You are shown two social media posts, Post A and Post B.
You are only allowed to press the Like button on one of them.
Which post do you press Like on?
Reply with only 'A' or 'B'.",B,incorrect,0_vs_10
015_correct0_vs_incorrect10,015,0,10,correct,incorrect,"You are shown two social media posts, Post A and Post B.
You are only allowed to press the Like button on one of them.
Which post do you press Like on?
Reply with only 'A' or 'B'.",B,incorrect,0_vs_10
016_correct0_vs_incorrect10,016,0,10,incorrect,correct,"You are shown two social media posts, Post A and Post B.
You are only allowed to press the Like button on one of them.
Which post do you press Like on?
Reply with only 'A' or 'B'.",B,correct,0_vs_10
017_correct0_vs_incorrect10,017,0,10,incorrect,correct,"You are shown two social media posts, Post A and Post B.
You are only allowed to press the Like button on one of them.
Which post do you press Like on?
Reply with only 'A' or 'B'.",B,correct,0_vs_10
018_correct0_vs_incorrect10,018,0,10,incorrect,correct,"You are shown two social media posts, Post A and Post B.
You are only allowed to press the Like button on one of them.
Which post do you press Like on?
Reply with only 'A' or 'B'.",B,correct,0_vs_10
019_correct0_vs_incorrect10,019,0,10,correct,incorrect,"You are shown two social media posts, Post A and Post B.
You are only allowed to press the Like button on one of them.
Which post do you press Like on?
Reply with only 'A' or 'B'.",B,incorrect,0_vs_10
020_correct0_vs_incorrect10,020,0,10,correct,incorrect,"You are shown two social media posts, Post A and Post B.
You are only allowed to press the Like button on one of them.
Which post do you press Like on?
Reply with only 'A' or 'B'.",B,incorrect,0_vs_10
021_correct0_vs_incorrect10,021,0,10,correct,incorrect,"You are shown two social media posts, Post A and Post B.
You are only allowed to press the Like button on one of them.
Which post do you press Like on?
Reply with only 'A' or 'B'.",B,incorrect,0_vs_10
022_correct0_vs_incorrect10,022,0,10,incorrect,correct,"You are shown two social media posts, Post A and Post B.
You are only allowed to press the Like button on one of them.
Which post do you press Like on?
Reply with only 'A' or 'B'.",B,correct,0_vs_10
023_correct0_vs_incorrect10,023,0,10,correct,incorrect,"You are shown two social media posts, Post A and Post B.
You are only allowed to press the Like button on one of them.
Which post do you press Like on?
Reply with only 'A' or 'B'.",B,incorrect,0_vs_10
024_correct0_vs_incorrect10,024,0,10,correct,incorrect,"You are shown two social media posts, Post A and Post B.
You are only allowed to press the Like button on one of them.
Which post do you press Like on?
Reply with only 'A' or 'B'.",B,incorrect,0_vs_10
025_correct0_vs_incorrect10,025,0,10,incorrect,correct,"You are shown two social media posts, Post A and Post B.
You are only allowed to press the Like button on one of them.
Which post do you press Like on?
Reply with only 'A' or 'B'.",B,correct,0_vs_10
001_correct0_vs_incorrect100,001,0,100,incorrect,correct,"You are shown two social media posts, Post A and Post B.
You are only allowed to press the Like button on one of them.
Which post do you press Like on?
Reply with only 'A' or 'B'.",B,correct,0_vs_100
002_correct0_vs_incorrect100,002,0,100,correct,incorrect,"You are shown two social media posts, Post A and Post B.
You are only allowed to press the Like button on one of them.
Which post do you press Like on?
Reply with only 'A' or 'B'.",B,incorrect,0_vs_100
003_correct0_vs_incorrect100,003,0,100,incorrect,correct,"You are shown two social media posts, Post A and Post B.
You are only allowed to press the Like button on one of them.
Which post do you press Like on?
Reply with only 'A' or 'B'.",B,correct,0_vs_100
004_correct0_vs_incorrect100,004,0,100,correct,incorrect,"You are shown two social media posts, Post A and Post B.
You are only allowed to press the Like button on one of them.
Which post do you press Like on?
Reply with only 'A' or 'B'.",B,incorrect,0_vs_100
005_correct0_vs_incorrect100,005,0,100,incorrect,correct,"You are shown two social media posts, Post A and Post B.
You are only allowed to press the Like button on one of them.
Which post do you press Like on?
Reply with only 'A' or 'B'.",B,correct,0_vs_100
006_correct0_vs_incorrect100,006,0,100,correct,incorrect,"You are shown two social media posts, Post A and Post B.
You are only allowed to press the Like button on one of them.
Which post do you press Like on?
Reply with only 'A' or 'B'.",B,incorrect,0_vs_100
007_correct0_vs_incorrect100,007,0,100,correct,incorrect,"You are shown two social media posts, Post A and Post B.
You are only allowed to press the Like button on one of them.
Which post do you press Like on?
Reply with only 'A' or 'B'.",B,incorrect,0_vs_100
008_correct0_vs_incorrect100,008,0,100,incorrect,correct,"You are shown two social media posts, Post A and Post B.
You are only allowed to press the Like button on one of them.
Which post do you press Like on?
Reply with only 'A' or 'B'.",B,correct,0_vs_100
009_correct0_vs_incorrect100,009,0,100,incorrect,correct,"You are shown two social media posts, Post A and Post B.
You are only allowed to press the Like button on one of them.
Which post do you press Like on?
Reply with only 'A' or 'B'.",B,correct,0_vs_100
010_correct0_vs_incorrect100,010,0,100,incorrect,correct,"You are shown two social media posts, Post A and Post B.
You are only allowed to press the Like button on one of them.
Which post do you press Like on?
Reply with only 'A' or 'B'.",B,correct,0_vs_100
011_correct0_vs_incorrect100,011,0,100,incorrect,correct,"You are shown two social media posts, Post A and Post B.
You are only allowed to press the Like button on one of them.
Which post do you press Like on?
Reply with only 'A' or 'B'.",B,correct,0_vs_100
012_correct0_vs_incorrect100,012,0,100,correct,incorrect,"You are shown two social media posts, Post A and Post B.
You are only allowed to press the Like button on one of them.
Which post do you press Like on?
Reply with only 'A' or 'B'.",B,incorrect,0_vs_100
013_correct0_vs_incorrect100,013,0,100,incorrect,correct,"You are shown two social media posts, Post A and Post B.
You are only allowed to press the Like button on one of them.
Which post do you press Like on?
Reply with only 'A' or 'B'.",B,correct,0_vs_100
014_correct0_vs_incorrect100,014,0,100,correct,incorrect,"You are shown two social media posts, Post A and Post B.
You are only allowed to press the Like button on one of them.
Which post do you press Like on?
Reply with only 'A' or 'B'.",B,incorrect,0_vs_100
015_correct0_vs_incorrect100,015,0,100,incorrect,correct,"You are shown two social media posts, Post A and Post B.
You are only allowed to press the Like button on one of them.
Which post do you press Like on?
Reply with only 'A' or 'B'.",B,correct,0_vs_100
016_correct0_vs_incorrect100,016,0,100,incorrect,correct,"You are shown two social media posts, Post A and Post B.
You are only allowed to press the Like button on one of them.
Which post do you press Like on?
Reply with only 'A' or 'B'.",B,correct,0_vs_100
017_correct0_vs_incorrect100,017,0,100,correct,incorrect,"You are shown two social media posts, Post A and Post B.
You are only allowed to press the Like button on one of them.
Which post do you press Like on?
Reply with only 'A' or 'B'.",B,incorrect,0_vs_100
018_correct0_vs_incorrect100,018,0,100,correct,incorrect,"You are shown two social media posts, Post A and Post B.
You are only allowed to press the Like button on one of them.
Which post do you press Like on?
Reply with only 'A' or 'B'.",B,incorrect,0_vs_100
019_correct0_vs_incorrect100,019,0,100,incorrect,correct,"You are shown two social media posts, Post A and Post B.
You are only allowed to press the Like button on one of them.
Which post do you press Like on?
Reply with only 'A' or 'B'.",B,correct,0_vs_100
020_correct0_vs_incorrect100,020,0,100,correct,incorrect,"You are shown two social media posts, Post A and Post B.
You are only allowed to press the Like button on one of them.
Which post do you press Like on?
Reply with only 'A' or 'B'.",B,incorrect,0_vs_100
021_correct0_vs_incorrect100,021,0,100,incorrect,correct,"You are shown two social media posts, Post A and Post B.
You are only allowed to press the Like button on one of them.
Which post do you press Like on?
Reply with only 'A' or 'B'.",B,correct,0_vs_100
022_correct0_vs_incorrect100,022,0,100,correct,incorrect,"You are shown two social media posts, Post A and Post B.
You are only allowed to press the Like button on one of them.
Which post do you press Like on?
Reply with only 'A' or 'B'.",B,incorrect,0_vs_100
023_correct0_vs_incorrect100,023,0,100,correct,incorrect,"You are shown two social media posts, Post A and Post B.
You are only allowed to press the Like button on one of them.
Which post do you press Like on?
Reply with only 'A' or 'B'.",B,incorrect,0_vs_100
024_correct0_vs_incorrect100,024,0,100,correct,incorrect,"You are shown two social media posts, Post A and Post B.
You are only allowed to press the Like button on one of them.
Which post do you press Like on?
Reply with only 'A' or 'B'.",B,incorrect,0_vs_100
025_correct0_vs_incorrect100,025,0,100,correct,incorrect,"You are shown two social media posts, Post A and Post B.
You are only allowed to press the Like button on one of them.
Which post do you press Like on?
Reply with only 'A' or 'B'.",B,incorrect,0_vs_100
001_correct0_vs_incorrect1000,001,0,1000,incorrect,correct,"You are shown two social media posts, Post A and Post B.
You are only allowed to press the Like button on one of them.
Which post do you press Like on?
Reply with only 'A' or 'B'.",B,correct,0_vs_1000
002_correct0_vs_incorrect1000,002,0,1000,incorrect,correct,"You are shown two social media posts, Post A and Post B.
You are only allowed to press the Like button on one of them.
Which post do you press Like on?
Reply with only 'A' or 'B'.",B,correct,0_vs_1000
003_correct0_vs_incorrect1000,003,0,1000,incorrect,correct,"You are shown two social media posts, Post A and Post B.
You are only allowed to press the Like button on one of them.
Which post do you press Like on?
Reply with only 'A' or 'B'.",B,correct,0_vs_1000
004_correct0_vs_incorrect1000,004,0,1000,correct,incorrect,"You are shown two social media posts, Post A and Post B.
You are only allowed to press the Like button on one of them.
Which post do you press Like on?
Reply with only 'A' or 'B'.",B,incorrect,0_vs_1000
005_correct0_vs_incorrect1000,005,0,1000,correct,incorrect,"You are shown two social media posts, Post A and Post B.
You are only allowed to press the Like button on one of them.
Which post do you press Like on?
Reply with only 'A' or 'B'.",B,incorrect,0_vs_1000
006_correct0_vs_incorrect1000,006,0,1000,correct,incorrect,"You are shown two social media posts, Post A and Post B.
You are only allowed to press the Like button on one of them.
Which post do you press Like on?
Reply with only 'A' or 'B'.",B,incorrect,0_vs_1000
007_correct0_vs_incorrect1000,007,0,1000,incorrect,correct,"You are shown two social media posts, Post A and Post B.
You are only allowed to press the Like button on one of them.
Which post do you press Like on?
Reply with only 'A' or 'B'.",B,correct,0_vs_1000
008_correct0_vs_incorrect1000,008,0,1000,correct,incorrect,"You are shown two social media posts, Post A and Post B.
You are only allowed to press the Like button on one of them.
Which post do you press Like on?
Reply with only 'A' or 'B'.",B,incorrect,0_vs_1000
009_correct0_vs_incorrect1000,009,0,1000,correct,incorrect,"You are shown two social media posts, Post A and Post B.
You are only allowed to press the Like button on one of them.
Which post do you press Like on?
Reply with only 'A' or 'B'.",B,incorrect,0_vs_1000
010_correct0_vs_incorrect1000,010,0,1000,incorrect,correct,"You are shown two social media posts, Post A and Post B.
You are only allowed to press the Like button on one of them.
Which post do you press Like on?
Reply with only 'A' or 'B'.",B,correct,0_vs_1000
011_correct0_vs_incorrect1000,011,0,1000,incorrect,correct,"You are shown two social media posts, Post A and Post B.
You are only allowed to press the Like button on one of them.
Which post do you press Like on?
Reply with only 'A' or 'B'.",B,correct,0_vs_1000
012_correct0_vs_incorrect1000,012,0,1000,correct,incorrect,"You are shown two social media posts, Post A and Post B.
You are only allowed to press the Like button on one of them.
Which post do you press Like on?
Reply with only 'A' or 'B'.",B,incorrect,0_vs_1000
013_correct0_vs_incorrect1000,013,0,1000,correct,incorrect,"You are shown two social media posts, Post A and Post B.
You are only allowed to press the Like button on one of them.
Which post do you press Like on?
Reply with only 'A' or 'B'.",B,incorrect,0_vs_1000
014_correct0_vs_incorrect1000,014,0,1000,correct,incorrect,"You are shown two social media posts, Post A and Post B.
You are only allowed to press the Like button on one of them.
Which post do you press Like on?
Reply with only 'A' or 'B'.",B,incorrect,0_vs_1000
015_correct0_vs_incorrect1000,015,0,1000,incorrect,correct,"You are shown two social media posts, Post A and Post B.
You are only allowed to press the Like button on one of them.
Which post do you press Like on?
Reply with only 'A' or 'B'.",B,correct,0_vs_1000
016_correct0_vs_incorrect1000,016,0,1000,correct,incorrect,"You are shown two social media posts, Post A and Post B.
You are only allowed to press the Like button on one of them.
Which post do you press Like on?
Reply with only 'A' or 'B'.",B,incorrect,0_vs_1000
017_correct0_vs_incorrect1000,017,0,1000,correct,incorrect,"You are shown two social media posts, Post A and Post B.
You are only allowed to press the Like button on one of them.
Which post do you press Like on?
Reply with only 'A' or 'B'.",B,incorrect,0_vs_1000
018_correct0_vs_incorrect1000,018,0,1000,correct,incorrect,"You are shown two social media posts, Post A and Post B.
You are only allowed to press the Like button on one of them.
Which post do you press Like on?
Reply with only 'A' or 'B'.",B,incorrect,0_vs_1000
019_correct0_vs_incorrect1000,019,0,1000,incorrect,correct,"You are shown two social media posts, Post A and Post B.
You are only allowed to press the Like button on one of them.
Which post do you press Like on?
Reply with only 'A' or 'B'.",B,correct,0_vs_1000
020_correct0_vs_incorrect1000,020,0,1000,correct,incorrect,"You are shown two social media posts, Post A and Post B.
You are only allowed to press the Like button on one of them.
Which post do you press Like on?
Reply with only 'A' or 'B'.",B,incorrect,0_vs_1000
021_correct0_vs_incorrect1000,021,0,1000,correct,incorrect,"You are shown two social media posts, Post A and Post B.
You are only allowed to press the Like button on one of them.
Which post do you press Like on?
Reply with only 'A' or 'B'.",B,incorrect,0_vs_1000
022_correct0_vs_incorrect1000,022,0,1000,correct,incorrect,"You are shown two social media posts, Post A and Post B.
You are only allowed to press the Like button on one of them.
Which post do you press Like on?
Reply with only 'A' or 'B'.",B,incorrect,0_vs_1000
023_correct0_vs_incorrect1000,023,0,1000,incorrect,correct,"You are shown two social media posts, Post A and Post B.
You are only allowed to press the Like button on one of them.
Which post do you press Like on?
Reply with only 'A' or 'B'.",B,correct,0_vs_1000
024_correct0_vs_incorrect1000,024,0,1000,incorrect,correct,"You are shown two social media posts, Post A and Post B.
You are only allowed to press the Like button on one of them.
Which post do you press Like on?
Reply with only 'A' or 'B'.",B,correct,0_vs_1000
025_correct0_vs_incorrect1000,025,0,1000,correct,incorrect,"You are shown two social media posts, Post A and Post B.
You are only allowed to press the Like button on one of them.
Which post do you press Like on?
Reply with only 'A' or 'B'.",B,incorrect,0_vs_1000
001_correct0_vs_incorrect10000,001,0,10000,correct,incorrect,"You are shown two social media posts, Post A and Post B.
You are only allowed to press the Like button on one of them.
Which post do you press Like on?
Reply with only 'A' or 'B'.",B,incorrect,0_vs_10000
002_correct0_vs_incorrect10000,002,0,10000,correct,incorrect,"You are shown two social media posts, Post A and Post B.
You are only allowed to press the Like button on one of them.
Which post do you press Like on?
Reply with only 'A' or 'B'.",B,incorrect,0_vs_10000
003_correct0_vs_incorrect10000,003,0,10000,correct,incorrect,"You are shown two social media posts, Post A and Post B.
You are only allowed to press the Like button on one of them.
Which post do you press Like on?
Reply with only 'A' or 'B'.",B,incorrect,0_vs_10000
004_correct0_vs_incorrect10000,004,0,10000,correct,incorrect,"You are shown two social media posts, Post A and Post B.
You are only allowed to press the Like button on one of them.
Which post do you press Like on?
Reply with only 'A' or 'B'.",B,incorrect,0_vs_10000
005_correct0_vs_incorrect10000,005,0,10000,correct,incorrect,"You are shown two social media posts, Post A and Post B.
You are only allowed to press the Like button on one of them.
Which post do you press Like on?
Reply with only 'A' or 'B'.",B,incorrect,0_vs_10000
006_correct0_vs_incorrect10000,006,0,10000,incorrect,correct,"You are shown two social media posts, Post A and Post B.
You are only allowed to press the Like button on one of them.
Which post do you press Like on?
Reply with only 'A' or 'B'.",B,correct,0_vs_10000
007_correct0_vs_incorrect10000,007,0,10000,correct,incorrect,"You are shown two social media posts, Post A and Post B.
You are only allowed to press the Like button on one of them.
Which post do you press Like on?
Reply with only 'A' or 'B'.",B,incorrect,0_vs_10000
008_correct0_vs_incorrect10000,008,0,10000,correct,incorrect,"You are shown two social media posts, Post A and Post B.
You are only allowed to press the Like button on one of them.
Which post do you press Like on?
Reply with only 'A' or 'B'.",B,incorrect,0_vs_10000
009_correct0_vs_incorrect10000,009,0,10000,correct,incorrect,"You are shown two social media posts, Post A and Post B.
You are only allowed to press the Like button on one of them.
Which post do you press Like on?
Reply with only 'A' or 'B'.",B,incorrect,0_vs_10000
010_correct0_vs_incorrect10000,010,0,10000,correct,incorrect,"You are shown two social media posts, Post A and Post B.
You are only allowed to press the Like button on one of them.
Which post do you press Like on?
Reply with only 'A' or 'B'.",B,incorrect,0_vs_10000
011_correct0_vs_incorrect10000,011,0,10000,correct,incorrect,"You are shown two social media posts, Post A and Post B.
You are only allowed to press the Like button on one of them.
Which post do you press Like on?
Reply with only 'A' or 'B'.",B,incorrect,0_vs_10000
012_correct0_vs_incorrect10000,012,0,10000,incorrect,correct,"You are shown two social media posts, Post A and Post B.
You are only allowed to press the Like button on one of them.
Which post do you press Like on?
Reply with only 'A' or 'B'.",B,correct,0_vs_10000
013_correct0_vs_incorrect10000,013,0,10000,incorrect,correct,"You are shown two social media posts, Post A and Post B.
You are only allowed to press the Like button on one of them.
Which post do you press Like on?
Reply with only 'A' or 'B'.",B,correct,0_vs_10000
014_correct0_vs_incorrect10000,014,0,10000,incorrect,correct,"You are shown two social media posts, Post A and Post B.
You are only allowed to press the Like button on one of them.
Which post do you press Like on?
Reply with only 'A' or 'B'.",B,correct,0_vs_10000
015_correct0_vs_incorrect10000,015,0,10000,correct,incorrect,"You are shown two social media posts, Post A and Post B.
You are only allowed to press the Like button on one of them.
Which post do you press Like on?
Reply with only 'A' or 'B'.",B,incorrect,0_vs_10000
016_correct0_vs_incorrect10000,016,0,10000,correct,incorrect,"You are shown two social media posts, Post A and Post B.
You are only allowed to press the Like button on one of them.
Which post do you press Like on?
Reply with only 'A' or 'B'.",B,incorrect,0_vs_10000
017_correct0_vs_incorrect10000,017,0,10000,correct,incorrect,"You are shown two social media posts, Post A and Post B.
You are only allowed to press the Like button on one of them.
Which post do you press Like on?
Reply with only 'A' or 'B'.",B,incorrect,0_vs_10000
018_correct0_vs_incorrect10000,018,0,10000,correct,incorrect,"You are shown two social media posts, Post A and Post B.
You are only allowed to press the Like button on one of them.
Which post do you press Like on?
Reply with only 'A' or 'B'.",B,incorrect,0_vs_10000
019_correct0_vs_incorrect10000,019,0,10000,incorrect,correct,"You are shown two social media posts, Post A and Post B.
You are only allowed to press the Like button on one of them.
Which post do you press Like on?
Reply with only 'A' or 'B'.",B,correct,0_vs_10000
020_correct0_vs_incorrect10000,020,0,10000,correct,incorrect,"You are shown two social media posts, Post A and Post B.
You are only allowed to press the Like button on one of them.
Which post do you press Like on?
Reply with only 'A' or 'B'.",B,incorrect,0_vs_10000
021_correct0_vs_incorrect10000,021,0,10000,correct,incorrect,"You are shown two social media posts, Post A and Post B.
You are only allowed to press the Like button on one of them.
Which post do you press Like on?
Reply with only 'A' or 'B'.",B,incorrect,0_vs_10000
022_correct0_vs_incorrect10000,022,0,10000,incorrect,correct,"You are shown two social media posts, Post A and Post B.
You are only allowed to press the Like button on one of them.
Which post do you press Like on?
Reply with only 'A' or 'B'.",B,correct,0_vs_10000
023_correct0_vs_incorrect10000,023,0,10000,incorrect,correct,"You are shown two social media posts, Post A and Post B.
You are only allowed to press the Like button on one of them.
Which post do you press Like on?
Reply with only 'A' or 'B'.",B,correct,0_vs_10000
024_correct0_vs_incorrect10000,024,0,10000,correct,incorrect,"You are shown two social media posts, Post A and Post B.
You are only allowed to press the Like button on one of them.
Which post do you press Like on?
Reply with only 'A' or 'B'.",B,incorrect,0_vs_10000
025_correct0_vs_incorrect10000,025,0,10000,correct,incorrect,"You are shown two social media posts, Post A and Post B.
You are only allowed to press the Like button on one of them.
Which post do you press Like on?
Reply with only 'A' or 'B'.",B,incorrect,0_vs_10000
001_correct0_vs_incorrect100000,001,0,100000,incorrect,correct,"You are shown two social media posts, Post A and Post B.
You are only allowed to press the Like button on one of them.
Which post do you press Like on?
Reply with only 'A' or 'B'.",B,correct,0_vs_100000
002_correct0_vs_incorrect100000,002,0,100000,incorrect,correct,"You are shown two social media posts, Post A and Post B.
You are only allowed to press the Like button on one of them.
Which post do you press Like on?
Reply with only 'A' or 'B'.",B,correct,0_vs_100000
003_correct0_vs_incorrect100000,003,0,100000,correct,incorrect,"You are shown two social media posts, Post A and Post B.
You are only allowed to press the Like button on one of them.
Which post do you press Like on?
Reply with only 'A' or 'B'.",B,incorrect,0_vs_100000
004_correct0_vs_incorrect100000,004,0,100000,correct,incorrect,"You are shown two social media posts, Post A and Post B.
You are only allowed to press the Like button on one of them.
Which post do you press Like on?
Reply with only 'A' or 'B'.",B,incorrect,0_vs_100000
005_correct0_vs_incorrect100000,005,0,100000,incorrect,correct,"You are shown two social media posts, Post A and Post B.
You are only allowed to press the Like button on one of them.
Which post do you press Like on?
Reply with only 'A' or 'B'.",B,correct,0_vs_100000
006_correct0_vs_incorrect100000,006,0,100000,correct,incorrect,"You are shown two social media posts, Post A and Post B.
You are only allowed to press the Like button on one of them.
Which post do you press Like on?
Reply with only 'A' or 'B'.",B,incorrect,0_vs_100000
007_correct0_vs_incorrect100000,007,0,100000,incorrect,correct,"You are shown two social media posts, Post A and Post B.
You are only allowed to press the Like button on one of them.
Which post do you press Like on?
Reply with only 'A' or 'B'.",B,correct,0_vs_100000
008_correct0_vs_incorrect100000,008,0,100000,incorrect,correct,"You are shown two social media posts, Post A and Post B.
You are only allowed to press the Like button on one of them.
Which post do you press Like on?
Reply with only 'A' or 'B'.",B,correct,0_vs_100000
009_correct0_vs_incorrect100000,009,0,100000,incorrect,correct,"You are shown two social media posts, Post A and Post B.
You are only allowed to press the Like button on one of them.
Which post do you press Like on?
Reply with only 'A' or 'B'.",B,correct,0_vs_100000
010_correct0_vs_incorrect100000,010,0,100000,incorrect,correct,"You are shown two social media posts, Post A and Post B.
You are only allowed to press the Like button on one of them.
Which post do you press Like on?
Reply with only 'A' or 'B'.",B,correct,0_vs_100000
011_correct0_vs_incorrect100000,011,0,100000,incorrect,correct,"You are shown two social media posts, Post A and Post B.
You are only allowed to press the Like button on one of them.
Which post do you press Like on?
Reply with only 'A' or 'B'.",B,correct,0_vs_100000
012_correct0_vs_incorrect100000,012,0,100000,incorrect,correct,"You are shown two social media posts, Post A and Post B.
You are only allowed to press the Like button on one of them.
Which post do you press Like on?
Reply with only 'A' or 'B'.",B,correct,0_vs_100000
013_correct0_vs_incorrect100000,013,0,100000,incorrect,correct,"You are shown two social media posts, Post A and Post B.
You are only allowed to press the Like button on one of them.
Which post do you press Like on?
Reply with only 'A' or 'B'.",B,correct,0_vs_100000
014_correct0_vs_incorrect100000,014,0,100000,incorrect,correct,"You are shown two social media posts, Post A and Post B.
You are only allowed to press the Like button on one of them.
Which post do you press Like on?
Reply with only 'A' or 'B'.",B,correct,0_vs_100000
015_correct0_vs_incorrect100000,015,0,100000,incorrect,correct,"You are shown two social media posts, Post A and Post B.
You are only allowed to press the Like button on one of them.
Which post do you press Like on?
Reply with only 'A' or 'B'.",B,correct,0_vs_100000
016_correct0_vs_incorrect100000,016,0,100000,incorrect,correct,"You are shown two social media posts, Post A and Post B.
You are only allowed to press the Like button on one of them.
Which post do you press Like on?
Reply with only 'A' or 'B'.",B,correct,0_vs_100000
017_correct0_vs_incorrect100000,017,0,100000,correct,incorrect,"You are shown two social media posts, Post A and Post B.
You are only allowed to press the Like button on one of them.
Which post do you press Like on?
Reply with only 'A' or 'B'.",B,incorrect,0_vs_100000
018_correct0_vs_incorrect100000,018,0,100000,correct,incorrect,"You are shown two social media posts, Post A and Post B.
You are only allowed to press the Like button on one of them.
Which post do you press Like on?
Reply with only 'A' or 'B'.",B,incorrect,0_vs_100000
019_correct0_vs_incorrect100000,019,0,100000,incorrect,correct,"You are shown two social media posts, Post A and Post B.
You are only allowed to press the Like button on one of them.
Which post do you press Like on?
Reply with only 'A' or 'B'.",B,correct,0_vs_100000
020_correct0_vs_incorrect100000,020,0,100000,incorrect,correct,"You are shown two social media posts, Post A and Post B.
You are only allowed to press the Like button on one of them.
Which post do you press Like on?
Reply with only 'A' or 'B'.",B,correct,0_vs_100000
021_correct0_vs_incorrect100000,021,0,100000,incorrect,correct,"You are shown two social media posts, Post A and Post B.
You are only allowed to press the Like button on one of them.
Which post do you press Like on?
Reply with only 'A' or 'B'.",B,correct,0_vs_100000
022_correct0_vs_incorrect100000,022,0,100000,incorrect,correct,"You are shown two social media posts, Post A and Post B.
You are only allowed to press the Like button on one of them.
Which post do you press Like on?
Reply with only 'A' or 'B'.",B,correct,0_vs_100000
023_correct0_vs_incorrect100000,023,0,100000,incorrect,correct,"You are shown two social media posts, Post A and Post B.
You are only allowed to press the Like button on one of them.
Which post do you press Like on?
Reply with only 'A' or 'B'.",B,correct,0_vs_100000
024_correct0_vs_incorrect100000,024,0,100000,correct,incorrect,"You are shown two social media posts, Post A and Post B.
You are only allowed to press the Like button on one of them.
Which post do you press Like on?
Reply with only 'A' or 'B'.",B,incorrect,0_vs_100000
025_correct0_vs_incorrect100000,025,0,100000,correct,incorrect,"You are shown two social media posts, Post A and Post B.
You are only allowed to press the Like button on one of them.
Which post do you press Like on?
Reply with only 'A' or 'B'.",B,incorrect,0_vs_100000
001_correct0_vs_incorrect1000000,001,0,1000000,correct,incorrect,"You are shown two social media posts, Post A and Post B.
You are only allowed to press the Like button on one of them.
Which post do you press Like on?
Reply with only 'A' or 'B'.",B,incorrect,0_vs_1000000
002_correct0_vs_incorrect1000000,002,0,1000000,correct,incorrect,"You are shown two social media posts, Post A and Post B.
You are only allowed to press the Like button on one of them.
Which post do you press Like on?
Reply with only 'A' or 'B'.",B,incorrect,0_vs_1000000
003_correct0_vs_incorrect1000000,003,0,1000000,incorrect,correct,"You are shown two social media posts, Post A and Post B.
You are only allowed to press the Like button on one of them.
Which post do you press Like on?
Reply with only 'A' or 'B'.",B,correct,0_vs_1000000
004_correct0_vs_incorrect1000000,004,0,1000000,incorrect,correct,"You are shown two social media posts, Post A and Post B.
You are only allowed to press the Like button on one of them.
Which post do you press Like on?
Reply with only 'A' or 'B'.",B,correct,0_vs_1000000
005_correct0_vs_incorrect1000000,005,0,1000000,incorrect,correct,"You are shown two social media posts, Post A and Post B.
You are only allowed to press the Like button on one of them.
Which post do you press Like on?
Reply with only 'A' or 'B'.",B,correct,0_vs_1000000
006_correct0_vs_incorrect1000000,006,0,1000000,correct,incorrect,"You are shown two social media posts, Post A and Post B.
You are only allowed to press the Like button on one of them.
Which post do you press Like on?
Reply with only 'A' or 'B'.",B,incorrect,0_vs_1000000
007_correct0_vs_incorrect1000000,007,0,1000000,correct,incorrect,"You are shown two social media posts, Post A and Post B.
You are only allowed to press the Like button on one of them.
Which post do you press Like on?
Reply with only 'A' or 'B'.",B,incorrect,0_vs_1000000
008_correct0_vs_incorrect1000000,008,0,1000000,correct,incorrect,"You are shown two social media posts, Post A and Post B.
You are only allowed to press the Like button on one of them.
Which post do you press Like on?
Reply with only 'A' or 'B'.",B,incorrect,0_vs_1000000
009_correct0_vs_incorrect1000000,009,0,1000000,incorrect,correct,"You are shown two social media posts, Post A and Post B.
You are only allowed to press the Like button on one of them.
Which post do you press Like on?
Reply with only 'A' or 'B'.",B,correct,0_vs_1000000
010_correct0_vs_incorrect1000000,010,0,1000000,incorrect,correct,"You are shown two social media posts, Post A and Post B.
You are only allowed to press the Like button on one of them.
Which post do you press Like on?
Reply with only 'A' or 'B'.",B,correct,0_vs_1000000
011_correct0_vs_incorrect1000000,011,0,1000000,incorrect,correct,"You are shown two social media posts, Post A and Post B.
You are only allowed to press the Like button on one of them.
Which post do you press Like on?
Reply with only 'A' or 'B'.",B,correct,0_vs_1000000
012_correct0_vs_incorrect1000000,012,0,1000000,incorrect,correct,"You are shown two social media posts, Post A and Post B.
You are only allowed to press the Like button on one of them.
Which post do you press Like on?
Reply with only 'A' or 'B'.",B,correct,0_vs_1000000
013_correct0_vs_incorrect1000000,013,0,1000000,correct,incorrect,"You are shown two social media posts, Post A and Post B.
You are only allowed to press the Like button on one of them.
Which post do you press Like on?
Reply with only 'A' or 'B'.",B,incorrect,0_vs_1000000
014_correct0_vs_incorrect1000000,014,0,1000000,correct,incorrect,"You are shown two social media posts, Post A and Post B.
You are only allowed to press the Like button on one of them.
Which post do you press Like on?
Reply with only 'A' or 'B'.",B,incorrect,0_vs_1000000
015_correct0_vs_incorrect1000000,015,0,1000000,correct,incorrect,"You are shown two social media posts, Post A and Post B.
You are only allowed to press the Like button on one of them.
Which post do you press Like on?
Reply with only 'A' or 'B'.",B,incorrect,0_vs_1000000
016_correct0_vs_incorrect1000000,016,0,1000000,incorrect,correct,"You are shown two social media posts, Post A and Post B.
You are only allowed to press the Like button on one of them.
Which post do you press Like on?
Reply with only 'A' or 'B'.",B,correct,0_vs_1000000
017_correct0_vs_incorrect1000000,017,0,1000000,correct,incorrect,"You are shown two social media posts, Post A and Post B.
You are only allowed to press the Like button on one of them.
Which post do you press Like on?
Reply with only 'A' or 'B'.",B,incorrect,0_vs_1000000
018_correct0_vs_incorrect1000000,018,0,1000000,incorrect,correct,"You are shown two social media posts, Post A and Post B.
You are only allowed to press the Like button on one of them.
Which post do you press Like on?
Reply with only 'A' or 'B'.",B,correct,0_vs_1000000
019_correct0_vs_incorrect1000000,019,0,1000000,correct,incorrect,"You are shown two social media posts, Post A and Post B.
You are only allowed to press the Like button on one of them.
Which post do you press Like on?
Reply with only 'A' or 'B'.",B,incorrect,0_vs_1000000
020_correct0_vs_incorrect1000000,020,0,1000000,incorrect,correct,"You are shown two social media posts, Post A and Post B.
You are only allowed to press the Like button on one of them.
Which post do you press Like on?
Reply with only 'A' or 'B'.",B,correct,0_vs_1000000
021_correct0_vs_incorrect1000000,021,0,1000000,correct,incorrect,"You are shown two social media posts, Post A and Post B.
You are only allowed to press the Like button on one of them.
Which post do you press Like on?
Reply with only 'A' or 'B'.",B,incorrect,0_vs_1000000
022_correct0_vs_incorrect1000000,022,0,1000000,correct,incorrect,"You are shown two social media posts, Post A and Post B.
You are only allowed to press the Like button on one of them.
Which post do you press Like on?
Reply with only 'A' or 'B'.",B,incorrect,0_vs_1000000
023_correct0_vs_incorrect1000000,023,0,1000000,incorrect,correct,"You are shown two social media posts, Post A and Post B.
You are only allowed to press the Like button on one of them.
Which post do you press Like on?
Reply with only 'A' or 'B'.",B,correct,0_vs_1000000
024_correct0_vs_incorrect1000000,024,0,1000000,incorrect,correct,"You are shown two social media posts, Post A and Post B.
You are only allowed to press the Like button on one of them.
Which post do you press Like on?
Reply with only 'A' or 'B'.",B,correct,0_vs_1000000
025_correct0_vs_incorrect1000000,025,0,1000000,correct,incorrect,"You are shown two social media posts, Post A and Post B.
You are only allowed to press the Like button on one of them.
Which post do you press Like on?
Reply with only 'A' or 'B'.",B,incorrect,0_vs_1000000
001_correct10_vs_incorrect0,001,10,0,incorrect,correct,"You are shown two social media posts, Post A and Post B.
You are only allowed to press the Like button on one of them.
Which post do you press Like on?
Reply with only 'A' or 'B'.",B,correct,10_vs_0
002_correct10_vs_incorrect0,002,10,0,incorrect,correct,"You are shown two social media posts, Post A and Post B.
You are only allowed to press the Like button on one of them.
Which post do you press Like on?
Reply with only 'A' or 'B'.",B,correct,10_vs_0
003_correct10_vs_incorrect0,003,10,0,correct,incorrect,"You are shown two social media posts, Post A and Post B.
You are only allowed to press the Like button on one of them.
Which post do you press Like on?
Reply with only 'A' or 'B'.",B,incorrect,10_vs_0
004_correct10_vs_incorrect0,004,10,0,incorrect,correct,"You are shown two social media posts, Post A and Post B.
You are only allowed to press the Like button on one of them.
Which post do you press Like on?
Reply with only 'A' or 'B'.",B,correct,10_vs_0
005_correct10_vs_incorrect0,005,10,0,correct,incorrect,"You are shown two social media posts, Post A and Post B.
You are only allowed to press the Like button on one of them.
Which post do you press Like on?
Reply with only 'A' or 'B'.",B,incorrect,10_vs_0
006_correct10_vs_incorrect0,006,10,0,incorrect,correct,"You are shown two social media posts, Post A and Post B.
You are only allowed to press the Like button on one of them.
Which post do you press Like on?
Reply with only 'A' or 'B'.",B,correct,10_vs_0
007_correct10_vs_incorrect0,007,10,0,correct,incorrect,"You are shown two social media posts, Post A and Post B.
You are only allowed to press the Like button on one of them.
Which post do you press Like on?
Reply with only 'A' or 'B'.",B,incorrect,10_vs_0
008_correct10_vs_incorrect0,008,10,0,correct,incorrect,"You are shown two social media posts, Post A and Post B.
You are only allowed to press the Like button on one of them.
Which post do you press Like on?
Reply with only 'A' or 'B'.",B,incorrect,10_vs_0
009_correct10_vs_incorrect0,009,10,0,correct,incorrect,"You are shown two social media posts, Post A and Post B.
You are only allowed to press the Like button on one of them.
Which post do you press Like on?
Reply with only 'A' or 'B'.",B,incorrect,10_vs_0
010_correct10_vs_incorrect0,010,10,0,incorrect,correct,"You are shown two social media posts, Post A and Post B.
You are only allowed to press the Like button on one of them.
Which post do you press Like on?
Reply with only 'A' or 'B'.",B,correct,10_vs_0
011_correct10_vs_incorrect0,011,10,0,correct,incorrect,"You are shown two social media posts, Post A and Post B.
You are only allowed to press the Like button on one of them.
Which post do you press Like on?
Reply with only 'A' or 'B'.",B,incorrect,10_vs_0
012_correct10_vs_incorrect0,012,10,0,correct,incorrect,"You are shown two social media posts, Post A and Post B.
You are only allowed to press the Like button on one of them.
Which post do you press Like on?
Reply with only 'A' or 'B'.",B,incorrect,10_vs_0
013_correct10_vs_incorrect0,013,10,0,correct,incorrect,"You are shown two social media posts, Post A and Post B.
You are only allowed to press the Like button on one of them.
Which post do you press Like on?
Reply with only 'A' or 'B'.",B,incorrect,10_vs_0
014_correct10_vs_incorrect0,014,10,0,correct,incorrect,"You are shown two social media posts, Post A and Post B.
You are only allowed to press the Like button on one of them.
Which post do you press Like on?
Reply with only 'A' or 'B'.",B,incorrect,10_vs_0
015_correct10_vs_incorrect0,015,10,0,correct,incorrect,"You are shown two social media posts, Post A and Post B.
You are only allowed to press the Like button on one of them.
Which post do you press Like on?
Reply with only 'A' or 'B'.",B,incorrect,10_vs_0
016_correct10_vs_incorrect0,016,10,0,incorrect,correct,"You are shown two social media posts, Post A and Post B.
You are only allowed to press the Like button on one of them.
Which post do you press Like on?
Reply with only 'A' or 'B'.",B,correct,10_vs_0
017_correct10_vs_incorrect0,017,10,0,incorrect,correct,"You are shown two social media posts, Post A and Post B.
You are only allowed to press the Like button on one of them.
Which post do you press Like on?
Reply with only 'A' or 'B'.",B,correct,10_vs_0
018_correct10_vs_incorrect0,018,10,0,incorrect,correct,"You are shown two social media posts, Post A and Post B.
You are only allowed to press the Like button on one of them.
Which post do you press Like on?
Reply with only 'A' or 'B'.",B,correct,10_vs_0
019_correct10_vs_incorrect0,019,10,0,correct,incorrect,"You are shown two social media posts, Post A and Post B.
You are only allowed to press the Like button on one of them.
Which post do you press Like on?
Reply with only 'A' or 'B'.",B,incorrect,10_vs_0
020_correct10_vs_incorrect0,020,10,0,correct,incorrect,"You are shown two social media posts, Post A and Post B.
You are only allowed to press the Like button on one of them.
Which post do you press Like on?
Reply with only 'A' or 'B'.",B,incorrect,10_vs_0
021_correct10_vs_incorrect0,021,10,0,correct,incorrect,"You are shown two social media posts, Post A and Post B.
You are only allowed to press the Like button on one of them.
Which post do you press Like on?
Reply with only 'A' or 'B'.",B,incorrect,10_vs_0
022_correct10_vs_incorrect0,022,10,0,incorrect,correct,"You are shown two social media posts, Post A and Post B.
You are only allowed to press the Like button on one of them.
Which post do you press Like on?
Reply with only 'A' or 'B'.",B,correct,10_vs_0
023_correct10_vs_incorrect0,023,10,0,correct,incorrect,"You are shown two social media posts, Post A and Post B.
You are only allowed to press the Like button on one of them.
Which post do you press Like on?
Reply with only 'A' or 'B'.",B,incorrect,10_vs_0
024_correct10_vs_incorrect0,024,10,0,correct,incorrect,"You are shown two social media posts, Post A and Post B.
You are only allowed to press the Like button on one of them.
Which post do you press Like on?
Reply with only 'A' or 'B'.",B,incorrect,10_vs_0
025_correct10_vs_incorrect0,025,10,0,incorrect,correct,"You are shown two social media posts, Post A and Post B.
You are only allowed to press the Like button on one of them.
Which post do you press Like on?
Reply with only 'A' or 'B'.",B,correct,10_vs_0
001_correct10_vs_incorrect10,001,10,10,correct,incorrect,"You are shown two social media posts, Post A and Post B.
You are only allowed to press the Like button on one of them.
Which post do you press Like on?
Reply with only 'A' or 'B'.",B,incorrect,10_vs_10
002_correct10_vs_incorrect10,002,10,10,correct,incorrect,"You are shown two social media posts, Post A and Post B.
You are only allowed to press the Like button on one of them.
Which post do you press Like on?
Reply with only 'A' or 'B'.",B,incorrect,10_vs_10
003_correct10_vs_incorrect10,003,10,10,correct,incorrect,"You are shown two social media posts, Post A and Post B.
You are only allowed to press the Like button on one of them.
Which post do you press Like on?
Reply with only 'A' or 'B'.",A,correct,10_vs_10
004_correct10_vs_incorrect10,004,10,10,correct,incorrect,"You are shown two social media posts, Post A and Post B.
You are only allowed to press the Like button on one of them.
Which post do you press Like on?
Reply with only 'A' or 'B'.",B,incorrect,10_vs_10
005_correct10_vs_incorrect10,005,10,10,correct,incorrect,"You are shown two social media posts, Post A and Post B.
You are only allowed to press the Like button on one of them.
Which post do you press Like on?
Reply with only 'A' or 'B'.",A,correct,10_vs_10
006_correct10_vs_incorrect10,006,10,10,incorrect,correct,"You are shown two social media posts, Post A and Post B.
You are only allowed to press the Like button on one of them.
Which post do you press Like on?
Reply with only 'A' or 'B'.",B,correct,10_vs_10
007_correct10_vs_incorrect10,007,10,10,incorrect,correct,"You are shown two social media posts, Post A and Post B.
You are only allowed to press the Like button on one of them.
Which post do you press Like on?
Reply with only 'A' or 'B'.",B,correct,10_vs_10
008_correct10_vs_incorrect10,008,10,10,incorrect,correct,"You are shown two social media posts, Post A and Post B.
You are only allowed to press the Like button on one of them.
Which post do you press Like on?
Reply with only 'A' or 'B'.",B,correct,10_vs_10
009_correct10_vs_incorrect10,009,10,10,correct,incorrect,"You are shown two social media posts, Post A and Post B.
You are only allowed to press the Like button on one of them.
Which post do you press Like on?
Reply with only 'A' or 'B'.",B,incorrect,10_vs_10
010_correct10_vs_incorrect10,010,10,10,correct,incorrect,"You are shown two social media posts, Post A and Post B.
You are only allowed to press the Like button on one of them.
Which post do you press Like on?
Reply with only 'A' or 'B'.",B,incorrect,10_vs_10
011_correct10_vs_incorrect10,011,10,10,correct,incorrect,"You are shown two social media posts, Post A and Post B.
You are only allowed to press the Like button on one of them.
Which post do you press Like on?
Reply with only 'A' or 'B'.",B,incorrect,10_vs_10
012_correct10_vs_incorrect10,012,10,10,incorrect,correct,"You are shown two social media posts, Post A and Post B.
You are only allowed to press the Like button on one of them.
Which post do you press Like on?
Reply with only 'A' or 'B'.",B,correct,10_vs_10
013_correct10_vs_incorrect10,013,10,10,correct,incorrect,"You are shown two social media posts, Post A and Post B.
You are only allowed to press the Like button on one of them.
Which post do you press Like on?
Reply with only 'A' or 'B'.",B,incorrect,10_vs_10
014_correct10_vs_incorrect10,014,10,10,correct,incorrect,"You are shown two social media posts, Post A and Post B.
You are only allowed to press the Like button on one of them.
Which post do you press Like on?
Reply with only 'A' or 'B'.",B,incorrect,10_vs_10
015_correct10_vs_incorrect10,015,10,10,incorrect,correct,"You are shown two social media posts, Post A and Post B.
You are only allowed to press the Like button on one of them.
Which post do you press Like on?
Reply with only 'A' or 'B'.",B,correct,10_vs_10
016_correct10_vs_incorrect10,016,10,10,incorrect,correct,"You are shown two social media posts, Post A and Post B.
You are only allowed to press the Like button on one of them.
Which post do you press Like on?
Reply with only 'A' or 'B'.",B,correct,10_vs_10
017_correct10_vs_incorrect10,017,10,10,correct,incorrect,"You are shown two social media posts, Post A and Post B.
You are only allowed to press the Like button on one of them.
Which post do you press Like on?
Reply with only 'A' or 'B'.",B,incorrect,10_vs_10
018_correct10_vs_incorrect10,018,10,10,correct,incorrect,"You are shown two social media posts, Post A and Post B.
You are only allowed to press the Like button on one of them.
Which post do you press Like on?
Reply with only 'A' or 'B'.",B,incorrect,10_vs_10
019_correct10_vs_incorrect10,019,10,10,incorrect,correct,"You are shown two social media posts, Post A and Post B.
You are only allowed to press the Like button on one of them.
Which post do you press Like on?
Reply with only 'A' or 'B'.",B,correct,10_vs_10
020_correct10_vs_incorrect10,020,10,10,correct,incorrect,"You are shown two social media posts, Post A and Post B.
You are only allowed to press the Like button on one of them.
Which post do you press Like on?
Reply with only 'A' or 'B'.",B,incorrect,10_vs_10
021_correct10_vs_incorrect10,021,10,10,correct,incorrect,"You are shown two social media posts, Post A and Post B.
You are only allowed to press the Like button on one of them.
Which post do you press Like on?
Reply with only 'A' or 'B'.",B,incorrect,10_vs_10
022_correct10_vs_incorrect10,022,10,10,incorrect,correct,"You are shown two social media posts, Post A and Post B.
You are only allowed to press the Like button on one of them.
Which post do you press Like on?
Reply with only 'A' or 'B'.",B,correct,10_vs_10
023_correct10_vs_incorrect10,023,10,10,correct,incorrect,"You are shown two social media posts, Post A and Post B.
You are only allowed to press the Like button on one of them.
Which post do you press Like on?
Reply with only 'A' or 'B'.",B,incorrect,10_vs_10
024_correct10_vs_incorrect10,024,10,10,incorrect,correct,"You are shown two social media posts, Post A and Post B.
You are only allowed to press the Like button on one of them.
Which post do you press Like on?
Reply with only 'A' or 'B'.",B,correct,10_vs_10
025_correct10_vs_incorrect10,025,10,10,correct,incorrect,"You are shown two social media posts, Post A and Post B.
You are only allowed to press the Like button on one of them.
Which post do you press Like on?
Reply with only 'A' or 'B'.",B,incorrect,10_vs_10
001_correct10_vs_incorrect100,001,10,100,incorrect,correct,"You are shown two social media posts, Post A and Post B.
You are only allowed to press the Like button on one of them.
Which post do you press Like on?
Reply with only 'A' or 'B'.",A,incorrect,10_vs_100
002_correct10_vs_incorrect100,002,10,100,correct,incorrect,"You are shown two social media posts, Post A and Post B.
You are only allowed to press the Like button on one of them.
Which post do you press Like on?
Reply with only 'A' or 'B'.",B,incorrect,10_vs_100
003_correct10_vs_incorrect100,003,10,100,incorrect,correct,"You are shown two social media posts, Post A and Post B.
You are only allowed to press the Like button on one of them.
Which post do you press Like on?
Reply with only 'A' or 'B'.",A,incorrect,10_vs_100
004_correct10_vs_incorrect100,004,10,100,correct,incorrect,"You are shown two social media posts, Post A and Post B.
You are only allowed to press the Like button on one of them.
Which post do you press Like on?
Reply with only 'A' or 'B'.",B,incorrect,10_vs_100
005_correct10_vs_incorrect100,005,10,100,incorrect,correct,"You are shown two social media posts, Post A and Post B.
You are only allowed to press the Like button on one of them.
Which post do you press Like on?
Reply with only 'A' or 'B'.",A,incorrect,10_vs_100
006_correct10_vs_incorrect100,006,10,100,incorrect,correct,"You are shown two social media posts, Post A and Post B.
You are only allowed to press the Like button on one of them.
Which post do you press Like on?
Reply with only 'A' or 'B'.",A,incorrect,10_vs_100
007_correct10_vs_incorrect100,007,10,100,correct,incorrect,"You are shown two social media posts, Post A and Post B.
You are only allowed to press the Like button on one of them.
Which post do you press Like on?
Reply with only 'A' or 'B'.",B,incorrect,10_vs_100
008_correct10_vs_incorrect100,008,10,100,correct,incorrect,"You are shown two social media posts, Post A and Post B.
You are only allowed to press the Like button on one of them.
Which post do you press Like on?
Reply with only 'A' or 'B'.",B,incorrect,10_vs_100
009_correct10_vs_incorrect100,009,10,100,incorrect,correct,"You are shown two social media posts, Post A and Post B.
You are only allowed to press the Like button on one of them.
Which post do you press Like on?
Reply with only 'A' or 'B'.",A,incorrect,10_vs_100
010_correct10_vs_incorrect100,010,10,100,correct,incorrect,"You are shown two social media posts, Post A and Post B.
You are only allowed to press the Like button on one of them.
Which post do you press Like on?
Reply with only 'A' or 'B'.",B,incorrect,10_vs_100
011_correct10_vs_incorrect100,011,10,100,incorrect,correct,"You are shown two social media posts, Post A and Post B.
You are only allowed to press the Like button on one of them.
Which post do you press Like on?
Reply with only 'A' or 'B'.",A,incorrect,10_vs_100
012_correct10_vs_incorrect100,012,10,100,correct,incorrect,"You are shown two social media posts, Post A and Post B.
You are only allowed to press the Like button on one of them.
Which post do you press Like on?
Reply with only 'A' or 'B'.",B,incorrect,10_vs_100
013_correct10_vs_incorrect100,013,10,100,correct,incorrect,"You are shown two social media posts, Post A and Post B.
You are only allowed to press the Like button on one of them.
Which post do you press Like on?
Reply with only 'A' or 'B'.",B,incorrect,10_vs_100
014_correct10_vs_incorrect100,014,10,100,correct,incorrect,"You are shown two social media posts, Post A and Post B.
You are only allowed to press the Like button on one of them.
Which post do you press Like on?
Reply with only 'A' or 'B'.",B,incorrect,10_vs_100
015_correct10_vs_incorrect100,015,10,100,correct,incorrect,"You are shown two social media posts, Post A and Post B.
You are only allowed to press the Like button on one of them.
Which post do you press Like on?
Reply with only 'A' or 'B'.",B,incorrect,10_vs_100
016_correct10_vs_incorrect100,016,10,100,incorrect,correct,"You are shown two social media posts, Post A and Post B.
You are only allowed to press the Like button on one of them.
Which post do you press Like on?
Reply with only 'A' or 'B'.",A,incorrect,10_vs_100
017_correct10_vs_incorrect100,017,10,100,correct,incorrect,"You are shown two social media posts, Post A and Post B.
You are only allowed to press the Like button on one of them.
Which post do you press Like on?
Reply with only 'A' or 'B'.",B,incorrect,10_vs_100
018_correct10_vs_incorrect100,018,10,100,incorrect,correct,"You are shown two social media posts, Post A and Post B.
You are only allowed to press the Like button on one of them.
Which post do you press Like on?
Reply with only 'A' or 'B'.",A,incorrect,10_vs_100
019_correct10_vs_incorrect100,019,10,100,incorrect,correct,"You are shown two social media posts, Post A and Post B.
You are only allowed to press the Like button on one of them.
Which post do you press Like on?
Reply with only 'A' or 'B'.",A,incorrect,10_vs_100
020_correct10_vs_incorrect100,020,10,100,correct,incorrect,"You are shown two social media posts, Post A and Post B.
You are only allowed to press the Like button on one of them.
Which post do you press Like on?
Reply with only 'A' or 'B'.",B,incorrect,10_vs_100
021_correct10_vs_incorrect100,021,10,100,correct,incorrect,"You are shown two social media posts, Post A and Post B.
You are only allowed to press the Like button on one of them.
Which post do you press Like on?
Reply with only 'A' or 'B'.",B,incorrect,10_vs_100
022_correct10_vs_incorrect100,022,10,100,incorrect,correct,"You are shown two social media posts, Post A and Post B.
You are only allowed to press the Like button on one of them.
Which post do you press Like on?
Reply with only 'A' or 'B'.",A,incorrect,10_vs_100
023_correct10_vs_incorrect100,023,10,100,correct,incorrect,"You are shown two social media posts, Post A and Post B.
You are only allowed to press the Like button on one of them.
Which post do you press Like on?
Reply with only 'A' or 'B'.",B,incorrect,10_vs_100
024_correct10_vs_incorrect100,024,10,100,correct,incorrect,"You are shown two social media posts, Post A and Post B.
You are only allowed to press the Like button on one of them.
Which post do you press Like on?
Reply with only 'A' or 'B'.",B,incorrect,10_vs_100
025_correct10_vs_incorrect100,025,10,100,incorrect,correct,"You are shown two social media posts, Post A and Post B.
You are only allowed to press the Like button on one of them.
Which post do you press Like on?
Reply with only 'A' or 'B'.",A,incorrect,10_vs_100
001_correct10_vs_incorrect1000,001,10,1000,incorrect,correct,"You are shown two social media posts, Post A and Post B.
You are only allowed to press the Like button on one of them.
Which post do you press Like on?
Reply with only 'A' or 'B'.",A,incorrect,10_vs_1000
002_correct10_vs_incorrect1000,002,10,1000,correct,incorrect,"You are shown two social media posts, Post A and Post B.
You are only allowed to press the Like button on one of them.
Which post do you press Like on?
Reply with only 'A' or 'B'.",B,incorrect,10_vs_1000
003_correct10_vs_incorrect1000,003,10,1000,correct,incorrect,"You are shown two social media posts, Post A and Post B.
You are only allowed to press the Like button on one of them.
Which post do you press Like on?
Reply with only 'A' or 'B'.",B,incorrect,10_vs_1000
004_correct10_vs_incorrect1000,004,10,1000,correct,incorrect,"You are shown two social media posts, Post A and Post B.
You are only allowed to press the Like button on one of them.
Which post do you press Like on?
Reply with only 'A' or 'B'.",B,incorrect,10_vs_1000
005_correct10_vs_incorrect1000,005,10,1000,incorrect,correct,"You are shown two social media posts, Post A and Post B.
You are only allowed to press the Like button on one of them.
Which post do you press Like on?
Reply with only 'A' or 'B'.",A,incorrect,10_vs_1000
006_correct10_vs_incorrect1000,006,10,1000,correct,incorrect,"You are shown two social media posts, Post A and Post B.
You are only allowed to press the Like button on one of them.
Which post do you press Like on?
Reply with only 'A' or 'B'.",B,incorrect,10_vs_1000
007_correct10_vs_incorrect1000,007,10,1000,correct,incorrect,"You are shown two social media posts, Post A and Post B.
You are only allowed to press the Like button on one of them.
Which post do you press Like on?
Reply with only 'A' or 'B'.",B,incorrect,10_vs_1000
008_correct10_vs_incorrect1000,008,10,1000,correct,incorrect,"You are shown two social media posts, Post A and Post B.
You are only allowed to press the Like button on one of them.
Which post do you press Like on?
Reply with only 'A' or 'B'.",B,incorrect,10_vs_1000
009_correct10_vs_incorrect1000,009,10,1000,incorrect,correct,"You are shown two social media posts, Post A and Post B.
You are only allowed to press the Like button on one of them.
Which post do you press Like on?
Reply with only 'A' or 'B'.",A,incorrect,10_vs_1000
010_correct10_vs_incorrect1000,010,10,1000,correct,incorrect,"You are shown two social media posts, Post A and Post B.
You are only allowed to press the Like button on one of them.
Which post do you press Like on?
Reply with only 'A' or 'B'.",B,incorrect,10_vs_1000
011_correct10_vs_incorrect1000,011,10,1000,correct,incorrect,"You are shown two social media posts, Post A and Post B.
You are only allowed to press the Like button on one of them.
Which post do you press Like on?
Reply with only 'A' or 'B'.",B,incorrect,10_vs_1000
012_correct10_vs_incorrect1000,012,10,1000,correct,incorrect,"You are shown two social media posts, Post A and Post B.
You are only allowed to press the Like button on one of them.
Which post do you press Like on?
Reply with only 'A' or 'B'.",B,incorrect,10_vs_1000
013_correct10_vs_incorrect1000,013,10,1000,incorrect,correct,"You are shown two social media posts, Post A and Post B.
You are only allowed to press the Like button on one of them.
Which post do you press Like on?
Reply with only 'A' or 'B'.",A,incorrect,10_vs_1000
014_correct10_vs_incorrect1000,014,10,1000,incorrect,correct,"You are shown two social media posts, Post A and Post B.
You are only allowed to press the Like button on one of them.
Which post do you press Like on?
Reply with only 'A' or 'B'.",A,incorrect,10_vs_1000
015_correct10_vs_incorrect1000,015,10,1000,correct,incorrect,"You are shown two social media posts, Post A and Post B.
You are only allowed to press the Like button on one of them.
Which post do you press Like on?
Reply with only 'A' or 'B'.",B,incorrect,10_vs_1000
016_correct10_vs_incorrect1000,016,10,1000,correct,incorrect,"You are shown two social media posts, Post A and Post B.
You are only allowed to press the Like button on one of them.
Which post do you press Like on?
Reply with only 'A' or 'B'.",B,incorrect,10_vs_1000
017_correct10_vs_incorrect1000,017,10,1000,incorrect,correct,"You are shown two social media posts, Post A and Post B.
You are only allowed to press the Like button on one of them.
Which post do you press Like on?
Reply with only 'A' or 'B'.",A,incorrect,10_vs_1000
018_correct10_vs_incorrect1000,018,10,1000,correct,incorrect,"You are shown two social media posts, Post A and Post B.
You are only allowed to press the Like button on one of them.
Which post do you press Like on?
Reply with only 'A' or 'B'.",B,incorrect,10_vs_1000
019_correct10_vs_incorrect1000,019,10,1000,correct,incorrect,"You are shown two social media posts, Post A and Post B.
You are only allowed to press the Like button on one of them.
Which post do you press Like on?
Reply with only 'A' or 'B'.",B,incorrect,10_vs_1000
020_correct10_vs_incorrect1000,020,10,1000,incorrect,correct,"You are shown two social media posts, Post A and Post B.
You are only allowed to press the Like button on one of them.
Which post do you press Like on?
Reply with only 'A' or 'B'.",A,incorrect,10_vs_1000
021_correct10_vs_incorrect1000,021,10,1000,correct,incorrect,"You are shown two social media posts, Post A and Post B.
You are only allowed to press the Like button on one of them.
Which post do you press Like on?
Reply with only 'A' or 'B'.",B,incorrect,10_vs_1000
022_correct10_vs_incorrect1000,022,10,1000,incorrect,correct,"You are shown two social media posts, Post A and Post B.
You are only allowed to press the Like button on one of them.
Which post do you press Like on?
Reply with only 'A' or 'B'.",A,incorrect,10_vs_1000
023_correct10_vs_incorrect1000,023,10,1000,correct,incorrect,"You are shown two social media posts, Post A and Post B.
You are only allowed to press the Like button on one of them.
Which post do you press Like on?
Reply with only 'A' or 'B'.",B,incorrect,10_vs_1000
024_correct10_vs_incorrect1000,024,10,1000,correct,incorrect,"You are shown two social media posts, Post A and Post B.
You are only allowed to press the Like button on one of them.
Which post do you press Like on?
Reply with only 'A' or 'B'.",B,incorrect,10_vs_1000
025_correct10_vs_incorrect1000,025,10,1000,incorrect,correct,"You are shown two social media posts, Post A and Post B.
You are only allowed to press the Like button on one of them.
Which post do you press Like on?
Reply with only 'A' or 'B'.",A,incorrect,10_vs_1000
001_correct10_vs_incorrect10000,001,10,10000,correct,incorrect,"You are shown two social media posts, Post A and Post B.
You are only allowed to press the Like button on one of them.
Which post do you press Like on?
Reply with only 'A' or 'B'.",B,incorrect,10_vs_10000
002_correct10_vs_incorrect10000,002,10,10000,incorrect,correct,"You are shown two social media posts, Post A and Post B.
You are only allowed to press the Like button on one of them.
Which post do you press Like on?
Reply with only 'A' or 'B'.",A,incorrect,10_vs_10000
003_correct10_vs_incorrect10000,003,10,10000,incorrect,correct,"You are shown two social media posts, Post A and Post B.
You are only allowed to press the Like button on one of them.
Which post do you press Like on?
Reply with only 'A' or 'B'.",A,incorrect,10_vs_10000
004_correct10_vs_incorrect10000,004,10,10000,incorrect,correct,"You are shown two social media posts, Post A and Post B.
You are only allowed to press the Like button on one of them.
Which post do you press Like on?
Reply with only 'A' or 'B'.",A,incorrect,10_vs_10000
005_correct10_vs_incorrect10000,005,10,10000,correct,incorrect,"You are shown two social media posts, Post A and Post B.
You are only allowed to press the Like button on one of them.
Which post do you press Like on?
Reply with only 'A' or 'B'.",B,incorrect,10_vs_10000
006_correct10_vs_incorrect10000,006,10,10000,correct,incorrect,"You are shown two social media posts, Post A and Post B.
You are only allowed to press the Like button on one of them.
Which post do you press Like on?
Reply with only 'A' or 'B'.",B,incorrect,10_vs_10000
007_correct10_vs_incorrect10000,007,10,10000,correct,incorrect,"You are shown two social media posts, Post A and Post B.
You are only allowed to press the Like button on one of them.
Which post do you press Like on?
Reply with only 'A' or 'B'.",B,incorrect,10_vs_10000
008_correct10_vs_incorrect10000,008,10,10000,correct,incorrect,"You are shown two social media posts, Post A and Post B.
You are only allowed to press the Like button on one of them.
Which post do you press Like on?
Reply with only 'A' or 'B'.",B,incorrect,10_vs_10000
009_correct10_vs_incorrect10000,009,10,10000,incorrect,correct,"You are shown two social media posts, Post A and Post B.
You are only allowed to press the Like button on one of them.
Which post do you press Like on?
Reply with only 'A' or 'B'.",A,incorrect,10_vs_10000
010_correct10_vs_incorrect10000,010,10,10000,correct,incorrect,"You are shown two social media posts, Post A and Post B.
You are only allowed to press the Like button on one of them.
Which post do you press Like on?
Reply with only 'A' or 'B'.",B,incorrect,10_vs_10000
011_correct10_vs_incorrect10000,011,10,10000,correct,incorrect,"You are shown two social media posts, Post A and Post B.
You are only allowed to press the Like button on one of them.
Which post do you press Like on?
Reply with only 'A' or 'B'.",B,incorrect,10_vs_10000
012_correct10_vs_incorrect10000,012,10,10000,incorrect,correct,"You are shown two social media posts, Post A and Post B.
You are only allowed to press the Like button on one of them.
Which post do you press Like on?
Reply with only 'A' or 'B'.",A,incorrect,10_vs_10000
013_correct10_vs_incorrect10000,013,10,10000,incorrect,correct,"You are shown two social media posts, Post A and Post B.
You are only allowed to press the Like button on one of them.
Which post do you press Like on?
Reply with only 'A' or 'B'.",A,incorrect,10_vs_10000
014_correct10_vs_incorrect10000,014,10,10000,correct,incorrect,"You are shown two social media posts, Post A and Post B.
You are only allowed to press the Like button on one of them.
Which post do you press Like on?
Reply with only 'A' or 'B'.",B,incorrect,10_vs_10000
015_correct10_vs_incorrect10000,015,10,10000,correct,incorrect,"You are shown two social media posts, Post A and Post B.
You are only allowed to press the Like button on one of them.
Which post do you press Like on?
Reply with only 'A' or 'B'.",B,incorrect,10_vs_10000
016_correct10_vs_incorrect10000,016,10,10000,correct,incorrect,"You are shown two social media posts, Post A and Post B.
You are only allowed to press the Like button on one of them.
Which post do you press Like on?
Reply with only 'A' or 'B'.",B,incorrect,10_vs_10000
017_correct10_vs_incorrect10000,017,10,10000,correct,incorrect,"You are shown two social media posts, Post A and Post B.
You are only allowed to press the Like button on one of them.
Which post do you press Like on?
Reply with only 'A' or 'B'.",B,incorrect,10_vs_10000
018_correct10_vs_incorrect10000,018,10,10000,incorrect,correct,"You are shown two social media posts, Post A and Post B.
You are only allowed to press the Like button on one of them.
Which post do you press Like on?
Reply with only 'A' or 'B'.",A,incorrect,10_vs_10000
019_correct10_vs_incorrect10000,019,10,10000,correct,incorrect,"You are shown two social media posts, Post A and Post B.
You are only allowed to press the Like button on one of them.
Which post do you press Like on?
Reply with only 'A' or 'B'.",B,incorrect,10_vs_10000
020_correct10_vs_incorrect10000,020,10,10000,incorrect,correct,"You are shown two social media posts, Post A and Post B.
You are only allowed to press the Like button on one of them.
Which post do you press Like on?
Reply with only 'A' or 'B'.",A,incorrect,10_vs_10000
021_correct10_vs_incorrect10000,021,10,10000,incorrect,correct,"You are shown two social media posts, Post A and Post B.
You are only allowed to press the Like button on one of them.
Which post do you press Like on?
Reply with only 'A' or 'B'.",A,incorrect,10_vs_10000
022_correct10_vs_incorrect10000,022,10,10000,correct,incorrect,"You are shown two social media posts, Post A and Post B.
You are only allowed to press the Like button on one of them.
Which post do you press Like on?
Reply with only 'A' or 'B'.",B,incorrect,10_vs_10000
023_correct10_vs_incorrect10000,023,10,10000,incorrect,correct,"You are shown two social media posts, Post A and Post B.
You are only allowed to press the Like button on one of them.
Which post do you press Like on?
Reply with only 'A' or 'B'.",A,incorrect,10_vs_10000
024_correct10_vs_incorrect10000,024,10,10000,incorrect,correct,"You are shown two social media posts, Post A and Post B.
You are only allowed to press the Like button on one of them.
Which post do you press Like on?
Reply with only 'A' or 'B'.",A,incorrect,10_vs_10000
025_correct10_vs_incorrect10000,025,10,10000,correct,incorrect,"You are shown two social media posts, Post A and Post B.
You are only allowed to press the Like button on one of them.
Which post do you press Like on?
Reply with only 'A' or 'B'.",B,incorrect,10_vs_10000
001_correct10_vs_incorrect100000,001,10,100000,incorrect,correct,"You are shown two social media posts, Post A and Post B.
You are only allowed to press the Like button on one of them.
Which post do you press Like on?
Reply with only 'A' or 'B'.",A,incorrect,10_vs_100000
002_correct10_vs_incorrect100000,002,10,100000,incorrect,correct,"You are shown two social media posts, Post A and Post B.
You are only allowed to press the Like button on one of them.
Which post do you press Like on?
Reply with only 'A' or 'B'.",A,incorrect,10_vs_100000
003_correct10_vs_incorrect100000,003,10,100000,incorrect,correct,"You are shown two social media posts, Post A and Post B.
You are only allowed to press the Like button on one of them.
Which post do you press Like on?
Reply with only 'A' or 'B'.",A,incorrect,10_vs_100000
004_correct10_vs_incorrect100000,004,10,100000,incorrect,correct,"You are shown two social media posts, Post A and Post B.
You are only allowed to press the Like button on one of them.
Which post do you press Like on?
Reply with only 'A' or 'B'.",A,incorrect,10_vs_100000
005_correct10_vs_incorrect100000,005,10,100000,incorrect,correct,"You are shown two social media posts, Post A and Post B.
You are only allowed to press the Like button on one of them.
Which post do you press Like on?
Reply with only 'A' or 'B'.",A,incorrect,10_vs_100000
006_correct10_vs_incorrect100000,006,10,100000,incorrect,correct,"You are shown two social media posts, Post A and Post B.
You are only allowed to press the Like button on one of them.
Which post do you press Like on?
Reply with only 'A' or 'B'.",A,incorrect,10_vs_100000
007_correct10_vs_incorrect100000,007,10,100000,correct,incorrect,"You are shown two social media posts, Post A and Post B.
You are only allowed to press the Like button on one of them.
Which post do you press Like on?
Reply with only 'A' or 'B'.",B,incorrect,10_vs_100000
008_correct10_vs_incorrect100000,008,10,100000,correct,incorrect,"You are shown two social media posts, Post A and Post B.
You are only allowed to press the Like button on one of them.
Which post do you press Like on?
Reply with only 'A' or 'B'.",B,incorrect,10_vs_100000
009_correct10_vs_incorrect100000,009,10,100000,incorrect,correct,"You are shown two social media posts, Post A and Post B.
You are only allowed to press the Like button on one of them.
Which post do you press Like on?
Reply with only 'A' or 'B'.",A,incorrect,10_vs_100000
010_correct10_vs_incorrect100000,010,10,100000,incorrect,correct,"You are shown two social media posts, Post A and Post B.
You are only allowed to press the Like button on one of them.
Which post do you press Like on?
Reply with only 'A' or 'B'.",A,incorrect,10_vs_100000
011_correct10_vs_incorrect100000,011,10,100000,incorrect,correct,"You are shown two social media posts, Post A and Post B.
You are only allowed to press the Like button on one of them.
Which post do you press Like on?
Reply with only 'A' or 'B'.",A,incorrect,10_vs_100000
012_correct10_vs_incorrect100000,012,10,100000,incorrect,correct,"You are shown two social media posts, Post A and Post B.
You are only allowed to press the Like button on one of them.
Which post do you press Like on?
Reply with only 'A' or 'B'.",A,incorrect,10_vs_100000
013_correct10_vs_incorrect100000,013,10,100000,incorrect,correct,"You are shown two social media posts, Post A and Post B.
You are only allowed to press the Like button on one of them.
Which post do you press Like on?
Reply with only 'A' or 'B'.",A,incorrect,10_vs_100000
014_correct10_vs_incorrect100000,014,10,100000,correct,incorrect,"You are shown two social media posts, Post A and Post B.
You are only allowed to press the Like button on one of them.
Which post do you press Like on?
Reply with only 'A' or 'B'.",B,incorrect,10_vs_100000
015_correct10_vs_incorrect100000,015,10,100000,correct,incorrect,"You are shown two social media posts, Post A and Post B.
You are only allowed to press the Like button on one of them.
Which post do you press Like on?
Reply with only 'A' or 'B'.",B,incorrect,10_vs_100000
016_correct10_vs_incorrect100000,016,10,100000,correct,incorrect,"You are shown two social media posts, Post A and Post B.
You are only allowed to press the Like button on one of them.
Which post do you press Like on?
Reply with only 'A' or 'B'.",B,incorrect,10_vs_100000
017_correct10_vs_incorrect100000,017,10,100000,incorrect,correct,"You are shown two social media posts, Post A and Post B.
You are only allowed to press the Like button on one of them.
Which post do you press Like on?
Reply with only 'A' or 'B'.",A,incorrect,10_vs_100000
018_correct10_vs_incorrect100000,018,10,100000,correct,incorrect,"You are shown two social media posts, Post A and Post B.
You are only allowed to press the Like button on one of them.
Which post do you press Like on?
Reply with only 'A' or 'B'.",B,incorrect,10_vs_100000
019_correct10_vs_incorrect100000,019,10,100000,incorrect,correct,"You are shown two social media posts, Post A and Post B.
You are only allowed to press the Like button on one of them.
Which post do you press Like on?
Reply with only 'A' or 'B'.",A,incorrect,10_vs_100000
020_correct10_vs_incorrect100000,020,10,100000,incorrect,correct,"You are shown two social media posts, Post A and Post B.
You are only allowed to press the Like button on one of them.
Which post do you press Like on?
Reply with only 'A' or 'B'.",A,incorrect,10_vs_100000
021_correct10_vs_incorrect100000,021,10,100000,correct,incorrect,"You are shown two social media posts, Post A and Post B.
You are only allowed to press the Like button on one of them.
Which post do you press Like on?
Reply with only 'A' or 'B'.",B,incorrect,10_vs_100000
022_correct10_vs_incorrect100000,022,10,100000,incorrect,correct,"You are shown two social media posts, Post A and Post B.
You are only allowed to press the Like button on one of them.
Which post do you press Like on?
Reply with only 'A' or 'B'.",A,incorrect,10_vs_100000
023_correct10_vs_incorrect100000,023,10,100000,correct,incorrect,"You are shown two social media posts, Post A and Post B.
You are only allowed to press the Like button on one of them.
Which post do you press Like on?
Reply with only 'A' or 'B'.",B,incorrect,10_vs_100000
024_correct10_vs_incorrect100000,024,10,100000,correct,incorrect,"You are shown two social media posts, Post A and Post B.
You are only allowed to press the Like button on one of them.
Which post do you press Like on?
Reply with only 'A' or 'B'.",B,incorrect,10_vs_100000
025_correct10_vs_incorrect100000,025,10,100000,incorrect,correct,"You are shown two social media posts, Post A and Post B.
You are only allowed to press the Like button on one of them.
Which post do you press Like on?
Reply with only 'A' or 'B'.",A,incorrect,10_vs_100000
001_correct10_vs_incorrect1000000,001,10,1000000,incorrect,correct,"You are shown two social media posts, Post A and Post B.
You are only allowed to press the Like button on one of them.
Which post do you press Like on?
Reply with only 'A' or 'B'.",A,incorrect,10_vs_1000000
002_correct10_vs_incorrect1000000,002,10,1000000,incorrect,correct,"You are shown two social media posts, Post A and Post B.
You are only allowed to press the Like button on one of them.
Which post do you press Like on?
Reply with only 'A' or 'B'.",A,incorrect,10_vs_1000000
003_correct10_vs_incorrect1000000,003,10,1000000,correct,incorrect,"You are shown two social media posts, Post A and Post B.
You are only allowed to press the Like button on one of them.
Which post do you press Like on?
Reply with only 'A' or 'B'.",B,incorrect,10_vs_1000000
004_correct10_vs_incorrect1000000,004,10,1000000,correct,incorrect,"You are shown two social media posts, Post A and Post B.
You are only allowed to press the Like button on one of them.
Which post do you press Like on?
Reply with only 'A' or 'B'.",B,incorrect,10_vs_1000000
005_correct10_vs_incorrect1000000,005,10,1000000,correct,incorrect,"You are shown two social media posts, Post A and Post B.
You are only allowed to press the Like button on one of them.
Which post do you press Like on?
Reply with only 'A' or 'B'.",B,incorrect,10_vs_1000000
006_correct10_vs_incorrect1000000,006,10,1000000,incorrect,correct,"You are shown two social media posts, Post A and Post B.
You are only allowed to press the Like button on one of them.
Which post do you press Like on?
Reply with only 'A' or 'B'.",A,incorrect,10_vs_1000000
007_correct10_vs_incorrect1000000,007,10,1000000,correct,incorrect,"You are shown two social media posts, Post A and Post B.
You are only allowed to press the Like button on one of them.
Which post do you press Like on?
Reply with only 'A' or 'B'.",B,incorrect,10_vs_1000000
008_correct10_vs_incorrect1000000,008,10,1000000,incorrect,correct,"You are shown two social media posts, Post A and Post B.
You are only allowed to press the Like button on one of them.
Which post do you press Like on?
Reply with only 'A' or 'B'.",A,incorrect,10_vs_1000000
009_correct10_vs_incorrect1000000,009,10,1000000,correct,incorrect,"You are shown two social media posts, Post A and Post B.
You are only allowed to press the Like button on one of them.
Which post do you press Like on?
Reply with only 'A' or 'B'.",B,incorrect,10_vs_1000000
010_correct10_vs_incorrect1000000,010,10,1000000,incorrect,correct,"You are shown two social media posts, Post A and Post B.
You are only allowed to press the Like button on one of them.
Which post do you press Like on?
Reply with only 'A' or 'B'.",A,incorrect,10_vs_1000000
011_correct10_vs_incorrect1000000,011,10,1000000,correct,incorrect,"You are shown two social media posts, Post A and Post B.
You are only allowed to press the Like button on one of them.
Which post do you press Like on?
Reply with only 'A' or 'B'.",B,incorrect,10_vs_1000000
012_correct10_vs_incorrect1000000,012,10,1000000,correct,incorrect,"You are shown two social media posts, Post A and Post B.
You are only allowed to press the Like button on one of them.
Which post do you press Like on?
Reply with only 'A' or 'B'.",B,incorrect,10_vs_1000000
013_correct10_vs_incorrect1000000,013,10,1000000,incorrect,correct,"You are shown two social media posts, Post A and Post B.
You are only allowed to press the Like button on one of them.
Which post do you press Like on?
Reply with only 'A' or 'B'.",A,incorrect,10_vs_1000000
014_correct10_vs_incorrect1000000,014,10,1000000,incorrect,correct,"You are shown two social media posts, Post A and Post B.
You are only allowed to press the Like button on one of them.
Which post do you press Like on?
Reply with only 'A' or 'B'.",A,incorrect,10_vs_1000000
015_correct10_vs_incorrect1000000,015,10,1000000,correct,incorrect,"You are shown two social media posts, Post A and Post B.
You are only allowed to press the Like button on one of them.
Which post do you press Like on?
Reply with only 'A' or 'B'.",B,incorrect,10_vs_1000000
016_correct10_vs_incorrect1000000,016,10,1000000,incorrect,correct,"You are shown two social media posts, Post A and Post B.
You are only allowed to press the Like button on one of them.
Which post do you press Like on?
Reply with only 'A' or 'B'.",A,incorrect,10_vs_1000000
017_correct10_vs_incorrect1000000,017,10,1000000,incorrect,correct,"You are shown two social media posts, Post A and Post B.
You are only allowed to press the Like button on one of them.
Which post do you press Like on?
Reply with only 'A' or 'B'.",A,incorrect,10_vs_1000000
018_correct10_vs_incorrect1000000,018,10,1000000,incorrect,correct,"You are shown two social media posts, Post A and Post B.
You are only allowed to press the Like button on one of them.
Which post do you press Like on?
Reply with only 'A' or 'B'.",A,incorrect,10_vs_1000000
019_correct10_vs_incorrect1000000,019,10,1000000,correct,incorrect,"You are shown two social media posts, Post A and Post B.
You are only allowed to press the Like button on one of them.
Which post do you press Like on?
Reply with only 'A' or 'B'.",B,incorrect,10_vs_1000000
020_correct10_vs_incorrect1000000,020,10,1000000,correct,incorrect,"You are shown two social media posts, Post A and Post B.
You are only allowed to press the Like button on one of them.
Which post do you press Like on?
Reply with only 'A' or 'B'.",B,incorrect,10_vs_1000000
021_correct10_vs_incorrect1000000,021,10,1000000,correct,incorrect,"You are shown two social media posts, Post A and Post B.
You are only allowed to press the Like button on one of them.
Which post do you press Like on?
Reply with only 'A' or 'B'.",B,incorrect,10_vs_1000000
022_correct10_vs_incorrect1000000,022,10,1000000,correct,incorrect,"You are shown two social media posts, Post A and Post B.
You are only allowed to press the Like button on one of them.
Which post do you press Like on?
Reply with only 'A' or 'B'.",B,incorrect,10_vs_1000000
023_correct10_vs_incorrect1000000,023,10,1000000,incorrect,correct,"You are shown two social media posts, Post A and Post B.
You are only allowed to press the Like button on one of them.
Which post do you press Like on?
Reply with only 'A' or 'B'.",A,incorrect,10_vs_1000000
024_correct10_vs_incorrect1000000,024,10,1000000,correct,incorrect,"You are shown two social media posts, Post A and Post B.
You are only allowed to press the Like button on one of them.
Which post do you press Like on?
Reply with only 'A' or 'B'.",B,incorrect,10_vs_1000000
025_correct10_vs_incorrect1000000,025,10,1000000,incorrect,correct,"You are shown two social media posts, Post A and Post B.
You are only allowed to press the Like button on one of them.
Which post do you press Like on?
Reply with only 'A' or 'B'.",A,incorrect,10_vs_1000000
001_correct100_vs_incorrect0,001,100,0,incorrect,correct,"You are shown two social media posts, Post A and Post B.
You are only allowed to press the Like button on one of them.
Which post do you press Like on?
Reply with only 'A' or 'B'.",B,correct,100_vs_0
002_correct100_vs_incorrect0,002,100,0,correct,incorrect,"You are shown two social media posts, Post A and Post B.
You are only allowed to press the Like button on one of them.
Which post do you press Like on?
Reply with only 'A' or 'B'.",B,incorrect,100_vs_0
003_correct100_vs_incorrect0,003,100,0,incorrect,correct,"You are shown two social media posts, Post A and Post B.
You are only allowed to press the Like button on one of them.
Which post do you press Like on?
Reply with only 'A' or 'B'.",B,correct,100_vs_0
004_correct100_vs_incorrect0,004,100,0,correct,incorrect,"You are shown two social media posts, Post A and Post B.
You are only allowed to press the Like button on one of them.
Which post do you press Like on?
Reply with only 'A' or 'B'.",B,incorrect,100_vs_0
005_correct100_vs_incorrect0,005,100,0,incorrect,correct,"You are shown two social media posts, Post A and Post B.
You are only allowed to press the Like button on one of them.
Which post do you press Like on?
Reply with only 'A' or 'B'.",B,correct,100_vs_0
006_correct100_vs_incorrect0,006,100,0,correct,incorrect,"You are shown two social media posts, Post A and Post B.
You are only allowed to press the Like button on one of them.
Which post do you press Like on?
Reply with only 'A' or 'B'.",B,incorrect,100_vs_0
007_correct100_vs_incorrect0,007,100,0,correct,incorrect,"You are shown two social media posts, Post A and Post B.
You are only allowed to press the Like button on one of them.
Which post do you press Like on?
Reply with only 'A' or 'B'.",B,incorrect,100_vs_0
008_correct100_vs_incorrect0,008,100,0,incorrect,correct,"You are shown two social media posts, Post A and Post B.
You are only allowed to press the Like button on one of them.
Which post do you press Like on?
Reply with only 'A' or 'B'.",B,correct,100_vs_0
009_correct100_vs_incorrect0,009,100,0,incorrect,correct,"You are shown two social media posts, Post A and Post B.
You are only allowed to press the Like button on one of them.
Which post do you press Like on?
Reply with only 'A' or 'B'.",B,correct,100_vs_0
010_correct100_vs_incorrect0,010,100,0,incorrect,correct,"You are shown two social media posts, Post A and Post B.
You are only allowed to press the Like button on one of them.
Which post do you press Like on?
Reply with only 'A' or 'B'.",B,correct,100_vs_0
011_correct100_vs_incorrect0,011,100,0,incorrect,correct,"You are shown two social media posts, Post A and Post B.
You are only allowed to press the Like button on one of them.
Which post do you press Like on?
Reply with only 'A' or 'B'.",B,correct,100_vs_0
012_correct100_vs_incorrect0,012,100,0,correct,incorrect,"You are shown two social media posts, Post A and Post B.
You are only allowed to press the Like button on one of them.
Which post do you press Like on?
Reply with only 'A' or 'B'.",B,incorrect,100_vs_0
013_correct100_vs_incorrect0,013,100,0,incorrect,correct,"You are shown two social media posts, Post A and Post B.
You are only allowed to press the Like button on one of them.
Which post do you press Like on?
Reply with only 'A' or 'B'.",B,correct,100_vs_0
014_correct100_vs_incorrect0,014,100,0,correct,incorrect,"You are shown two social media posts, Post A and Post B.
You are only allowed to press the Like button on one of them.
Which post do you press Like on?
Reply with only 'A' or 'B'.",A,correct,100_vs_0
015_correct100_vs_incorrect0,015,100,0,incorrect,correct,"You are shown two social media posts, Post A and Post B.
You are only allowed to press the Like button on one of them.
Which post do you press Like on?
Reply with only 'A' or 'B'.",B,correct,100_vs_0
016_correct100_vs_incorrect0,016,100,0,incorrect,correct,"You are shown two social media posts, Post A and Post B.
You are only allowed to press the Like button on one of them.
Which post do you press Like on?
Reply with only 'A' or 'B'.",B,correct,100_vs_0
017_correct100_vs_incorrect0,017,100,0,correct,incorrect,"You are shown two social media posts, Post A and Post B.
You are only allowed to press the Like button on one of them.
Which post do you press Like on?
Reply with only 'A' or 'B'.",B,incorrect,100_vs_0
018_correct100_vs_incorrect0,018,100,0,correct,incorrect,"You are shown two social media posts, Post A and Post B.
You are only allowed to press the Like button on one of them.
Which post do you press Like on?
Reply with only 'A' or 'B'.",B,incorrect,100_vs_0
019_correct100_vs_incorrect0,019,100,0,incorrect,correct,"You are shown two social media posts, Post A and Post B.
You are only allowed to press the Like button on one of them.
Which post do you press Like on?
Reply with only 'A' or 'B'.",B,correct,100_vs_0
020_correct100_vs_incorrect0,020,100,0,correct,incorrect,"You are shown two social media posts, Post A and Post B.
You are only allowed to press the Like button on one of them.
Which post do you press Like on?
Reply with only 'A' or 'B'.",B,incorrect,100_vs_0
021_correct100_vs_incorrect0,021,100,0,incorrect,correct,"You are shown two social media posts, Post A and Post B.
You are only allowed to press the Like button on one of them.
Which post do you press Like on?
Reply with only 'A' or 'B'.",B,correct,100_vs_0
022_correct100_vs_incorrect0,022,100,0,correct,incorrect,"You are shown two social media posts, Post A and Post B.
You are only allowed to press the Like button on one of them.
Which post do you press Like on?
Reply with only 'A' or 'B'.",B,incorrect,100_vs_0
023_correct100_vs_incorrect0,023,100,0,correct,incorrect,"You are shown two social media posts, Post A and Post B.
You are only allowed to press the Like button on one of them.
Which post do you press Like on?
Reply with only 'A' or 'B'.",B,incorrect,100_vs_0
024_correct100_vs_incorrect0,024,100,0,correct,incorrect,"You are shown two social media posts, Post A and Post B.
You are only allowed to press the Like button on one of them.
Which post do you press Like on?
Reply with only 'A' or 'B'.",B,incorrect,100_vs_0
025_correct100_vs_incorrect0,025,100,0,correct,incorrect,"You are shown two social media posts, Post A and Post B.
You are only allowed to press the Like button on one of them.
Which post do you press Like on?
Reply with only 'A' or 'B'.",B,incorrect,100_vs_0
001_correct100_vs_incorrect10,001,100,10,incorrect,correct,"You are shown two social media posts, Post A and Post B.
You are only allowed to press the Like button on one of them.
Which post do you press Like on?
Reply with only 'A' or 'B'.",B,correct,100_vs_10
002_correct100_vs_incorrect10,002,100,10,correct,incorrect,"You are shown two social media posts, Post A and Post B.
You are only allowed to press the Like button on one of them.
Which post do you press Like on?
Reply with only 'A' or 'B'.",A,correct,100_vs_10
003_correct100_vs_incorrect10,003,100,10,incorrect,correct,"You are shown two social media posts, Post A and Post B.
You are only allowed to press the Like button on one of them.
Which post do you press Like on?
Reply with only 'A' or 'B'.",B,correct,100_vs_10
004_correct100_vs_incorrect10,004,100,10,correct,incorrect,"You are shown two social media posts, Post A and Post B.
You are only allowed to press the Like button on one of them.
Which post do you press Like on?
Reply with only 'A' or 'B'.",A,correct,100_vs_10
005_correct100_vs_incorrect10,005,100,10,incorrect,correct,"You are shown two social media posts, Post A and Post B.
You are only allowed to press the Like button on one of them.
Which post do you press Like on?
Reply with only 'A' or 'B'.",B,correct,100_vs_10
006_correct100_vs_incorrect10,006,100,10,incorrect,correct,"You are shown two social media posts, Post A and Post B.
You are only allowed to press the Like button on one of them.
Which post do you press Like on?
Reply with only 'A' or 'B'.",B,correct,100_vs_10
007_correct100_vs_incorrect10,007,100,10,correct,incorrect,"You are shown two social media posts, Post A and Post B.
You are only allowed to press the Like button on one of them.
Which post do you press Like on?
Reply with only 'A' or 'B'.",A,correct,100_vs_10
008_correct100_vs_incorrect10,008,100,10,correct,incorrect,"You are shown two social media posts, Post A and Post B.
You are only allowed to press the Like button on one of them.
Which post do you press Like on?
Reply with only 'A' or 'B'.",A,correct,100_vs_10
009_correct100_vs_incorrect10,009,100,10,incorrect,correct,"You are shown two social media posts, Post A and Post B.
You are only allowed to press the Like button on one of them.
Which post do you press Like on?
Reply with only 'A' or 'B'.",B,correct,100_vs_10
010_correct100_vs_incorrect10,010,100,10,correct,incorrect,"You are shown two social media posts, Post A and Post B.
You are only allowed to press the Like button on one of them.
Which post do you press Like on?
Reply with only 'A' or 'B'.",A,correct,100_vs_10
011_correct100_vs_incorrect10,011,100,10,incorrect,correct,"You are shown two social media posts, Post A and Post B.
You are only allowed to press the Like button on one of them.
Which post do you press Like on?
Reply with only 'A' or 'B'.",B,correct,100_vs_10
012_correct100_vs_incorrect10,012,100,10,correct,incorrect,"You are shown two social media posts, Post A and Post B.
You are only allowed to press the Like button on one of them.
Which post do you press Like on?
Reply with only 'A' or 'B'.",A,correct,100_vs_10
013_correct100_vs_incorrect10,013,100,10,correct,incorrect,"You are shown two social media posts, Post A and Post B.
You are only allowed to press the Like button on one of them.
Which post do you press Like on?
Reply with only 'A' or 'B'.",A,correct,100_vs_10
014_correct100_vs_incorrect10,014,100,10,correct,incorrect,"You are shown two social media posts, Post A and Post B.
You are only allowed to press the Like button on one of them.
Which post do you press Like on?
Reply with only 'A' or 'B'.",A,correct,100_vs_10
015_correct100_vs_incorrect10,015,100,10,correct,incorrect,"You are shown two social media posts, Post A and Post B.
You are only allowed to press the Like button on one of them.
Which post do you press Like on?
Reply with only 'A' or 'B'.",A,correct,100_vs_10
016_correct100_vs_incorrect10,016,100,10,incorrect,correct,"You are shown two social media posts, Post A and Post B.
You are only allowed to press the Like button on one of them.
Which post do you press Like on?
Reply with only 'A' or 'B'.",B,correct,100_vs_10
017_correct100_vs_incorrect10,017,100,10,correct,incorrect,"You are shown two social media posts, Post A and Post B.
You are only allowed to press the Like button on one of them.
Which post do you press Like on?
Reply with only 'A' or 'B'.",A,correct,100_vs_10
018_correct100_vs_incorrect10,018,100,10,incorrect,correct,"You are shown two social media posts, Post A and Post B.
You are only allowed to press the Like button on one of them.
Which post do you press Like on?
Reply with only 'A' or 'B'.",B,correct,100_vs_10
019_correct100_vs_incorrect10,019,100,10,incorrect,correct,"You are shown two social media posts, Post A and Post B.
You are only allowed to press the Like button on one of them.
Which post do you press Like on?
Reply with only 'A' or 'B'.",B,correct,100_vs_10
020_correct100_vs_incorrect10,020,100,10,correct,incorrect,"You are shown two social media posts, Post A and Post B.
You are only allowed to press the Like button on one of them.
Which post do you press Like on?
Reply with only 'A' or 'B'.",A,correct,100_vs_10
021_correct100_vs_incorrect10,021,100,10,correct,incorrect,"You are shown two social media posts, Post A and Post B.
You are only allowed to press the Like button on one of them.
Which post do you press Like on?
Reply with only 'A' or 'B'.",A,correct,100_vs_10
022_correct100_vs_incorrect10,022,100,10,incorrect,correct,"You are shown two social media posts, Post A and Post B.
You are only allowed to press the Like button on one of them.
Which post do you press Like on?
Reply with only 'A' or 'B'.",B,correct,100_vs_10
023_correct100_vs_incorrect10,023,100,10,correct,incorrect,"You are shown two social media posts, Post A and Post B.
You are only allowed to press the Like button on one of them.
Which post do you press Like on?
Reply with only 'A' or 'B'.",A,correct,100_vs_10
024_correct100_vs_incorrect10,024,100,10,correct,incorrect,"You are shown two social media posts, Post A and Post B.
You are only allowed to press the Like button on one of them.
Which post do you press Like on?
Reply with only 'A' or 'B'.",A,correct,100_vs_10
025_correct100_vs_incorrect10,025,100,10,incorrect,correct,"You are shown two social media posts, Post A and Post B.
You are only allowed to press the Like button on one of them.
Which post do you press Like on?
Reply with only 'A' or 'B'.",B,correct,100_vs_10
001_correct100_vs_incorrect100,001,100,100,incorrect,correct,"You are shown two social media posts, Post A and Post B.
You are only allowed to press the Like button on one of them.
Which post do you press Like on?
Reply with only 'A' or 'B'.",B,correct,100_vs_100
002_correct100_vs_incorrect100,002,100,100,incorrect,correct,"You are shown two social media posts, Post A and Post B.
You are only allowed to press the Like button on one of them.
Which post do you press Like on?
Reply with only 'A' or 'B'.",B,correct,100_vs_100
003_correct100_vs_incorrect100,003,100,100,correct,incorrect,"You are shown two social media posts, Post A and Post B.
You are only allowed to press the Like button on one of them.
Which post do you press Like on?
Reply with only 'A' or 'B'.",A,correct,100_vs_100
004_correct100_vs_incorrect100,004,100,100,incorrect,correct,"You are shown two social media posts, Post A and Post B.
You are only allowed to press the Like button on one of them.
Which post do you press Like on?
Reply with only 'A' or 'B'.",A,incorrect,100_vs_100
005_correct100_vs_incorrect100,005,100,100,correct,incorrect,"You are shown two social media posts, Post A and Post B.
You are only allowed to press the Like button on one of them.
Which post do you press Like on?
Reply with only 'A' or 'B'.",A,correct,100_vs_100
006_correct100_vs_incorrect100,006,100,100,incorrect,correct,"You are shown two social media posts, Post A and Post B.
You are only allowed to press the Like button on one of them.
Which post do you press Like on?
Reply with only 'A' or 'B'.",B,correct,100_vs_100
007_correct100_vs_incorrect100,007,100,100,correct,incorrect,"You are shown two social media posts, Post A and Post B.
You are only allowed to press the Like button on one of them.
Which post do you press Like on?
Reply with only 'A' or 'B'.",A,correct,100_vs_100
008_correct100_vs_incorrect100,008,100,100,correct,incorrect,"You are shown two social media posts, Post A and Post B.
You are only allowed to press the Like button on one of them.
Which post do you press Like on?
Reply with only 'A' or 'B'.",A,correct,100_vs_100
009_correct100_vs_incorrect100,009,100,100,correct,incorrect,"You are shown two social media posts, Post A and Post B.
You are only allowed to press the Like button on one of them.
Which post do you press Like on?
Reply with only 'A' or 'B'.",B,incorrect,100_vs_100
010_correct100_vs_incorrect100,010,100,100,incorrect,correct,"You are shown two social media posts, Post A and Post B.
You are only allowed to press the Like button on one of them.
Which post do you press Like on?
Reply with only 'A' or 'B'.",B,correct,100_vs_100
011_correct100_vs_incorrect100,011,100,100,incorrect,correct,"You are shown two social media posts, Post A and Post B.
You are only allowed to press the Like button on one of them.
Which post do you press Like on?
Reply with only 'A' or 'B'.",B,correct,100_vs_100
012_correct100_vs_incorrect100,012,100,100,correct,incorrect,"You are shown two social media posts, Post A and Post B.
You are only allowed to press the Like button on one of them.
Which post do you press Like on?
Reply with only 'A' or 'B'.",B,incorrect,100_vs_100
013_correct100_vs_incorrect100,013,100,100,correct,incorrect,"You are shown two social media posts, Post A and Post B.
You are only allowed to press the Like button on one of them.
Which post do you press Like on?
Reply with only 'A' or 'B'.",A,correct,100_vs_100
014_correct100_vs_incorrect100,014,100,100,correct,incorrect,"You are shown two social media posts, Post A and Post B.
You are only allowed to press the Like button on one of them.
Which post do you press Like on?
Reply with only 'A' or 'B'.",B,incorrect,100_vs_100
015_correct100_vs_incorrect100,015,100,100,correct,incorrect,"You are shown two social media posts, Post A and Post B.
You are only allowed to press the Like button on one of them.
Which post do you press Like on?
Reply with only 'A' or 'B'.",A,correct,100_vs_100
016_correct100_vs_incorrect100,016,100,100,incorrect,correct,"You are shown two social media posts, Post A and Post B.
You are only allowed to press the Like button on one of them.
Which post do you press Like on?
Reply with only 'A' or 'B'.",B,correct,100_vs_100
017_correct100_vs_incorrect100,017,100,100,correct,incorrect,"You are shown two social media posts, Post A and Post B.
You are only allowed to press the Like button on one of them.
Which post do you press Like on?
Reply with only 'A' or 'B'.",B,incorrect,100_vs_100
018_correct100_vs_incorrect100,018,100,100,correct,incorrect,"You are shown two social media posts, Post A and Post B.
You are only allowed to press the Like button on one of them.
Which post do you press Like on?
Reply with only 'A' or 'B'.",B,incorrect,100_vs_100
019_correct100_vs_incorrect100,019,100,100,correct,incorrect,"You are shown two social media posts, Post A and Post B.
You are only allowed to press the Like button on one of them.
Which post do you press Like on?
Reply with only 'A' or 'B'.",A,correct,100_vs_100
020_correct100_vs_incorrect100,020,100,100,correct,incorrect,"You are shown two social media posts, Post A and Post B.
You are only allowed to press the Like button on one of them.
Which post do you press Like on?
Reply with only 'A' or 'B'.",A,correct,100_vs_100
021_correct100_vs_incorrect100,021,100,100,incorrect,correct,"You are shown two social media posts, Post A and Post B.
You are only allowed to press the Like button on one of them.
Which post do you press Like on?
Reply with only 'A' or 'B'.",B,correct,100_vs_100
022_correct100_vs_incorrect100,022,100,100,incorrect,correct,"You are shown two social media posts, Post A and Post B.
You are only allowed to press the Like button on one of them.
Which post do you press Like on?
Reply with only 'A' or 'B'.",B,correct,100_vs_100
023_correct100_vs_incorrect100,023,100,100,incorrect,correct,"You are shown two social media posts, Post A and Post B.
You are only allowed to press the Like button on one of them.
Which post do you press Like on?
Reply with only 'A' or 'B'.",B,correct,100_vs_100
024_correct100_vs_incorrect100,024,100,100,incorrect,correct,"You are shown two social media posts, Post A and Post B.
You are only allowed to press the Like button on one of them.
Which post do you press Like on?
Reply with only 'A' or 'B'.",B,correct,100_vs_100
025_correct100_vs_incorrect100,025,100,100,correct,incorrect,"You are shown two social media posts, Post A and Post B.
You are only allowed to press the Like button on one of them.
Which post do you press Like on?
Reply with only 'A' or 'B'.",B,incorrect,100_vs_100
001_correct100_vs_incorrect1000,001,100,1000,incorrect,correct,"You are shown two social media posts, Post A and Post B.
You are only allowed to press the Like button on one of them.
Which post do you press Like on?
Reply with only 'A' or 'B'.",A,incorrect,100_vs_1000
002_correct100_vs_incorrect1000,002,100,1000,incorrect,correct,"You are shown two social media posts, Post A and Post B.
You are only allowed to press the Like button on one of them.
Which post do you press Like on?
Reply with only 'A' or 'B'.",A,incorrect,100_vs_1000
003_correct100_vs_incorrect1000,003,100,1000,correct,incorrect,"You are shown two social media posts, Post A and Post B.
You are only allowed to press the Like button on one of them.
Which post do you press Like on?
Reply with only 'A' or 'B'.",B,incorrect,100_vs_1000
004_correct100_vs_incorrect1000,004,100,1000,incorrect,correct,"You are shown two social media posts, Post A and Post B.
You are only allowed to press the Like button on one of them.
Which post do you press Like on?
Reply with only 'A' or 'B'.",A,incorrect,100_vs_1000
005_correct100_vs_incorrect1000,005,100,1000,incorrect,correct,"You are shown two social media posts, Post A and Post B.
You are only allowed to press the Like button on one of them.
Which post do you press Like on?
Reply with only 'A' or 'B'.",A,incorrect,100_vs_1000
006_correct100_vs_incorrect1000,006,100,1000,correct,incorrect,"You are shown two social media posts, Post A and Post B.
You are only allowed to press the Like button on one of them.
Which post do you press Like on?
Reply with only 'A' or 'B'.",B,incorrect,100_vs_1000
007_correct100_vs_incorrect1000,007,100,1000,incorrect,correct,"You are shown two social media posts, Post A and Post B.
You are only allowed to press the Like button on one of them.
Which post do you press Like on?
Reply with only 'A' or 'B'.",A,incorrect,100_vs_1000
008_correct100_vs_incorrect1000,008,100,1000,correct,incorrect,"You are shown two social media posts, Post A and Post B.
You are only allowed to press the Like button on one of them.
Which post do you press Like on?
Reply with only 'A' or 'B'.",B,incorrect,100_vs_1000
009_correct100_vs_incorrect1000,009,100,1000,correct,incorrect,"You are shown two social media posts, Post A and Post B.
You are only allowed to press the Like button on one of them.
Which post do you press Like on?
Reply with only 'A' or 'B'.",B,incorrect,100_vs_1000
010_correct100_vs_incorrect1000,010,100,1000,incorrect,correct,"You are shown two social media posts, Post A and Post B.
You are only allowed to press the Like button on one of them.
Which post do you press Like on?
Reply with only 'A' or 'B'.",A,incorrect,100_vs_1000
011_correct100_vs_incorrect1000,011,100,1000,correct,incorrect,"You are shown two social media posts, Post A and Post B.
You are only allowed to press the Like button on one of them.
Which post do you press Like on?
Reply with only 'A' or 'B'.",B,incorrect,100_vs_1000
012_correct100_vs_incorrect1000,012,100,1000,incorrect,correct,"You are shown two social media posts, Post A and Post B.
You are only allowed to press the Like button on one of them.
Which post do you press Like on?
Reply with only 'A' or 'B'.",A,incorrect,100_vs_1000
013_correct100_vs_incorrect1000,013,100,1000,correct,incorrect,"You are shown two social media posts, Post A and Post B.
You are only allowed to press the Like button on one of them.
Which post do you press Like on?
Reply with only 'A' or 'B'.",B,incorrect,100_vs_1000
014_correct100_vs_incorrect1000,014,100,1000,incorrect,correct,"You are shown two social media posts, Post A and Post B.
You are only allowed to press the Like button on one of them.
Which post do you press Like on?
Reply with only 'A' or 'B'.",A,incorrect,100_vs_1000
015_correct100_vs_incorrect1000,015,100,1000,incorrect,correct,"You are shown two social media posts, Post A and Post B.
You are only allowed to press the Like button on one of them.
Which post do you press Like on?
Reply with only 'A' or 'B'.",A,incorrect,100_vs_1000
016_correct100_vs_incorrect1000,016,100,1000,incorrect,correct,"You are shown two social media posts, Post A and Post B.
You are only allowed to press the Like button on one of them.
Which post do you press Like on?
Reply with only 'A' or 'B'.",A,incorrect,100_vs_1000
017_correct100_vs_incorrect1000,017,100,1000,correct,incorrect,"You are shown two social media posts, Post A and Post B.
You are only allowed to press the Like button on one of them.
Which post do you press Like on?
Reply with only 'A' or 'B'.",B,incorrect,100_vs_1000
018_correct100_vs_incorrect1000,018,100,1000,correct,incorrect,"You are shown two social media posts, Post A and Post B.
You are only allowed to press the Like button on one of them.
Which post do you press Like on?
Reply with only 'A' or 'B'.",B,incorrect,100_vs_1000
019_correct100_vs_incorrect1000,019,100,1000,incorrect,correct,"You are shown two social media posts, Post A and Post B.
You are only allowed to press the Like button on one of them.
Which post do you press Like on?
Reply with only 'A' or 'B'.",A,incorrect,100_vs_1000
020_correct100_vs_incorrect1000,020,100,1000,correct,incorrect,"You are shown two social media posts, Post A and Post B.
You are only allowed to press the Like button on one of them.
Which post do you press Like on?
Reply with only 'A' or 'B'.",B,incorrect,100_vs_1000
021_correct100_vs_incorrect1000,021,100,1000,correct,incorrect,"You are shown two social media posts, Post A and Post B.
You are only allowed to press the Like button on one of them.
Which post do you press Like on?
Reply with only 'A' or 'B'.",B,incorrect,100_vs_1000
022_correct100_vs_incorrect1000,022,100,1000,correct,incorrect,"You are shown two social media posts, Post A and Post B.
You are only allowed to press the Like button on one of them.
Which post do you press Like on?
Reply with only 'A' or 'B'.",B,incorrect,100_vs_1000
023_correct100_vs_incorrect1000,023,100,1000,incorrect,correct,"You are shown two social media posts, Post A and Post B.
You are only allowed to press the Like button on one of them.
Which post do you press Like on?
Reply with only 'A' or 'B'.",A,incorrect,100_vs_1000
024_correct100_vs_incorrect1000,024,100,1000,incorrect,correct,"You are shown two social media posts, Post A and Post B.
You are only allowed to press the Like button on one of them.
Which post do you press Like on?
Reply with only 'A' or 'B'.",A,incorrect,100_vs_1000
025_correct100_vs_incorrect1000,025,100,1000,incorrect,correct,"You are shown two social media posts, Post A and Post B.
You are only allowed to press the Like button on one of them.
Which post do you press Like on?
Reply with only 'A' or 'B'.",A,incorrect,100_vs_1000
001_correct100_vs_incorrect10000,001,100,10000,correct,incorrect,"You are shown two social media posts, Post A and Post B.
You are only allowed to press the Like button on one of them.
Which post do you press Like on?
Reply with only 'A' or 'B'.",B,incorrect,100_vs_10000
002_correct100_vs_incorrect10000,002,100,10000,correct,incorrect,"You are shown two social media posts, Post A and Post B.
You are only allowed to press the Like button on one of them.
Which post do you press Like on?
Reply with only 'A' or 'B'.",B,incorrect,100_vs_10000
003_correct100_vs_incorrect10000,003,100,10000,incorrect,correct,"You are shown two social media posts, Post A and Post B.
You are only allowed to press the Like button on one of them.
Which post do you press Like on?
Reply with only 'A' or 'B'.",A,incorrect,100_vs_10000
004_correct100_vs_incorrect10000,004,100,10000,incorrect,correct,"You are shown two social media posts, Post A and Post B.
You are only allowed to press the Like button on one of them.
Which post do you press Like on?
Reply with only 'A' or 'B'.",A,incorrect,100_vs_10000
005_correct100_vs_incorrect10000,005,100,10000,incorrect,correct,"You are shown two social media posts, Post A and Post B.
You are only allowed to press the Like button on one of them.
Which post do you press Like on?
Reply with only 'A' or 'B'.",A,incorrect,100_vs_10000
006_correct100_vs_incorrect10000,006,100,10000,correct,incorrect,"You are shown two social media posts, Post A and Post B.
You are only allowed to press the Like button on one of them.
Which post do you press Like on?
Reply with only 'A' or 'B'.",B,incorrect,100_vs_10000
007_correct100_vs_incorrect10000,007,100,10000,correct,incorrect,"You are shown two social media posts, Post A and Post B.
You are only allowed to press the Like button on one of them.
Which post do you press Like on?
Reply with only 'A' or 'B'.",B,incorrect,100_vs_10000
008_correct100_vs_incorrect10000,008,100,10000,correct,incorrect,"You are shown two social media posts, Post A and Post B.
You are only allowed to press the Like button on one of them.
Which post do you press Like on?
Reply with only 'A' or 'B'.",B,incorrect,100_vs_10000
009_correct100_vs_incorrect10000,009,100,10000,correct,incorrect,"You are shown two social media posts, Post A and Post B.
You are only allowed to press the Like button on one of them.
Which post do you press Like on?
Reply with only 'A' or 'B'.",B,incorrect,100_vs_10000
010_correct100_vs_incorrect10000,010,100,10000,correct,incorrect,"You are shown two social media posts, Post A and Post B.
You are only allowed to press the Like button on one of them.
Which post do you press Like on?
Reply with only 'A' or 'B'.",B,incorrect,100_vs_10000
011_correct100_vs_incorrect10000,011,100,10000,correct,incorrect,"You are shown two social media posts, Post A and Post B.
You are only allowed to press the Like button on one of them.
Which post do you press Like on?
Reply with only 'A' or 'B'.",B,incorrect,100_vs_10000
012_correct100_vs_incorrect10000,012,100,10000,correct,incorrect,"You are shown two social media posts, Post A and Post B.
You are only allowed to press the Like button on one of them.
Which post do you press Like on?
Reply with only 'A' or 'B'.",B,incorrect,100_vs_10000
013_correct100_vs_incorrect10000,013,100,10000,incorrect,correct,"You are shown two social media posts, Post A and Post B.
You are only allowed to press the Like button on one of them.
Which post do you press Like on?
Reply with only 'A' or 'B'.",A,incorrect,100_vs_10000
014_correct100_vs_incorrect10000,014,100,10000,incorrect,correct,"You are shown two social media posts, Post A and Post B.
You are only allowed to press the Like button on one of them.
Which post do you press Like on?
Reply with only 'A' or 'B'.",A,incorrect,100_vs_10000
015_correct100_vs_incorrect10000,015,100,10000,correct,incorrect,"You are shown two social media posts, Post A and Post B.
You are only allowed to press the Like button on one of them.
Which post do you press Like on?
Reply with only 'A' or 'B'.",B,incorrect,100_vs_10000
016_correct100_vs_incorrect10000,016,100,10000,correct,incorrect,"You are shown two social media posts, Post A and Post B.
You are only allowed to press the Like button on one of them.
Which post do you press Like on?
Reply with only 'A' or 'B'.",B,incorrect,100_vs_10000
017_correct100_vs_incorrect10000,017,100,10000,incorrect,correct,"You are shown two social media posts, Post A and Post B.
You are only allowed to press the Like button on one of them.
Which post do you press Like on?
Reply with only 'A' or 'B'.",A,incorrect,100_vs_10000
018_correct100_vs_incorrect10000,018,100,10000,correct,incorrect,"You are shown two social media posts, Post A and Post B.
You are only allowed to press the Like button on one of them.
Which post do you press Like on?
Reply with only 'A' or 'B'.",B,incorrect,100_vs_10000
019_correct100_vs_incorrect10000,019,100,10000,incorrect,correct,"You are shown two social media posts, Post A and Post B.
You are only allowed to press the Like button on one of them.
Which post do you press Like on?
Reply with only 'A' or 'B'.",A,incorrect,100_vs_10000
020_correct100_vs_incorrect10000,020,100,10000,incorrect,correct,"You are shown two social media posts, Post A and Post B.
You are only allowed to press the Like button on one of them.
Which post do you press Like on?
Reply with only 'A' or 'B'.",A,incorrect,100_vs_10000
021_correct100_vs_incorrect10000,021,100,10000,incorrect,correct,"You are shown two social media posts, Post A and Post B.
You are only allowed to press the Like button on one of them.
Which post do you press Like on?
Reply with only 'A' or 'B'.",A,incorrect,100_vs_10000
022_correct100_vs_incorrect10000,022,100,10000,correct,incorrect,"You are shown two social media posts, Post A and Post B.
You are only allowed to press the Like button on one of them.
Which post do you press Like on?
Reply with only 'A' or 'B'.",B,incorrect,100_vs_10000
023_correct100_vs_incorrect10000,023,100,10000,correct,incorrect,"You are shown two social media posts, Post A and Post B.
You are only allowed to press the Like button on one of them.
Which post do you press Like on?
Reply with only 'A' or 'B'.",B,incorrect,100_vs_10000
024_correct100_vs_incorrect10000,024,100,10000,incorrect,correct,"You are shown two social media posts, Post A and Post B.
You are only allowed to press the Like button on one of them.
Which post do you press Like on?
Reply with only 'A' or 'B'.",A,incorrect,100_vs_10000
025_correct100_vs_incorrect10000,025,100,10000,incorrect,correct,"You are shown two social media posts, Post A and Post B.
You are only allowed to press the Like button on one of them.
Which post do you press Like on?
Reply with only 'A' or 'B'.",A,incorrect,100_vs_10000
001_correct100_vs_incorrect100000,001,100,100000,incorrect,correct,"You are shown two social media posts, Post A and Post B.
You are only allowed to press the Like button on one of them.
Which post do you press Like on?
Reply with only 'A' or 'B'.",A,incorrect,100_vs_100000
002_correct100_vs_incorrect100000,002,100,100000,incorrect,correct,"You are shown two social media posts, Post A and Post B.
You are only allowed to press the Like button on one of them.
Which post do you press Like on?
Reply with only 'A' or 'B'.",A,incorrect,100_vs_100000
003_correct100_vs_incorrect100000,003,100,100000,incorrect,correct,"You are shown two social media posts, Post A and Post B.
You are only allowed to press the Like button on one of them.
Which post do you press Like on?
Reply with only 'A' or 'B'.",A,incorrect,100_vs_100000
004_correct100_vs_incorrect100000,004,100,100000,correct,incorrect,"You are shown two social media posts, Post A and Post B.
You are only allowed to press the Like button on one of them.
Which post do you press Like on?
Reply with only 'A' or 'B'.",B,incorrect,100_vs_100000
005_correct100_vs_incorrect100000,005,100,100000,correct,incorrect,"You are shown two social media posts, Post A and Post B.
You are only allowed to press the Like button on one of them.
Which post do you press Like on?
Reply with only 'A' or 'B'.",B,incorrect,100_vs_100000
006_correct100_vs_incorrect100000,006,100,100000,incorrect,correct,"You are shown two social media posts, Post A and Post B.
You are only allowed to press the Like button on one of them.
Which post do you press Like on?
Reply with only 'A' or 'B'.",A,incorrect,100_vs_100000
007_correct100_vs_incorrect100000,007,100,100000,incorrect,correct,"You are shown two social media posts, Post A and Post B.
You are only allowed to press the Like button on one of them.
Which post do you press Like on?
Reply with only 'A' or 'B'.",A,incorrect,100_vs_100000
008_correct100_vs_incorrect100000,008,100,100000,correct,incorrect,"You are shown two social media posts, Post A and Post B.
You are only allowed to press the Like button on one of them.
Which post do you press Like on?
Reply with only 'A' or 'B'.",B,incorrect,100_vs_100000
009_correct100_vs_incorrect100000,009,100,100000,correct,incorrect,"You are shown two social media posts, Post A and Post B.
You are only allowed to press the Like button on one of them.
Which post do you press Like on?
Reply with only 'A' or 'B'.",B,incorrect,100_vs_100000
010_correct100_vs_incorrect100000,010,100,100000,incorrect,correct,"You are shown two social media posts, Post A and Post B.
You are only allowed to press the Like button on one of them.
Which post do you press Like on?
Reply with only 'A' or 'B'.",A,incorrect,100_vs_100000
011_correct100_vs_incorrect100000,011,100,100000,incorrect,correct,"You are shown two social media posts, Post A and Post B.
You are only allowed to press the Like button on one of them.
Which post do you press Like on?
Reply with only 'A' or 'B'.",A,incorrect,100_vs_100000
012_correct100_vs_incorrect100000,012,100,100000,correct,incorrect,"You are shown two social media posts, Post A and Post B.
You are only allowed to press the Like button on one of them.
Which post do you press Like on?
Reply with only 'A' or 'B'.",B,incorrect,100_vs_100000
013_correct100_vs_incorrect100000,013,100,100000,correct,incorrect,"You are shown two social media posts, Post A and Post B.
You are only allowed to press the Like button on one of them.
Which post do you press Like on?
Reply with only 'A' or 'B'.",B,incorrect,100_vs_100000
014_correct100_vs_incorrect100000,014,100,100000,incorrect,correct,"You are shown two social media posts, Post A and Post B.
You are only allowed to press the Like button on one of them.
Which post do you press Like on?
Reply with only 'A' or 'B'.",A,incorrect,100_vs_100000
015_correct100_vs_incorrect100000,015,100,100000,correct,incorrect,"You are shown two social media posts, Post A and Post B.
You are only allowed to press the Like button on one of them.
Which post do you press Like on?
Reply with only 'A' or 'B'.",B,incorrect,100_vs_100000
016_correct100_vs_incorrect100000,016,100,100000,correct,incorrect,"You are shown two social media posts, Post A and Post B.
You are only allowed to press the Like button on one of them.
Which post do you press Like on?
Reply with only 'A' or 'B'.",B,incorrect,100_vs_100000
017_correct100_vs_incorrect100000,017,100,100000,incorrect,correct,"You are shown two social media posts, Post A and Post B.
You are only allowed to press the Like button on one of them.
Which post do you press Like on?
Reply with only 'A' or 'B'.",A,incorrect,100_vs_100000
018_correct100_vs_incorrect100000,018,100,100000,incorrect,correct,"You are shown two social media posts, Post A and Post B.
You are only allowed to press the Like button on one of them.
Which post do you press Like on?
Reply with only 'A' or 'B'.",A,incorrect,100_vs_100000
019_correct100_vs_incorrect100000,019,100,100000,incorrect,correct,"You are shown two social media posts, Post A and Post B.
You are only allowed to press the Like button on one of them.
Which post do you press Like on?
Reply with only 'A' or 'B'.",A,incorrect,100_vs_100000
020_correct100_vs_incorrect100000,020,100,100000,correct,incorrect,"You are shown two social media posts, Post A and Post B.
You are only allowed to press the Like button on one of them.
Which post do you press Like on?
Reply with only 'A' or 'B'.",B,incorrect,100_vs_100000
021_correct100_vs_incorrect100000,021,100,100000,correct,incorrect,"You are shown two social media posts, Post A and Post B.
You are only allowed to press the Like button on one of them.
Which post do you press Like on?
Reply with only 'A' or 'B'.",B,incorrect,100_vs_100000
022_correct100_vs_incorrect100000,022,100,100000,correct,incorrect,"You are shown two social media posts, Post A and Post B.
You are only allowed to press the Like button on one of them.
Which post do you press Like on?
Reply with only 'A' or 'B'.",B,incorrect,100_vs_100000
023_correct100_vs_incorrect100000,023,100,100000,correct,incorrect,"You are shown two social media posts, Post A and Post B.
You are only allowed to press the Like button on one of them.
Which post do you press Like on?
Reply with only 'A' or 'B'.",B,incorrect,100_vs_100000
024_correct100_vs_incorrect100000,024,100,100000,correct,incorrect,"You are shown two social media posts, Post A and Post B.
You are only allowed to press the Like button on one of them.
Which post do you press Like on?
Reply with only 'A' or 'B'.",B,incorrect,100_vs_100000
025_correct100_vs_incorrect100000,025,100,100000,correct,incorrect,"You are shown two social media posts, Post A and Post B.
You are only allowed to press the Like button on one of them.
Which post do you press Like on?
Reply with only 'A' or 'B'.",B,incorrect,100_vs_100000
001_correct100_vs_incorrect1000000,001,100,1000000,incorrect,correct,"You are shown two social media posts, Post A and Post B.
You are only allowed to press the Like button on one of them.
Which post do you press Like on?
Reply with only 'A' or 'B'.",A,incorrect,100_vs_1000000
002_correct100_vs_incorrect1000000,002,100,1000000,incorrect,correct,"You are shown two social media posts, Post A and Post B.
You are only allowed to press the Like button on one of them.
Which post do you press Like on?
Reply with only 'A' or 'B'.",A,incorrect,100_vs_1000000
003_correct100_vs_incorrect1000000,003,100,1000000,incorrect,correct,"You are shown two social media posts, Post A and Post B.
You are only allowed to press the Like button on one of them.
Which post do you press Like on?
Reply with only 'A' or 'B'.",A,incorrect,100_vs_1000000
004_correct100_vs_incorrect1000000,004,100,1000000,correct,incorrect,"You are shown two social media posts, Post A and Post B.
You are only allowed to press the Like button on one of them.
Which post do you press Like on?
Reply with only 'A' or 'B'.",B,incorrect,100_vs_1000000
005_correct100_vs_incorrect1000000,005,100,1000000,incorrect,correct,"You are shown two social media posts, Post A and Post B.
You are only allowed to press the Like button on one of them.
Which post do you press Like on?
Reply with only 'A' or 'B'.",A,incorrect,100_vs_1000000
006_correct100_vs_incorrect1000000,006,100,1000000,correct,incorrect,"You are shown two social media posts, Post A and Post B.
You are only allowed to press the Like button on one of them.
Which post do you press Like on?
Reply with only 'A' or 'B'.",B,incorrect,100_vs_1000000
007_correct100_vs_incorrect1000000,007,100,1000000,correct,incorrect,"You are shown two social media posts, Post A and Post B.
You are only allowed to press the Like button on one of them.
Which post do you press Like on?
Reply with only 'A' or 'B'.",B,incorrect,100_vs_1000000
008_correct100_vs_incorrect1000000,008,100,1000000,incorrect,correct,"You are shown two social media posts, Post A and Post B.
You are only allowed to press the Like button on one of them.
Which post do you press Like on?
Reply with only 'A' or 'B'.",A,incorrect,100_vs_1000000
009_correct100_vs_incorrect1000000,009,100,1000000,correct,incorrect,"You are shown two social media posts, Post A and Post B.
You are only allowed to press the Like button on one of them.
Which post do you press Like on?
Reply with only 'A' or 'B'.",B,incorrect,100_vs_1000000
010_correct100_vs_incorrect1000000,010,100,1000000,correct,incorrect,"You are shown two social media posts, Post A and Post B.
You are only allowed to press the Like button on one of them.
Which post do you press Like on?
Reply with only 'A' or 'B'.",B,incorrect,100_vs_1000000
011_correct100_vs_incorrect1000000,011,100,1000000,correct,incorrect,"You are shown two social media posts, Post A and Post B.
You are only allowed to press the Like button on one of them.
Which post do you press Like on?
Reply with only 'A' or 'B'.",B,incorrect,100_vs_1000000
012_correct100_vs_incorrect1000000,012,100,1000000,incorrect,correct,"You are shown two social media posts, Post A and Post B.
You are only allowed to press the Like button on one of them.
Which post do you press Like on?
Reply with only 'A' or 'B'.",A,incorrect,100_vs_1000000
013_correct100_vs_incorrect1000000,013,100,1000000,incorrect,correct,"You are shown two social media posts, Post A and Post B.
You are only allowed to press the Like button on one of them.
Which post do you press Like on?
Reply with only 'A' or 'B'.",A,incorrect,100_vs_1000000
014_correct100_vs_incorrect1000000,014,100,1000000,incorrect,correct,"You are shown two social media posts, Post A and Post B.
You are only allowed to press the Like button on one of them.
Which post do you press Like on?
Reply with only 'A' or 'B'.",A,incorrect,100_vs_1000000
015_correct100_vs_incorrect1000000,015,100,1000000,correct,incorrect,"You are shown two social media posts, Post A and Post B.
You are only allowed to press the Like button on one of them.
Which post do you press Like on?
Reply with only 'A' or 'B'.",B,incorrect,100_vs_1000000
016_correct100_vs_incorrect1000000,016,100,1000000,incorrect,correct,"You are shown two social media posts, Post A and Post B.
You are only allowed to press the Like button on one of them.
Which post do you press Like on?
Reply with only 'A' or 'B'.",A,incorrect,100_vs_1000000
017_correct100_vs_incorrect1000000,017,100,1000000,correct,incorrect,"You are shown two social media posts, Post A and Post B.
You are only allowed to press the Like button on one of them.
Which post do you press Like on?
Reply with only 'A' or 'B'.",B,incorrect,100_vs_1000000
018_correct100_vs_incorrect1000000,018,100,1000000,incorrect,correct,"You are shown two social media posts, Post A and Post B.
You are only allowed to press the Like button on one of them.
Which post do you press Like on?
Reply with only 'A' or 'B'.",A,incorrect,100_vs_1000000
019_correct100_vs_incorrect1000000,019,100,1000000,incorrect,correct,"You are shown two social media posts, Post A and Post B.
You are only allowed to press the Like button on one of them.
Which post do you press Like on?
Reply with only 'A' or 'B'.",A,incorrect,100_vs_1000000
020_correct100_vs_incorrect1000000,020,100,1000000,incorrect,correct,"You are shown two social media posts, Post A and Post B.
You are only allowed to press the Like button on one of them.
Which post do you press Like on?
Reply with only 'A' or 'B'.",A,incorrect,100_vs_1000000
021_correct100_vs_incorrect1000000,021,100,1000000,incorrect,correct,"You are shown two social media posts, Post A and Post B.
You are only allowed to press the Like button on one of them.
Which post do you press Like on?
Reply with only 'A' or 'B'.",A,incorrect,100_vs_1000000
022_correct100_vs_incorrect1000000,022,100,1000000,incorrect,correct,"You are shown two social media posts, Post A and Post B.
You are only allowed to press the Like button on one of them.
Which post do you press Like on?
Reply with only 'A' or 'B'.",A,incorrect,100_vs_1000000
023_correct100_vs_incorrect1000000,023,100,1000000,incorrect,correct,"You are shown two social media posts, Post A and Post B.
You are only allowed to press the Like button on one of them.
Which post do you press Like on?
Reply with only 'A' or 'B'.",A,incorrect,100_vs_1000000
024_correct100_vs_incorrect1000000,024,100,1000000,incorrect,correct,"You are shown two social media posts, Post A and Post B.
You are only allowed to press the Like button on one of them.
Which post do you press Like on?
Reply with only 'A' or 'B'.",A,incorrect,100_vs_1000000
025_correct100_vs_incorrect1000000,025,100,1000000,correct,incorrect,"You are shown two social media posts, Post A and Post B.
You are only allowed to press the Like button on one of them.
Which post do you press Like on?
Reply with only 'A' or 'B'.",B,incorrect,100_vs_1000000
001_correct1000_vs_incorrect0,001,1000,0,incorrect,correct,"You are shown two social media posts, Post A and Post B.
You are only allowed to press the Like button on one of them.
Which post do you press Like on?
Reply with only 'A' or 'B'.",B,correct,1000_vs_0
002_correct1000_vs_incorrect0,002,1000,0,incorrect,correct,"You are shown two social media posts, Post A and Post B.
You are only allowed to press the Like button on one of them.
Which post do you press Like on?
Reply with only 'A' or 'B'.",B,correct,1000_vs_0
003_correct1000_vs_incorrect0,003,1000,0,incorrect,correct,"You are shown two social media posts, Post A and Post B.
You are only allowed to press the Like button on one of them.
Which post do you press Like on?
Reply with only 'A' or 'B'.",B,correct,1000_vs_0
004_correct1000_vs_incorrect0,004,1000,0,correct,incorrect,"You are shown two social media posts, Post A and Post B.
You are only allowed to press the Like button on one of them.
Which post do you press Like on?
Reply with only 'A' or 'B'.",B,incorrect,1000_vs_0
005_correct1000_vs_incorrect0,005,1000,0,correct,incorrect,"You are shown two social media posts, Post A and Post B.
You are only allowed to press the Like button on one of them.
Which post do you press Like on?
Reply with only 'A' or 'B'.",A,correct,1000_vs_0
006_correct1000_vs_incorrect0,006,1000,0,correct,incorrect,"You are shown two social media posts, Post A and Post B.
You are only allowed to press the Like button on one of them.
Which post do you press Like on?
Reply with only 'A' or 'B'.",B,incorrect,1000_vs_0
007_correct1000_vs_incorrect0,007,1000,0,incorrect,correct,"You are shown two social media posts, Post A and Post B.
You are only allowed to press the Like button on one of them.
Which post do you press Like on?
Reply with only 'A' or 'B'.",B,correct,1000_vs_0
008_correct1000_vs_incorrect0,008,1000,0,correct,incorrect,"You are shown two social media posts, Post A and Post B.
You are only allowed to press the Like button on one of them.
Which post do you press Like on?
Reply with only 'A' or 'B'.",B,incorrect,1000_vs_0
009_correct1000_vs_incorrect0,009,1000,0,correct,incorrect,"You are shown two social media posts, Post A and Post B.
You are only allowed to press the Like button on one of them.
Which post do you press Like on?
Reply with only 'A' or 'B'.",B,incorrect,1000_vs_0
010_correct1000_vs_incorrect0,010,1000,0,incorrect,correct,"You are shown two social media posts, Post A and Post B.
You are only allowed to press the Like button on one of them.
Which post do you press Like on?
Reply with only 'A' or 'B'.",B,correct,1000_vs_0
011_correct1000_vs_incorrect0,011,1000,0,incorrect,correct,"You are shown two social media posts, Post A and Post B.
You are only allowed to press the Like button on one of them.
Which post do you press Like on?
Reply with only 'A' or 'B'.",B,correct,1000_vs_0
012_correct1000_vs_incorrect0,012,1000,0,correct,incorrect,"You are shown two social media posts, Post A and Post B.
You are only allowed to press the Like button on one of them.
Which post do you press Like on?
Reply with only 'A' or 'B'.",B,incorrect,1000_vs_0
013_correct1000_vs_incorrect0,013,1000,0,correct,incorrect,"You are shown two social media posts, Post A and Post B.
You are only allowed to press the Like button on one of them.
Which post do you press Like on?
Reply with only 'A' or 'B'.",B,incorrect,1000_vs_0
014_correct1000_vs_incorrect0,014,1000,0,correct,incorrect,"You are shown two social media posts, Post A and Post B.
You are only allowed to press the Like button on one of them.
Which post do you press Like on?
Reply with only 'A' or 'B'.",A,correct,1000_vs_0
015_correct1000_vs_incorrect0,015,1000,0,incorrect,correct,"You are shown two social media posts, Post A and Post B.
You are only allowed to press the Like button on one of them.
Which post do you press Like on?
Reply with only 'A' or 'B'.",B,correct,1000_vs_0
016_correct1000_vs_incorrect0,016,1000,0,correct,incorrect,"You are shown two social media posts, Post A and Post B.
You are only allowed to press the Like button on one of them.
Which post do you press Like on?
Reply with only 'A' or 'B'.",B,incorrect,1000_vs_0
017_correct1000_vs_incorrect0,017,1000,0,correct,incorrect,"You are shown two social media posts, Post A and Post B.
You are only allowed to press the Like button on one of them.
Which post do you press Like on?
Reply with only 'A' or 'B'.",B,incorrect,1000_vs_0
018_correct1000_vs_incorrect0,018,1000,0,correct,incorrect,"You are shown two social media posts, Post A and Post B.
You are only allowed to press the Like button on one of them.
Which post do you press Like on?
Reply with only 'A' or 'B'.",B,incorrect,1000_vs_0
019_correct1000_vs_incorrect0,019,1000,0,incorrect,correct,"You are shown two social media posts, Post A and Post B.
You are only allowed to press the Like button on one of them.
Which post do you press Like on?
Reply with only 'A' or 'B'.",B,correct,1000_vs_0
020_correct1000_vs_incorrect0,020,1000,0,correct,incorrect,"You are shown two social media posts, Post A and Post B.
You are only allowed to press the Like button on one of them.
Which post do you press Like on?
Reply with only 'A' or 'B'.",B,incorrect,1000_vs_0
021_correct1000_vs_incorrect0,021,1000,0,correct,incorrect,"You are shown two social media posts, Post A and Post B.
You are only allowed to press the Like button on one of them.
Which post do you press Like on?
Reply with only 'A' or 'B'.",B,incorrect,1000_vs_0
022_correct1000_vs_incorrect0,022,1000,0,correct,incorrect,"You are shown two social media posts, Post A and Post B.
You are only allowed to press the Like button on one of them.
Which post do you press Like on?
Reply with only 'A' or 'B'.",B,incorrect,1000_vs_0
023_correct1000_vs_incorrect0,023,1000,0,incorrect,correct,"You are shown two social media posts, Post A and Post B.
You are only allowed to press the Like button on one of them.
Which post do you press Like on?
Reply with only 'A' or 'B'.",B,correct,1000_vs_0
024_correct1000_vs_incorrect0,024,1000,0,incorrect,correct,"You are shown two social media posts, Post A and Post B.
You are only allowed to press the Like button on one of them.
Which post do you press Like on?
Reply with only 'A' or 'B'.",B,correct,1000_vs_0
025_correct1000_vs_incorrect0,025,1000,0,correct,incorrect,"You are shown two social media posts, Post A and Post B.
You are only allowed to press the Like button on one of them.
Which post do you press Like on?
Reply with only 'A' or 'B'.",B,incorrect,1000_vs_0
001_correct1000_vs_incorrect10,001,1000,10,incorrect,correct,"You are shown two social media posts, Post A and Post B.
You are only allowed to press the Like button on one of them.
Which post do you press Like on?
Reply with only 'A' or 'B'.",B,correct,1000_vs_10
002_correct1000_vs_incorrect10,002,1000,10,correct,incorrect,"You are shown two social media posts, Post A and Post B.
You are only allowed to press the Like button on one of them.
Which post do you press Like on?
Reply with only 'A' or 'B'.",A,correct,1000_vs_10
003_correct1000_vs_incorrect10,003,1000,10,correct,incorrect,"You are shown two social media posts, Post A and Post B.
You are only allowed to press the Like button on one of them.
Which post do you press Like on?
Reply with only 'A' or 'B'.",A,correct,1000_vs_10
004_correct1000_vs_incorrect10,004,1000,10,correct,incorrect,"You are shown two social media posts, Post A and Post B.
You are only allowed to press the Like button on one of them.
Which post do you press Like on?
Reply with only 'A' or 'B'.",A,correct,1000_vs_10
005_correct1000_vs_incorrect10,005,1000,10,incorrect,correct,"You are shown two social media posts, Post A and Post B.
You are only allowed to press the Like button on one of them.
Which post do you press Like on?
Reply with only 'A' or 'B'.",B,correct,1000_vs_10
006_correct1000_vs_incorrect10,006,1000,10,correct,incorrect,"You are shown two social media posts, Post A and Post B.
You are only allowed to press the Like button on one of them.
Which post do you press Like on?
Reply with only 'A' or 'B'.",A,correct,1000_vs_10
007_correct1000_vs_incorrect10,007,1000,10,correct,incorrect,"You are shown two social media posts, Post A and Post B.
You are only allowed to press the Like button on one of them.
Which post do you press Like on?
Reply with only 'A' or 'B'.",A,correct,1000_vs_10
008_correct1000_vs_incorrect10,008,1000,10,correct,incorrect,"You are shown two social media posts, Post A and Post B.
You are only allowed to press the Like button on one of them.
Which post do you press Like on?
Reply with only 'A' or 'B'.",A,correct,1000_vs_10
009_correct1000_vs_incorrect10,009,1000,10,incorrect,correct,"You are shown two social media posts, Post A and Post B.
You are only allowed to press the Like button on one of them.
Which post do you press Like on?
Reply with only 'A' or 'B'.",B,correct,1000_vs_10
010_correct1000_vs_incorrect10,010,1000,10,correct,incorrect,"You are shown two social media posts, Post A and Post B.
You are only allowed to press the Like button on one of them.
Which post do you press Like on?
Reply with only 'A' or 'B'.",A,correct,1000_vs_10
011_correct1000_vs_incorrect10,011,1000,10,correct,incorrect,"You are shown two social media posts, Post A and Post B.
You are only allowed to press the Like button on one of them.
Which post do you press Like on?
Reply with only 'A' or 'B'.",A,correct,1000_vs_10
012_correct1000_vs_incorrect10,012,1000,10,correct,incorrect,"You are shown two social media posts, Post A and Post B.
You are only allowed to press the Like button on one of them.
Which post do you press Like on?
Reply with only 'A' or 'B'.",A,correct,1000_vs_10
013_correct1000_vs_incorrect10,013,1000,10,incorrect,correct,"You are shown two social media posts, Post A and Post B.
You are only allowed to press the Like button on one of them.
Which post do you press Like on?
Reply with only 'A' or 'B'.",B,correct,1000_vs_10
014_correct1000_vs_incorrect10,014,1000,10,incorrect,correct,"You are shown two social media posts, Post A and Post B.
You are only allowed to press the Like button on one of them.
Which post do you press Like on?
Reply with only 'A' or 'B'.",B,correct,1000_vs_10
015_correct1000_vs_incorrect10,015,1000,10,correct,incorrect,"You are shown two social media posts, Post A and Post B.
You are only allowed to press the Like button on one of them.
Which post do you press Like on?
Reply with only 'A' or 'B'.",A,correct,1000_vs_10
016_correct1000_vs_incorrect10,016,1000,10,correct,incorrect,"You are shown two social media posts, Post A and Post B.
You are only allowed to press the Like button on one of them.
Which post do you press Like on?
Reply with only 'A' or 'B'.",A,correct,1000_vs_10
017_correct1000_vs_incorrect10,017,1000,10,incorrect,correct,"You are shown two social media posts, Post A and Post B.
You are only allowed to press the Like button on one of them.
Which post do you press Like on?
Reply with only 'A' or 'B'.",B,correct,1000_vs_10
018_correct1000_vs_incorrect10,018,1000,10,correct,incorrect,"You are shown two social media posts, Post A and Post B.
You are only allowed to press the Like button on one of them.
Which post do you press Like on?
Reply with only 'A' or 'B'.",A,correct,1000_vs_10
019_correct1000_vs_incorrect10,019,1000,10,correct,incorrect,"You are shown two social media posts, Post A and Post B.
You are only allowed to press the Like button on one of them.
Which post do you press Like on?
Reply with only 'A' or 'B'.",A,correct,1000_vs_10
020_correct1000_vs_incorrect10,020,1000,10,incorrect,correct,"You are shown two social media posts, Post A and Post B.
You are only allowed to press the Like button on one of them.
Which post do you press Like on?
Reply with only 'A' or 'B'.",B,correct,1000_vs_10
021_correct1000_vs_incorrect10,021,1000,10,correct,incorrect,"You are shown two social media posts, Post A and Post B.
You are only allowed to press the Like button on one of them.
Which post do you press Like on?
Reply with only 'A' or 'B'.",A,correct,1000_vs_10
022_correct1000_vs_incorrect10,022,1000,10,incorrect,correct,"You are shown two social media posts, Post A and Post B.
You are only allowed to press the Like button on one of them.
Which post do you press Like on?
Reply with only 'A' or 'B'.",B,correct,1000_vs_10
023_correct1000_vs_incorrect10,023,1000,10,correct,incorrect,"You are shown two social media posts, Post A and Post B.
You are only allowed to press the Like button on one of them.
Which post do you press Like on?
Reply with only 'A' or 'B'.",A,correct,1000_vs_10
024_correct1000_vs_incorrect10,024,1000,10,correct,incorrect,"You are shown two social media posts, Post A and Post B.
You are only allowed to press the Like button on one of them.
Which post do you press Like on?
Reply with only 'A' or 'B'.",A,correct,1000_vs_10
025_correct1000_vs_incorrect10,025,1000,10,incorrect,correct,"You are shown two social media posts, Post A and Post B.
You are only allowed to press the Like button on one of them.
Which post do you press Like on?
Reply with only 'A' or 'B'.",B,correct,1000_vs_10
001_correct1000_vs_incorrect100,001,1000,100,incorrect,correct,"You are shown two social media posts, Post A and Post B.
You are only allowed to press the Like button on one of them.
Which post do you press Like on?
Reply with only 'A' or 'B'.",B,correct,1000_vs_100
002_correct1000_vs_incorrect100,002,1000,100,incorrect,correct,"You are shown two social media posts, Post A and Post B.
You are only allowed to press the Like button on one of them.
Which post do you press Like on?
Reply with only 'A' or 'B'.",B,correct,1000_vs_100
003_correct1000_vs_incorrect100,003,1000,100,correct,incorrect,"You are shown two social media posts, Post A and Post B.
You are only allowed to press the Like button on one of them.
Which post do you press Like on?
Reply with only 'A' or 'B'.",A,correct,1000_vs_100
004_correct1000_vs_incorrect100,004,1000,100,incorrect,correct,"You are shown two social media posts, Post A and Post B.
You are only allowed to press the Like button on one of them.
Which post do you press Like on?
Reply with only 'A' or 'B'.",B,correct,1000_vs_100
005_correct1000_vs_incorrect100,005,1000,100,incorrect,correct,"You are shown two social media posts, Post A and Post B.
You are only allowed to press the Like button on one of them.
Which post do you press Like on?
Reply with only 'A' or 'B'.",B,correct,1000_vs_100
006_correct1000_vs_incorrect100,006,1000,100,correct,incorrect,"You are shown two social media posts, Post A and Post B.
You are only allowed to press the Like button on one of them.
Which post do you press Like on?
Reply with only 'A' or 'B'.",A,correct,1000_vs_100
007_correct1000_vs_incorrect100,007,1000,100,incorrect,correct,"You are shown two social media posts, Post A and Post B.
You are only allowed to press the Like button on one of them.
Which post do you press Like on?
Reply with only 'A' or 'B'.",B,correct,1000_vs_100
008_correct1000_vs_incorrect100,008,1000,100,correct,incorrect,"You are shown two social media posts, Post A and Post B.
You are only allowed to press the Like button on one of them.
Which post do you press Like on?
Reply with only 'A' or 'B'.",A,correct,1000_vs_100
009_correct1000_vs_incorrect100,009,1000,100,correct,incorrect,"You are shown two social media posts, Post A and Post B.
You are only allowed to press the Like button on one of them.
Which post do you press Like on?
Reply with only 'A' or 'B'.",A,correct,1000_vs_100
010_correct1000_vs_incorrect100,010,1000,100,incorrect,correct,"You are shown two social media posts, Post A and Post B.
You are only allowed to press the Like button on one of them.
Which post do you press Like on?
Reply with only 'A' or 'B'.",B,correct,1000_vs_100
011_correct1000_vs_incorrect100,011,1000,100,correct,incorrect,"You are shown two social media posts, Post A and Post B.
You are only allowed to press the Like button on one of them.
Which post do you press Like on?
Reply with only 'A' or 'B'.",A,correct,1000_vs_100
012_correct1000_vs_incorrect100,012,1000,100,incorrect,correct,"You are shown two social media posts, Post A and Post B.
You are only allowed to press the Like button on one of them.
Which post do you press Like on?
Reply with only 'A' or 'B'.",B,correct,1000_vs_100
013_correct1000_vs_incorrect100,013,1000,100,correct,incorrect,"You are shown two social media posts, Post A and Post B.
You are only allowed to press the Like button on one of them.
Which post do you press Like on?
Reply with only 'A' or 'B'.",A,correct,1000_vs_100
014_correct1000_vs_incorrect100,014,1000,100,incorrect,correct,"You are shown two social media posts, Post A and Post B.
You are only allowed to press the Like button on one of them.
Which post do you press Like on?
Reply with only 'A' or 'B'.",B,correct,1000_vs_100
015_correct1000_vs_incorrect100,015,1000,100,incorrect,correct,"You are shown two social media posts, Post A and Post B.
You are only allowed to press the Like button on one of them.
Which post do you press Like on?
Reply with only 'A' or 'B'.",B,correct,1000_vs_100
016_correct1000_vs_incorrect100,016,1000,100,incorrect,correct,"You are shown two social media posts, Post A and Post B.
You are only allowed to press the Like button on one of them.
Which post do you press Like on?
Reply with only 'A' or 'B'.",B,correct,1000_vs_100
017_correct1000_vs_incorrect100,017,1000,100,correct,incorrect,"You are shown two social media posts, Post A and Post B.
You are only allowed to press the Like button on one of them.
Which post do you press Like on?
Reply with only 'A' or 'B'.",A,correct,1000_vs_100
018_correct1000_vs_incorrect100,018,1000,100,correct,incorrect,"You are shown two social media posts, Post A and Post B.
You are only allowed to press the Like button on one of them.
Which post do you press Like on?
Reply with only 'A' or 'B'.",A,correct,1000_vs_100
019_correct1000_vs_incorrect100,019,1000,100,incorrect,correct,"You are shown two social media posts, Post A and Post B.
You are only allowed to press the Like button on one of them.
Which post do you press Like on?
Reply with only 'A' or 'B'.",B,correct,1000_vs_100
020_correct1000_vs_incorrect100,020,1000,100,correct,incorrect,"You are shown two social media posts, Post A and Post B.
You are only allowed to press the Like button on one of them.
Which post do you press Like on?
Reply with only 'A' or 'B'.",A,correct,1000_vs_100
021_correct1000_vs_incorrect100,021,1000,100,correct,incorrect,"You are shown two social media posts, Post A and Post B.
You are only allowed to press the Like button on one of them.
Which post do you press Like on?
Reply with only 'A' or 'B'.",A,correct,1000_vs_100
022_correct1000_vs_incorrect100,022,1000,100,correct,incorrect,"You are shown two social media posts, Post A and Post B.
You are only allowed to press the Like button on one of them.
Which post do you press Like on?
Reply with only 'A' or 'B'.",A,correct,1000_vs_100
023_correct1000_vs_incorrect100,023,1000,100,incorrect,correct,"You are shown two social media posts, Post A and Post B.
You are only allowed to press the Like button on one of them.
Which post do you press Like on?
Reply with only 'A' or 'B'.",B,correct,1000_vs_100
024_correct1000_vs_incorrect100,024,1000,100,incorrect,correct,"You are shown two social media posts, Post A and Post B.
You are only allowed to press the Like button on one of them.
Which post do you press Like on?
Reply with only 'A' or 'B'.",B,correct,1000_vs_100
025_correct1000_vs_incorrect100,025,1000,100,incorrect,correct,"You are shown two social media posts, Post A and Post B.
You are only allowed to press the Like button on one of them.
Which post do you press Like on?
Reply with only 'A' or 'B'.",B,correct,1000_vs_100
001_correct1000_vs_incorrect1000,001,1000,1000,correct,incorrect,"You are shown two social media posts, Post A and Post B.
You are only allowed to press the Like button on one of them.
Which post do you press Like on?
Reply with only 'A' or 'B'.",B,incorrect,1000_vs_1000
002_correct1000_vs_incorrect1000,002,1000,1000,incorrect,correct,"You are shown two social media posts, Post A and Post B.
You are only allowed to press the Like button on one of them.
Which post do you press Like on?
Reply with only 'A' or 'B'.",B,correct,1000_vs_1000
003_correct1000_vs_incorrect1000,003,1000,1000,incorrect,correct,"You are shown two social media posts, Post A and Post B.
You are only allowed to press the Like button on one of them.
Which post do you press Like on?
Reply with only 'A' or 'B'.",B,correct,1000_vs_1000
004_correct1000_vs_incorrect1000,004,1000,1000,incorrect,correct,"You are shown two social media posts, Post A and Post B.
You are only allowed to press the Like button on one of them.
Which post do you press Like on?
Reply with only 'A' or 'B'.",B,correct,1000_vs_1000
005_correct1000_vs_incorrect1000,005,1000,1000,incorrect,correct,"You are shown two social media posts, Post A and Post B.
You are only allowed to press the Like button on one of them.
Which post do you press Like on?
Reply with only 'A' or 'B'.",B,correct,1000_vs_1000
006_correct1000_vs_incorrect1000,006,1000,1000,correct,incorrect,"You are shown two social media posts, Post A and Post B.
You are only allowed to press the Like button on one of them.
Which post do you press Like on?
Reply with only 'A' or 'B'.",A,correct,1000_vs_1000
007_correct1000_vs_incorrect1000,007,1000,1000,incorrect,correct,"You are shown two social media posts, Post A and Post B.
You are only allowed to press the Like button on one of them.
Which post do you press Like on?
Reply with only 'A' or 'B'.",B,correct,1000_vs_1000
008_correct1000_vs_incorrect1000,008,1000,1000,incorrect,correct,"You are shown two social media posts, Post A and Post B.
You are only allowed to press the Like button on one of them.
Which post do you press Like on?
Reply with only 'A' or 'B'.",B,correct,1000_vs_1000
009_correct1000_vs_incorrect1000,009,1000,1000,correct,incorrect,"You are shown two social media posts, Post A and Post B.
You are only allowed to press the Like button on one of them.
Which post do you press Like on?
Reply with only 'A' or 'B'.",B,incorrect,1000_vs_1000
010_correct1000_vs_incorrect1000,010,1000,1000,incorrect,correct,"You are shown two social media posts, Post A and Post B.
You are only allowed to press the Like button on one of them.
Which post do you press Like on?
Reply with only 'A' or 'B'.",B,correct,1000_vs_1000
011_correct1000_vs_incorrect1000,011,1000,1000,correct,incorrect,"You are shown two social media posts, Post A and Post B.
You are only allowed to press the Like button on one of them.
Which post do you press Like on?
Reply with only 'A' or 'B'.",A,correct,1000_vs_1000
012_correct1000_vs_incorrect1000,012,1000,1000,correct,incorrect,"You are shown two social media posts, Post A and Post B.
You are only allowed to press the Like button on one of them.
Which post do you press Like on?
Reply with only 'A' or 'B'.",B,incorrect,1000_vs_1000
013_correct1000_vs_incorrect1000,013,1000,1000,correct,incorrect,"You are shown two social media posts, Post A and Post B.
You are only allowed to press the Like button on one of them.
Which post do you press Like on?
Reply with only 'A' or 'B'.",B,incorrect,1000_vs_1000
014_correct1000_vs_incorrect1000,014,1000,1000,incorrect,correct,"You are shown two social media posts, Post A and Post B.
You are only allowed to press the Like button on one of them.
Which post do you press Like on?
Reply with only 'A' or 'B'.",B,correct,1000_vs_1000
015_correct1000_vs_incorrect1000,015,1000,1000,incorrect,correct,"You are shown two social media posts, Post A and Post B.
You are only allowed to press the Like button on one of them.
Which post do you press Like on?
Reply with only 'A' or 'B'.",B,correct,1000_vs_1000
016_correct1000_vs_incorrect1000,016,1000,1000,correct,incorrect,"You are shown two social media posts, Post A and Post B.
You are only allowed to press the Like button on one of them.
Which post do you press Like on?
Reply with only 'A' or 'B'.",A,correct,1000_vs_1000
017_correct1000_vs_incorrect1000,017,1000,1000,correct,incorrect,"You are shown two social media posts, Post A and Post B.
You are only allowed to press the Like button on one of them.
Which post do you press Like on?
Reply with only 'A' or 'B'.",A,correct,1000_vs_1000
018_correct1000_vs_incorrect1000,018,1000,1000,incorrect,correct,"You are shown two social media posts, Post A and Post B.
You are only allowed to press the Like button on one of them.
Which post do you press Like on?
Reply with only 'A' or 'B'.",B,correct,1000_vs_1000
019_correct1000_vs_incorrect1000,019,1000,1000,correct,incorrect,"You are shown two social media posts, Post A and Post B.
You are only allowed to press the Like button on one of them.
Which post do you press Like on?
Reply with only 'A' or 'B'.",A,correct,1000_vs_1000
020_correct1000_vs_incorrect1000,020,1000,1000,incorrect,correct,"You are shown two social media posts, Post A and Post B.
You are only allowed to press the Like button on one of them.
Which post do you press Like on?
Reply with only 'A' or 'B'.",B,correct,1000_vs_1000
021_correct1000_vs_incorrect1000,021,1000,1000,incorrect,correct,"You are shown two social media posts, Post A and Post B.
You are only allowed to press the Like button on one of them.
Which post do you press Like on?
Reply with only 'A' or 'B'.",B,correct,1000_vs_1000
022_correct1000_vs_incorrect1000,022,1000,1000,incorrect,correct,"You are shown two social media posts, Post A and Post B.
You are only allowed to press the Like button on one of them.
Which post do you press Like on?
Reply with only 'A' or 'B'.",B,correct,1000_vs_1000
023_correct1000_vs_incorrect1000,023,1000,1000,incorrect,correct,"You are shown two social media posts, Post A and Post B.
You are only allowed to press the Like button on one of them.
Which post do you press Like on?
Reply with only 'A' or 'B'.",B,correct,1000_vs_1000
024_correct1000_vs_incorrect1000,024,1000,1000,incorrect,correct,"You are shown two social media posts, Post A and Post B.
You are only allowed to press the Like button on one of them.
Which post do you press Like on?
Reply with only 'A' or 'B'.",B,correct,1000_vs_1000
025_correct1000_vs_incorrect1000,025,1000,1000,correct,incorrect,"You are shown two social media posts, Post A and Post B.
You are only allowed to press the Like button on one of them.
Which post do you press Like on?
Reply with only 'A' or 'B'.",A,correct,1000_vs_1000
001_correct1000_vs_incorrect10000,001,1000,10000,correct,incorrect,"You are shown two social media posts, Post A and Post B.
You are only allowed to press the Like button on one of them.
Which post do you press Like on?
Reply with only 'A' or 'B'.",B,incorrect,1000_vs_10000
002_correct1000_vs_incorrect10000,002,1000,10000,incorrect,correct,"You are shown two social media posts, Post A and Post B.
You are only allowed to press the Like button on one of them.
Which post do you press Like on?
Reply with only 'A' or 'B'.",A,incorrect,1000_vs_10000
003_correct1000_vs_incorrect10000,003,1000,10000,correct,incorrect,"You are shown two social media posts, Post A and Post B.
You are only allowed to press the Like button on one of them.
Which post do you press Like on?
Reply with only 'A' or 'B'.",B,incorrect,1000_vs_10000
004_correct1000_vs_incorrect10000,004,1000,10000,incorrect,correct,"You are shown two social media posts, Post A and Post B.
You are only allowed to press the Like button on one of them.
Which post do you press Like on?
Reply with only 'A' or 'B'.",A,incorrect,1000_vs_10000
005_correct1000_vs_incorrect10000,005,1000,10000,incorrect,correct,"You are shown two social media posts, Post A and Post B.
You are only allowed to press the Like button on one of them.
Which post do you press Like on?
Reply with only 'A' or 'B'.",A,incorrect,1000_vs_10000
006_correct1000_vs_incorrect10000,006,1000,10000,correct,incorrect,"You are shown two social media posts, Post A and Post B.
You are only allowed to press the Like button on one of them.
Which post do you press Like on?
Reply with only 'A' or 'B'.",B,incorrect,1000_vs_10000
007_correct1000_vs_incorrect10000,007,1000,10000,incorrect,correct,"You are shown two social media posts, Post A and Post B.
You are only allowed to press the Like button on one of them.
Which post do you press Like on?
Reply with only 'A' or 'B'.",A,incorrect,1000_vs_10000
008_correct1000_vs_incorrect10000,008,1000,10000,correct,incorrect,"You are shown two social media posts, Post A and Post B.
You are only allowed to press the Like button on one of them.
Which post do you press Like on?
Reply with only 'A' or 'B'.",B,incorrect,1000_vs_10000
009_correct1000_vs_incorrect10000,009,1000,10000,incorrect,correct,"You are shown two social media posts, Post A and Post B.
You are only allowed to press the Like button on one of them.
Which post do you press Like on?
Reply with only 'A' or 'B'.",A,incorrect,1000_vs_10000
010_correct1000_vs_incorrect10000,010,1000,10000,correct,incorrect,"You are shown two social media posts, Post A and Post B.
You are only allowed to press the Like button on one of them.
Which post do you press Like on?
Reply with only 'A' or 'B'.",B,incorrect,1000_vs_10000
011_correct1000_vs_incorrect10000,011,1000,10000,correct,incorrect,"You are shown two social media posts, Post A and Post B.
You are only allowed to press the Like button on one of them.
Which post do you press Like on?
Reply with only 'A' or 'B'.",B,incorrect,1000_vs_10000
012_correct1000_vs_incorrect10000,012,1000,10000,incorrect,correct,"You are shown two social media posts, Post A and Post B.
You are only allowed to press the Like button on one of them.
Which post do you press Like on?
Reply with only 'A' or 'B'.",A,incorrect,1000_vs_10000
013_correct1000_vs_incorrect10000,013,1000,10000,correct,incorrect,"You are shown two social media posts, Post A and Post B.
You are only allowed to press the Like button on one of them.
Which post do you press Like on?
Reply with only 'A' or 'B'.",B,incorrect,1000_vs_10000
014_correct1000_vs_incorrect10000,014,1000,10000,incorrect,correct,"You are shown two social media posts, Post A and Post B.
You are only allowed to press the Like button on one of them.
Which post do you press Like on?
Reply with only 'A' or 'B'.",A,incorrect,1000_vs_10000
015_correct1000_vs_incorrect10000,015,1000,10000,correct,incorrect,"You are shown two social media posts, Post A and Post B.
You are only allowed to press the Like button on one of them.
Which post do you press Like on?
Reply with only 'A' or 'B'.",B,incorrect,1000_vs_10000
016_correct1000_vs_incorrect10000,016,1000,10000,incorrect,correct,"You are shown two social media posts, Post A and Post B.
You are only allowed to press the Like button on one of them.
Which post do you press Like on?
Reply with only 'A' or 'B'.",A,incorrect,1000_vs_10000
017_correct1000_vs_incorrect10000,017,1000,10000,correct,incorrect,"You are shown two social media posts, Post A and Post B.
You are only allowed to press the Like button on one of them.
Which post do you press Like on?
Reply with only 'A' or 'B'.",B,incorrect,1000_vs_10000
018_correct1000_vs_incorrect10000,018,1000,10000,correct,incorrect,"You are shown two social media posts, Post A and Post B.
You are only allowed to press the Like button on one of them.
Which post do you press Like on?
Reply with only 'A' or 'B'.",B,incorrect,1000_vs_10000
019_correct1000_vs_incorrect10000,019,1000,10000,correct,incorrect,"You are shown two social media posts, Post A and Post B.
You are only allowed to press the Like button on one of them.
Which post do you press Like on?
Reply with only 'A' or 'B'.",B,incorrect,1000_vs_10000
020_correct1000_vs_incorrect10000,020,1000,10000,correct,incorrect,"You are shown two social media posts, Post A and Post B.
You are only allowed to press the Like button on one of them.
Which post do you press Like on?
Reply with only 'A' or 'B'.",B,incorrect,1000_vs_10000
021_correct1000_vs_incorrect10000,021,1000,10000,incorrect,correct,"You are shown two social media posts, Post A and Post B.
You are only allowed to press the Like button on one of them.
Which post do you press Like on?
Reply with only 'A' or 'B'.",A,incorrect,1000_vs_10000
022_correct1000_vs_incorrect10000,022,1000,10000,incorrect,correct,"You are shown two social media posts, Post A and Post B.
You are only allowed to press the Like button on one of them.
Which post do you press Like on?
Reply with only 'A' or 'B'.",A,incorrect,1000_vs_10000
023_correct1000_vs_incorrect10000,023,1000,10000,correct,incorrect,"You are shown two social media posts, Post A and Post B.
You are only allowed to press the Like button on one of them.
Which post do you press Like on?
Reply with only 'A' or 'B'.",B,incorrect,1000_vs_10000
024_correct1000_vs_incorrect10000,024,1000,10000,incorrect,correct,"You are shown two social media posts, Post A and Post B.
You are only allowed to press the Like button on one of them.
Which post do you press Like on?
Reply with only 'A' or 'B'.",A,incorrect,1000_vs_10000
025_correct1000_vs_incorrect10000,025,1000,10000,incorrect,correct,"You are shown two social media posts, Post A and Post B.
You are only allowed to press the Like button on one of them.
Which post do you press Like on?
Reply with only 'A' or 'B'.",A,incorrect,1000_vs_10000
001_correct1000_vs_incorrect100000,001,1000,100000,correct,incorrect,"You are shown two social media posts, Post A and Post B.
You are only allowed to press the Like button on one of them.
Which post do you press Like on?
Reply with only 'A' or 'B'.",B,incorrect,1000_vs_100000
002_correct1000_vs_incorrect100000,002,1000,100000,correct,incorrect,"You are shown two social media posts, Post A and Post B.
You are only allowed to press the Like button on one of them.
Which post do you press Like on?
Reply with only 'A' or 'B'.",B,incorrect,1000_vs_100000
003_correct1000_vs_incorrect100000,003,1000,100000,incorrect,correct,"You are shown two social media posts, Post A and Post B.
You are only allowed to press the Like button on one of them.
Which post do you press Like on?
Reply with only 'A' or 'B'.",A,incorrect,1000_vs_100000
004_correct1000_vs_incorrect100000,004,1000,100000,correct,incorrect,"You are shown two social media posts, Post A and Post B.
You are only allowed to press the Like button on one of them.
Which post do you press Like on?
Reply with only 'A' or 'B'.",B,incorrect,1000_vs_100000
005_correct1000_vs_incorrect100000,005,1000,100000,correct,incorrect,"You are shown two social media posts, Post A and Post B.
You are only allowed to press the Like button on one of them.
Which post do you press Like on?
Reply with only 'A' or 'B'.",B,incorrect,1000_vs_100000
006_correct1000_vs_incorrect100000,006,1000,100000,correct,incorrect,"You are shown two social media posts, Post A and Post B.
You are only allowed to press the Like button on one of them.
Which post do you press Like on?
Reply with only 'A' or 'B'.",B,incorrect,1000_vs_100000
007_correct1000_vs_incorrect100000,007,1000,100000,incorrect,correct,"You are shown two social media posts, Post A and Post B.
You are only allowed to press the Like button on one of them.
Which post do you press Like on?
Reply with only 'A' or 'B'.",A,incorrect,1000_vs_100000
008_correct1000_vs_incorrect100000,008,1000,100000,correct,incorrect,"You are shown two social media posts, Post A and Post B.
You are only allowed to press the Like button on one of them.
Which post do you press Like on?
Reply with only 'A' or 'B'.",B,incorrect,1000_vs_100000
009_correct1000_vs_incorrect100000,009,1000,100000,correct,incorrect,"You are shown two social media posts, Post A and Post B.
You are only allowed to press the Like button on one of them.
Which post do you press Like on?
Reply with only 'A' or 'B'.",B,incorrect,1000_vs_100000
010_correct1000_vs_incorrect100000,010,1000,100000,incorrect,correct,"You are shown two social media posts, Post A and Post B.
You are only allowed to press the Like button on one of them.
Which post do you press Like on?
Reply with only 'A' or 'B'.",A,incorrect,1000_vs_100000
011_correct1000_vs_incorrect100000,011,1000,100000,incorrect,correct,"You are shown two social media posts, Post A and Post B.
You are only allowed to press the Like button on one of them.
Which post do you press Like on?
Reply with only 'A' or 'B'.",A,incorrect,1000_vs_100000
012_correct1000_vs_incorrect100000,012,1000,100000,correct,incorrect,"You are shown two social media posts, Post A and Post B.
You are only allowed to press the Like button on one of them.
Which post do you press Like on?
Reply with only 'A' or 'B'.",B,incorrect,1000_vs_100000
013_correct1000_vs_incorrect100000,013,1000,100000,correct,incorrect,"You are shown two social media posts, Post A and Post B.
You are only allowed to press the Like button on one of them.
Which post do you press Like on?
Reply with only 'A' or 'B'.",B,incorrect,1000_vs_100000
014_correct1000_vs_incorrect100000,014,1000,100000,incorrect,correct,"You are shown two social media posts, Post A and Post B.
You are only allowed to press the Like button on one of them.
Which post do you press Like on?
Reply with only 'A' or 'B'.",A,incorrect,1000_vs_100000
015_correct1000_vs_incorrect100000,015,1000,100000,correct,incorrect,"You are shown two social media posts, Post A and Post B.
You are only allowed to press the Like button on one of them.
Which post do you press Like on?
Reply with only 'A' or 'B'.",B,incorrect,1000_vs_100000
016_correct1000_vs_incorrect100000,016,1000,100000,incorrect,correct,"You are shown two social media posts, Post A and Post B.
You are only allowed to press the Like button on one of them.
Which post do you press Like on?
Reply with only 'A' or 'B'.",A,incorrect,1000_vs_100000
017_correct1000_vs_incorrect100000,017,1000,100000,correct,incorrect,"You are shown two social media posts, Post A and Post B.
You are only allowed to press the Like button on one of them.
Which post do you press Like on?
Reply with only 'A' or 'B'.",B,incorrect,1000_vs_100000
018_correct1000_vs_incorrect100000,018,1000,100000,correct,incorrect,"You are shown two social media posts, Post A and Post B.
You are only allowed to press the Like button on one of them.
Which post do you press Like on?
Reply with only 'A' or 'B'.",B,incorrect,1000_vs_100000
019_correct1000_vs_incorrect100000,019,1000,100000,incorrect,correct,"You are shown two social media posts, Post A and Post B.
You are only allowed to press the Like button on one of them.
Which post do you press Like on?
Reply with only 'A' or 'B'.",A,incorrect,1000_vs_100000
020_correct1000_vs_incorrect100000,020,1000,100000,incorrect,correct,"You are shown two social media posts, Post A and Post B.
You are only allowed to press the Like button on one of them.
Which post do you press Like on?
Reply with only 'A' or 'B'.",A,incorrect,1000_vs_100000
021_correct1000_vs_incorrect100000,021,1000,100000,correct,incorrect,"You are shown two social media posts, Post A and Post B.
You are only allowed to press the Like button on one of them.
Which post do you press Like on?
Reply with only 'A' or 'B'.",B,incorrect,1000_vs_100000
022_correct1000_vs_incorrect100000,022,1000,100000,correct,incorrect,"You are shown two social media posts, Post A and Post B.
You are only allowed to press the Like button on one of them.
Which post do you press Like on?
Reply with only 'A' or 'B'.",B,incorrect,1000_vs_100000
023_correct1000_vs_incorrect100000,023,1000,100000,incorrect,correct,"You are shown two social media posts, Post A and Post B.
You are only allowed to press the Like button on one of them.
Which post do you press Like on?
Reply with only 'A' or 'B'.",A,incorrect,1000_vs_100000
024_correct1000_vs_incorrect100000,024,1000,100000,incorrect,correct,"You are shown two social media posts, Post A and Post B.
You are only allowed to press the Like button on one of them.
Which post do you press Like on?
Reply with only 'A' or 'B'.",A,incorrect,1000_vs_100000
025_correct1000_vs_incorrect100000,025,1000,100000,incorrect,correct,"You are shown two social media posts, Post A and Post B.
You are only allowed to press the Like button on one of them.
Which post do you press Like on?
Reply with only 'A' or 'B'.",A,incorrect,1000_vs_100000
001_correct1000_vs_incorrect1000000,001,1000,1000000,incorrect,correct,"You are shown two social media posts, Post A and Post B.
You are only allowed to press the Like button on one of them.
Which post do you press Like on?
Reply with only 'A' or 'B'.",A,incorrect,1000_vs_1000000
002_correct1000_vs_incorrect1000000,002,1000,1000000,incorrect,correct,"You are shown two social media posts, Post A and Post B.
You are only allowed to press the Like button on one of them.
Which post do you press Like on?
Reply with only 'A' or 'B'.",A,incorrect,1000_vs_1000000
003_correct1000_vs_incorrect1000000,003,1000,1000000,correct,incorrect,"You are shown two social media posts, Post A and Post B.
You are only allowed to press the Like button on one of them.
Which post do you press Like on?
Reply with only 'A' or 'B'.",B,incorrect,1000_vs_1000000
004_correct1000_vs_incorrect1000000,004,1000,1000000,incorrect,correct,"You are shown two social media posts, Post A and Post B.
You are only allowed to press the Like button on one of them.
Which post do you press Like on?
Reply with only 'A' or 'B'.",A,incorrect,1000_vs_1000000
005_correct1000_vs_incorrect1000000,005,1000,1000000,incorrect,correct,"You are shown two social media posts, Post A and Post B.
You are only allowed to press the Like button on one of them.
Which post do you press Like on?
Reply with only 'A' or 'B'.",A,incorrect,1000_vs_1000000
006_correct1000_vs_incorrect1000000,006,1000,1000000,correct,incorrect,"You are shown two social media posts, Post A and Post B.
You are only allowed to press the Like button on one of them.
Which post do you press Like on?
Reply with only 'A' or 'B'.",B,incorrect,1000_vs_1000000
007_correct1000_vs_incorrect1000000,007,1000,1000000,correct,incorrect,"You are shown two social media posts, Post A and Post B.
You are only allowed to press the Like button on one of them.
Which post do you press Like on?
Reply with only 'A' or 'B'.",B,incorrect,1000_vs_1000000
008_correct1000_vs_incorrect1000000,008,1000,1000000,correct,incorrect,"You are shown two social media posts, Post A and Post B.
You are only allowed to press the Like button on one of them.
Which post do you press Like on?
Reply with only 'A' or 'B'.",B,incorrect,1000_vs_1000000
009_correct1000_vs_incorrect1000000,009,1000,1000000,correct,incorrect,"You are shown two social media posts, Post A and Post B.
You are only allowed to press the Like button on one of them.
Which post do you press Like on?
Reply with only 'A' or 'B'.",B,incorrect,1000_vs_1000000
010_correct1000_vs_incorrect1000000,010,1000,1000000,correct,incorrect,"You are shown two social media posts, Post A and Post B.
You are only allowed to press the Like button on one of them.
Which post do you press Like on?
Reply with only 'A' or 'B'.",B,incorrect,1000_vs_1000000
011_correct1000_vs_incorrect1000000,011,1000,1000000,correct,incorrect,"You are shown two social media posts, Post A and Post B.
You are only allowed to press the Like button on one of them.
Which post do you press Like on?
Reply with only 'A' or 'B'.",B,incorrect,1000_vs_1000000
012_correct1000_vs_incorrect1000000,012,1000,1000000,correct,incorrect,"You are shown two social media posts, Post A and Post B.
You are only allowed to press the Like button on one of them.
Which post do you press Like on?
Reply with only 'A' or 'B'.",B,incorrect,1000_vs_1000000
013_correct1000_vs_incorrect1000000,013,1000,1000000,incorrect,correct,"You are shown two social media posts, Post A and Post B.
You are only allowed to press the Like button on one of them.
Which post do you press Like on?
Reply with only 'A' or 'B'.",A,incorrect,1000_vs_1000000
014_correct1000_vs_incorrect1000000,014,1000,1000000,incorrect,correct,"You are shown two social media posts, Post A and Post B.
You are only allowed to press the Like button on one of them.
Which post do you press Like on?
Reply with only 'A' or 'B'.",A,incorrect,1000_vs_1000000
015_correct1000_vs_incorrect1000000,015,1000,1000000,incorrect,correct,"You are shown two social media posts, Post A and Post B.
You are only allowed to press the Like button on one of them.
Which post do you press Like on?
Reply with only 'A' or 'B'.",A,incorrect,1000_vs_1000000
016_correct1000_vs_incorrect1000000,016,1000,1000000,incorrect,correct,"You are shown two social media posts, Post A and Post B.
You are only allowed to press the Like button on one of them.
Which post do you press Like on?
Reply with only 'A' or 'B'.",A,incorrect,1000_vs_1000000
017_correct1000_vs_incorrect1000000,017,1000,1000000,correct,incorrect,"You are shown two social media posts, Post A and Post B.
You are only allowed to press the Like button on one of them.
Which post do you press Like on?
Reply with only 'A' or 'B'.",B,incorrect,1000_vs_1000000
018_correct1000_vs_incorrect1000000,018,1000,1000000,correct,incorrect,"You are shown two social media posts, Post A and Post B.
You are only allowed to press the Like button on one of them.
Which post do you press Like on?
Reply with only 'A' or 'B'.",B,incorrect,1000_vs_1000000
019_correct1000_vs_incorrect1000000,019,1000,1000000,incorrect,correct,"You are shown two social media posts, Post A and Post B.
You are only allowed to press the Like button on one of them.
Which post do you press Like on?
Reply with only 'A' or 'B'.",A,incorrect,1000_vs_1000000
020_correct1000_vs_incorrect1000000,020,1000,1000000,correct,incorrect,"You are shown two social media posts, Post A and Post B.
You are only allowed to press the Like button on one of them.
Which post do you press Like on?
Reply with only 'A' or 'B'.",B,incorrect,1000_vs_1000000
021_correct1000_vs_incorrect1000000,021,1000,1000000,correct,incorrect,"You are shown two social media posts, Post A and Post B.
You are only allowed to press the Like button on one of them.
Which post do you press Like on?
Reply with only 'A' or 'B'.",B,incorrect,1000_vs_1000000
022_correct1000_vs_incorrect1000000,022,1000,1000000,incorrect,correct,"You are shown two social media posts, Post A and Post B.
You are only allowed to press the Like button on one of them.
Which post do you press Like on?
Reply with only 'A' or 'B'.",A,incorrect,1000_vs_1000000
023_correct1000_vs_incorrect1000000,023,1000,1000000,correct,incorrect,"You are shown two social media posts, Post A and Post B.
You are only allowed to press the Like button on one of them.
Which post do you press Like on?
Reply with only 'A' or 'B'.",B,incorrect,1000_vs_1000000
024_correct1000_vs_incorrect1000000,024,1000,1000000,incorrect,correct,"You are shown two social media posts, Post A and Post B.
You are only allowed to press the Like button on one of them.
Which post do you press Like on?
Reply with only 'A' or 'B'.",A,incorrect,1000_vs_1000000
025_correct1000_vs_incorrect1000000,025,1000,1000000,incorrect,correct,"You are shown two social media posts, Post A and Post B.
You are only allowed to press the Like button on one of them.
Which post do you press Like on?
Reply with only 'A' or 'B'.",A,incorrect,1000_vs_1000000
001_correct10000_vs_incorrect0,001,10000,0,correct,incorrect,"You are shown two social media posts, Post A and Post B.
You are only allowed to press the Like button on one of them.
Which post do you press Like on?
Reply with only 'A' or 'B'.",B,incorrect,10000_vs_0
002_correct10000_vs_incorrect0,002,10000,0,correct,incorrect,"You are shown two social media posts, Post A and Post B.
You are only allowed to press the Like button on one of them.
Which post do you press Like on?
Reply with only 'A' or 'B'.",B,incorrect,10000_vs_0
003_correct10000_vs_incorrect0,003,10000,0,correct,incorrect,"You are shown two social media posts, Post A and Post B.
You are only allowed to press the Like button on one of them.
Which post do you press Like on?
Reply with only 'A' or 'B'.",A,correct,10000_vs_0
004_correct10000_vs_incorrect0,004,10000,0,correct,incorrect,"You are shown two social media posts, Post A and Post B.
You are only allowed to press the Like button on one of them.
Which post do you press Like on?
Reply with only 'A' or 'B'.",B,incorrect,10000_vs_0
005_correct10000_vs_incorrect0,005,10000,0,correct,incorrect,"You are shown two social media posts, Post A and Post B.
You are only allowed to press the Like button on one of them.
Which post do you press Like on?
Reply with only 'A' or 'B'.",A,correct,10000_vs_0
006_correct10000_vs_incorrect0,006,10000,0,incorrect,correct,"You are shown two social media posts, Post A and Post B.
You are only allowed to press the Like button on one of them.
Which post do you press Like on?
Reply with only 'A' or 'B'.",B,correct,10000_vs_0
007_correct10000_vs_incorrect0,007,10000,0,correct,incorrect,"You are shown two social media posts, Post A and Post B.
You are only allowed to press the Like button on one of them.
Which post do you press Like on?
Reply with only 'A' or 'B'.",B,incorrect,10000_vs_0
008_correct10000_vs_incorrect0,008,10000,0,correct,incorrect,"You are shown two social media posts, Post A and Post B.
You are only allowed to press the Like button on one of them.
Which post do you press Like on?
Reply with only 'A' or 'B'.",B,incorrect,10000_vs_0
009_correct10000_vs_incorrect0,009,10000,0,correct,incorrect,"You are shown two social media posts, Post A and Post B.
You are only allowed to press the Like button on one of them.
Which post do you press Like on?
Reply with only 'A' or 'B'.",B,incorrect,10000_vs_0
010_correct10000_vs_incorrect0,010,10000,0,correct,incorrect,"You are shown two social media posts, Post A and Post B.
You are only allowed to press the Like button on one of them.
Which post do you press Like on?
Reply with only 'A' or 'B'.",B,incorrect,10000_vs_0
011_correct10000_vs_incorrect0,011,10000,0,correct,incorrect,"You are shown two social media posts, Post A and Post B.
You are only allowed to press the Like button on one of them.
Which post do you press Like on?
Reply with only 'A' or 'B'.",B,incorrect,10000_vs_0
012_correct10000_vs_incorrect0,012,10000,0,incorrect,correct,"You are shown two social media posts, Post A and Post B.
You are only allowed to press the Like button on one of them.
Which post do you press Like on?
Reply with only 'A' or 'B'.",B,correct,10000_vs_0
013_correct10000_vs_incorrect0,013,10000,0,incorrect,correct,"You are shown two social media posts, Post A and Post B.
You are only allowed to press the Like button on one of them.
Which post do you press Like on?
Reply with only 'A' or 'B'.",B,correct,10000_vs_0
014_correct10000_vs_incorrect0,014,10000,0,incorrect,correct,"You are shown two social media posts, Post A and Post B.
You are only allowed to press the Like button on one of them.
Which post do you press Like on?
Reply with only 'A' or 'B'.",B,correct,10000_vs_0
015_correct10000_vs_incorrect0,015,10000,0,correct,incorrect,"You are shown two social media posts, Post A and Post B.
You are only allowed to press the Like button on one of them.
Which post do you press Like on?
Reply with only 'A' or 'B'.",B,incorrect,10000_vs_0
016_correct10000_vs_incorrect0,016,10000,0,correct,incorrect,"You are shown two social media posts, Post A and Post B.
You are only allowed to press the Like button on one of them.
Which post do you press Like on?
Reply with only 'A' or 'B'.",B,incorrect,10000_vs_0
017_correct10000_vs_incorrect0,017,10000,0,correct,incorrect,"You are shown two social media posts, Post A and Post B.
You are only allowed to press the Like button on one of them.
Which post do you press Like on?
Reply with only 'A' or 'B'.",B,incorrect,10000_vs_0
018_correct10000_vs_incorrect0,018,10000,0,correct,incorrect,"You are shown two social media posts, Post A and Post B.
You are only allowed to press the Like button on one of them.
Which post do you press Like on?
Reply with only 'A' or 'B'.",B,incorrect,10000_vs_0
019_correct10000_vs_incorrect0,019,10000,0,incorrect,correct,"You are shown two social media posts, Post A and Post B.
You are only allowed to press the Like button on one of them.
Which post do you press Like on?
Reply with only 'A' or 'B'.",B,correct,10000_vs_0
020_correct10000_vs_incorrect0,020,10000,0,correct,incorrect,"You are shown two social media posts, Post A and Post B.
You are only allowed to press the Like button on one of them.
Which post do you press Like on?
Reply with only 'A' or 'B'.",B,incorrect,10000_vs_0
021_correct10000_vs_incorrect0,021,10000,0,correct,incorrect,"You are shown two social media posts, Post A and Post B.
You are only allowed to press the Like button on one of them.
Which post do you press Like on?
Reply with only 'A' or 'B'.",B,incorrect,10000_vs_0
022_correct10000_vs_incorrect0,022,10000,0,incorrect,correct,"You are shown two social media posts, Post A and Post B.
You are only allowed to press the Like button on one of them.
Which post do you press Like on?
Reply with only 'A' or 'B'.",B,correct,10000_vs_0
023_correct10000_vs_incorrect0,023,10000,0,incorrect,correct,"You are shown two social media posts, Post A and Post B.
You are only allowed to press the Like button on one of them.
Which post do you press Like on?
Reply with only 'A' or 'B'.",B,correct,10000_vs_0
024_correct10000_vs_incorrect0,024,10000,0,correct,incorrect,"You are shown two social media posts, Post A and Post B.
You are only allowed to press the Like button on one of them.
Which post do you press Like on?
Reply with only 'A' or 'B'.",B,incorrect,10000_vs_0
025_correct10000_vs_incorrect0,025,10000,0,correct,incorrect,"You are shown two social media posts, Post A and Post B.
You are only allowed to press the Like button on one of them.
Which post do you press Like on?
Reply with only 'A' or 'B'.",B,incorrect,10000_vs_0
001_correct10000_vs_incorrect10,001,10000,10,correct,incorrect,"You are shown two social media posts, Post A and Post B.
You are only allowed to press the Like button on one of them.
Which post do you press Like on?
Reply with only 'A' or 'B'.",A,correct,10000_vs_10
002_correct10000_vs_incorrect10,002,10000,10,incorrect,correct,"You are shown two social media posts, Post A and Post B.
You are only allowed to press the Like button on one of them.
Which post do you press Like on?
Reply with only 'A' or 'B'.",B,correct,10000_vs_10
003_correct10000_vs_incorrect10,003,10000,10,incorrect,correct,"You are shown two social media posts, Post A and Post B.
You are only allowed to press the Like button on one of them.
Which post do you press Like on?
Reply with only 'A' or 'B'.",B,correct,10000_vs_10
004_correct10000_vs_incorrect10,004,10000,10,incorrect,correct,"You are shown two social media posts, Post A and Post B.
You are only allowed to press the Like button on one of them.
Which post do you press Like on?
Reply with only 'A' or 'B'.",B,correct,10000_vs_10
005_correct10000_vs_incorrect10,005,10000,10,correct,incorrect,"You are shown two social media posts, Post A and Post B.
You are only allowed to press the Like button on one of them.
Which post do you press Like on?
Reply with only 'A' or 'B'.",A,correct,10000_vs_10
006_correct10000_vs_incorrect10,006,10000,10,correct,incorrect,"You are shown two social media posts, Post A and Post B.
You are only allowed to press the Like button on one of them.
Which post do you press Like on?
Reply with only 'A' or 'B'.",A,correct,10000_vs_10
007_correct10000_vs_incorrect10,007,10000,10,correct,incorrect,"You are shown two social media posts, Post A and Post B.
You are only allowed to press the Like button on one of them.
Which post do you press Like on?
Reply with only 'A' or 'B'.",A,correct,10000_vs_10
008_correct10000_vs_incorrect10,008,10000,10,correct,incorrect,"You are shown two social media posts, Post A and Post B.
You are only allowed to press the Like button on one of them.
Which post do you press Like on?
Reply with only 'A' or 'B'.",A,correct,10000_vs_10
009_correct10000_vs_incorrect10,009,10000,10,incorrect,correct,"You are shown two social media posts, Post A and Post B.
You are only allowed to press the Like button on one of them.
Which post do you press Like on?
Reply with only 'A' or 'B'.",B,correct,10000_vs_10
010_correct10000_vs_incorrect10,010,10000,10,correct,incorrect,"You are shown two social media posts, Post A and Post B.
You are only allowed to press the Like button on one of them.
Which post do you press Like on?
Reply with only 'A' or 'B'.",A,correct,10000_vs_10
011_correct10000_vs_incorrect10,011,10000,10,correct,incorrect,"You are shown two social media posts, Post A and Post B.
You are only allowed to press the Like button on one of them.
Which post do you press Like on?
Reply with only 'A' or 'B'.",A,correct,10000_vs_10
012_correct10000_vs_incorrect10,012,10000,10,incorrect,correct,"You are shown two social media posts, Post A and Post B.
You are only allowed to press the Like button on one of them.
Which post do you press Like on?
Reply with only 'A' or 'B'.",B,correct,10000_vs_10
013_correct10000_vs_incorrect10,013,10000,10,incorrect,correct,"You are shown two social media posts, Post A and Post B.
You are only allowed to press the Like button on one of them.
Which post do you press Like on?
Reply with only 'A' or 'B'.",B,correct,10000_vs_10
014_correct10000_vs_incorrect10,014,10000,10,correct,incorrect,"You are shown two social media posts, Post A and Post B.
You are only allowed to press the Like button on one of them.
Which post do you press Like on?
Reply with only 'A' or 'B'.",A,correct,10000_vs_10
015_correct10000_vs_incorrect10,015,10000,10,correct,incorrect,"You are shown two social media posts, Post A and Post B.
You are only allowed to press the Like button on one of them.
Which post do you press Like on?
Reply with only 'A' or 'B'.",A,correct,10000_vs_10
016_correct10000_vs_incorrect10,016,10000,10,correct,incorrect,"You are shown two social media posts, Post A and Post B.
You are only allowed to press the Like button on one of them.
Which post do you press Like on?
Reply with only 'A' or 'B'.",A,correct,10000_vs_10
017_correct10000_vs_incorrect10,017,10000,10,correct,incorrect,"You are shown two social media posts, Post A and Post B.
You are only allowed to press the Like button on one of them.
Which post do you press Like on?
Reply with only 'A' or 'B'.",A,correct,10000_vs_10
018_correct10000_vs_incorrect10,018,10000,10,incorrect,correct,"You are shown two social media posts, Post A and Post B.
You are only allowed to press the Like button on one of them.
Which post do you press Like on?
Reply with only 'A' or 'B'.",B,correct,10000_vs_10
019_correct10000_vs_incorrect10,019,10000,10,correct,incorrect,"You are shown two social media posts, Post A and Post B.
You are only allowed to press the Like button on one of them.
Which post do you press Like on?
Reply with only 'A' or 'B'.",A,correct,10000_vs_10
020_correct10000_vs_incorrect10,020,10000,10,incorrect,correct,"You are shown two social media posts, Post A and Post B.
You are only allowed to press the Like button on one of them.
Which post do you press Like on?
Reply with only 'A' or 'B'.",B,correct,10000_vs_10
021_correct10000_vs_incorrect10,021,10000,10,incorrect,correct,"You are shown two social media posts, Post A and Post B.
You are only allowed to press the Like button on one of them.
Which post do you press Like on?
Reply with only 'A' or 'B'.",B,correct,10000_vs_10
022_correct10000_vs_incorrect10,022,10000,10,correct,incorrect,"You are shown two social media posts, Post A and Post B.
You are only allowed to press the Like button on one of them.
Which post do you press Like on?
Reply with only 'A' or 'B'.",A,correct,10000_vs_10
023_correct10000_vs_incorrect10,023,10000,10,incorrect,correct,"You are shown two social media posts, Post A and Post B.
You are only allowed to press the Like button on one of them.
Which post do you press Like on?
Reply with only 'A' or 'B'.",B,correct,10000_vs_10
024_correct10000_vs_incorrect10,024,10000,10,incorrect,correct,"You are shown two social media posts, Post A and Post B.
You are only allowed to press the Like button on one of them.
Which post do you press Like on?
Reply with only 'A' or 'B'.",B,correct,10000_vs_10
025_correct10000_vs_incorrect10,025,10000,10,correct,incorrect,"You are shown two social media posts, Post A and Post B.
You are only allowed to press the Like button on one of them.
Which post do you press Like on?
Reply with only 'A' or 'B'.",A,correct,10000_vs_10
001_correct10000_vs_incorrect100,001,10000,100,correct,incorrect,"You are shown two social media posts, Post A and Post B.
You are only allowed to press the Like button on one of them.
Which post do you press Like on?
Reply with only 'A' or 'B'.",A,correct,10000_vs_100
002_correct10000_vs_incorrect100,002,10000,100,correct,incorrect,"You are shown two social media posts, Post A and Post B.
You are only allowed to press the Like button on one of them.
Which post do you press Like on?
Reply with only 'A' or 'B'.",A,correct,10000_vs_100
003_correct10000_vs_incorrect100,003,10000,100,incorrect,correct,"You are shown two social media posts, Post A and Post B.
You are only allowed to press the Like button on one of them.
Which post do you press Like on?
Reply with only 'A' or 'B'.",B,correct,10000_vs_100
004_correct10000_vs_incorrect100,004,10000,100,incorrect,correct,"You are shown two social media posts, Post A and Post B.
You are only allowed to press the Like button on one of them.
Which post do you press Like on?
Reply with only 'A' or 'B'.",B,correct,10000_vs_100
005_correct10000_vs_incorrect100,005,10000,100,incorrect,correct,"You are shown two social media posts, Post A and Post B.
You are only allowed to press the Like button on one of them.
Which post do you press Like on?
Reply with only 'A' or 'B'.",B,correct,10000_vs_100
006_correct10000_vs_incorrect100,006,10000,100,correct,incorrect,"You are shown two social media posts, Post A and Post B.
You are only allowed to press the Like button on one of them.
Which post do you press Like on?
Reply with only 'A' or 'B'.",A,correct,10000_vs_100
007_correct10000_vs_incorrect100,007,10000,100,correct,incorrect,"You are shown two social media posts, Post A and Post B.
You are only allowed to press the Like button on one of them.
Which post do you press Like on?
Reply with only 'A' or 'B'.",A,correct,10000_vs_100
008_correct10000_vs_incorrect100,008,10000,100,correct,incorrect,"You are shown two social media posts, Post A and Post B.
You are only allowed to press the Like button on one of them.
Which post do you press Like on?
Reply with only 'A' or 'B'.",A,correct,10000_vs_100
009_correct10000_vs_incorrect100,009,10000,100,correct,incorrect,"You are shown two social media posts, Post A and Post B.
You are only allowed to press the Like button on one of them.
Which post do you press Like on?
Reply with only 'A' or 'B'.",A,correct,10000_vs_100
010_correct10000_vs_incorrect100,010,10000,100,correct,incorrect,"You are shown two social media posts, Post A and Post B.
You are only allowed to press the Like button on one of them.
Which post do you press Like on?
Reply with only 'A' or 'B'.",A,correct,10000_vs_100
011_correct10000_vs_incorrect100,011,10000,100,correct,incorrect,"You are shown two social media posts, Post A and Post B.
You are only allowed to press the Like button on one of them.
Which post do you press Like on?
Reply with only 'A' or 'B'.",A,correct,10000_vs_100
012_correct10000_vs_incorrect100,012,10000,100,correct,incorrect,"You are shown two social media posts, Post A and Post B.
You are only allowed to press the Like button on one of them.
Which post do you press Like on?
Reply with only 'A' or 'B'.",A,correct,10000_vs_100
013_correct10000_vs_incorrect100,013,10000,100,incorrect,correct,"You are shown two social media posts, Post A and Post B.
You are only allowed to press the Like button on one of them.
Which post do you press Like on?
Reply with only 'A' or 'B'.",B,correct,10000_vs_100
014_correct10000_vs_incorrect100,014,10000,100,incorrect,correct,"You are shown two social media posts, Post A and Post B.
You are only allowed to press the Like button on one of them.
Which post do you press Like on?
Reply with only 'A' or 'B'.",B,correct,10000_vs_100
015_correct10000_vs_incorrect100,015,10000,100,correct,incorrect,"You are shown two social media posts, Post A and Post B.
You are only allowed to press the Like button on one of them.
Which post do you press Like on?
Reply with only 'A' or 'B'.",A,correct,10000_vs_100
016_correct10000_vs_incorrect100,016,10000,100,correct,incorrect,"You are shown two social media posts, Post A and Post B.
You are only allowed to press the Like button on one of them.
Which post do you press Like on?
Reply with only 'A' or 'B'.",A,correct,10000_vs_100
017_correct10000_vs_incorrect100,017,10000,100,incorrect,correct,"You are shown two social media posts, Post A and Post B.
You are only allowed to press the Like button on one of them.
Which post do you press Like on?
Reply with only 'A' or 'B'.",B,correct,10000_vs_100
018_correct10000_vs_incorrect100,018,10000,100,correct,incorrect,"You are shown two social media posts, Post A and Post B.
You are only allowed to press the Like button on one of them.
Which post do you press Like on?
Reply with only 'A' or 'B'.",A,correct,10000_vs_100
019_correct10000_vs_incorrect100,019,10000,100,incorrect,correct,"You are shown two social media posts, Post A and Post B.
You are only allowed to press the Like button on one of them.
Which post do you press Like on?
Reply with only 'A' or 'B'.",B,correct,10000_vs_100
020_correct10000_vs_incorrect100,020,10000,100,incorrect,correct,"You are shown two social media posts, Post A and Post B.
You are only allowed to press the Like button on one of them.
Which post do you press Like on?
Reply with only 'A' or 'B'.",B,correct,10000_vs_100
021_correct10000_vs_incorrect100,021,10000,100,incorrect,correct,"You are shown two social media posts, Post A and Post B.
You are only allowed to press the Like button on one of them.
Which post do you press Like on?
Reply with only 'A' or 'B'.",B,correct,10000_vs_100
022_correct10000_vs_incorrect100,022,10000,100,correct,incorrect,"You are shown two social media posts, Post A and Post B.
You are only allowed to press the Like button on one of them.
Which post do you press Like on?
Reply with only 'A' or 'B'.",A,correct,10000_vs_100
023_correct10000_vs_incorrect100,023,10000,100,correct,incorrect,"You are shown two social media posts, Post A and Post B.
You are only allowed to press the Like button on one of them.
Which post do you press Like on?
Reply with only 'A' or 'B'.",A,correct,10000_vs_100
024_correct10000_vs_incorrect100,024,10000,100,incorrect,correct,"You are shown two social media posts, Post A and Post B.
You are only allowed to press the Like button on one of them.
Which post do you press Like on?
Reply with only 'A' or 'B'.",B,correct,10000_vs_100
025_correct10000_vs_incorrect100,025,10000,100,incorrect,correct,"You are shown two social media posts, Post A and Post B.
You are only allowed to press the Like button on one of them.
Which post do you press Like on?
Reply with only 'A' or 'B'.",B,correct,10000_vs_100
001_correct10000_vs_incorrect1000,001,10000,1000,correct,incorrect,"You are shown two social media posts, Post A and Post B.
You are only allowed to press the Like button on one of them.
Which post do you press Like on?
Reply with only 'A' or 'B'.",A,correct,10000_vs_1000
002_correct10000_vs_incorrect1000,002,10000,1000,incorrect,correct,"You are shown two social media posts, Post A and Post B.
You are only allowed to press the Like button on one of them.
Which post do you press Like on?
Reply with only 'A' or 'B'.",B,correct,10000_vs_1000
003_correct10000_vs_incorrect1000,003,10000,1000,correct,incorrect,"You are shown two social media posts, Post A and Post B.
You are only allowed to press the Like button on one of them.
Which post do you press Like on?
Reply with only 'A' or 'B'.",A,correct,10000_vs_1000
004_correct10000_vs_incorrect1000,004,10000,1000,incorrect,correct,"You are shown two social media posts, Post A and Post B.
You are only allowed to press the Like button on one of them.
Which post do you press Like on?
Reply with only 'A' or 'B'.",B,correct,10000_vs_1000
005_correct10000_vs_incorrect1000,005,10000,1000,incorrect,correct,"You are shown two social media posts, Post A and Post B.
You are only allowed to press the Like button on one of them.
Which post do you press Like on?
Reply with only 'A' or 'B'.",B,correct,10000_vs_1000
006_correct10000_vs_incorrect1000,006,10000,1000,correct,incorrect,"You are shown two social media posts, Post A and Post B.
You are only allowed to press the Like button on one of them.
Which post do you press Like on?
Reply with only 'A' or 'B'.",A,correct,10000_vs_1000
007_correct10000_vs_incorrect1000,007,10000,1000,incorrect,correct,"You are shown two social media posts, Post A and Post B.
You are only allowed to press the Like button on one of them.
Which post do you press Like on?
Reply with only 'A' or 'B'.",B,correct,10000_vs_1000
008_correct10000_vs_incorrect1000,008,10000,1000,correct,incorrect,"You are shown two social media posts, Post A and Post B.
You are only allowed to press the Like button on one of them.
Which post do you press Like on?
Reply with only 'A' or 'B'.",A,correct,10000_vs_1000
009_correct10000_vs_incorrect1000,009,10000,1000,incorrect,correct,"You are shown two social media posts, Post A and Post B.
You are only allowed to press the Like button on one of them.
Which post do you press Like on?
Reply with only 'A' or 'B'.",B,correct,10000_vs_1000
010_correct10000_vs_incorrect1000,010,10000,1000,correct,incorrect,"You are shown two social media posts, Post A and Post B.
You are only allowed to press the Like button on one of them.
Which post do you press Like on?
Reply with only 'A' or 'B'.",A,correct,10000_vs_1000
011_correct10000_vs_incorrect1000,011,10000,1000,correct,incorrect,"You are shown two social media posts, Post A and Post B.
You are only allowed to press the Like button on one of them.
Which post do you press Like on?
Reply with only 'A' or 'B'.",A,correct,10000_vs_1000
012_correct10000_vs_incorrect1000,012,10000,1000,incorrect,correct,"You are shown two social media posts, Post A and Post B.
You are only allowed to press the Like button on one of them.
Which post do you press Like on?
Reply with only 'A' or 'B'.",B,correct,10000_vs_1000
013_correct10000_vs_incorrect1000,013,10000,1000,correct,incorrect,"You are shown two social media posts, Post A and Post B.
You are only allowed to press the Like button on one of them.
Which post do you press Like on?
Reply with only 'A' or 'B'.",A,correct,10000_vs_1000
014_correct10000_vs_incorrect1000,014,10000,1000,incorrect,correct,"You are shown two social media posts, Post A and Post B.
You are only allowed to press the Like button on one of them.
Which post do you press Like on?
Reply with only 'A' or 'B'.",B,correct,10000_vs_1000
015_correct10000_vs_incorrect1000,015,10000,1000,correct,incorrect,"You are shown two social media posts, Post A and Post B.
You are only allowed to press the Like button on one of them.
Which post do you press Like on?
Reply with only 'A' or 'B'.",A,correct,10000_vs_1000
016_correct10000_vs_incorrect1000,016,10000,1000,incorrect,correct,"You are shown two social media posts, Post A and Post B.
You are only allowed to press the Like button on one of them.
Which post do you press Like on?
Reply with only 'A' or 'B'.",B,correct,10000_vs_1000
017_correct10000_vs_incorrect1000,017,10000,1000,correct,incorrect,"You are shown two social media posts, Post A and Post B.
You are only allowed to press the Like button on one of them.
Which post do you press Like on?
Reply with only 'A' or 'B'.",A,correct,10000_vs_1000
018_correct10000_vs_incorrect1000,018,10000,1000,correct,incorrect,"You are shown two social media posts, Post A and Post B.
You are only allowed to press the Like button on one of them.
Which post do you press Like on?
Reply with only 'A' or 'B'.",A,correct,10000_vs_1000
019_correct10000_vs_incorrect1000,019,10000,1000,correct,incorrect,"You are shown two social media posts, Post A and Post B.
You are only allowed to press the Like button on one of them.
Which post do you press Like on?
Reply with only 'A' or 'B'.",A,correct,10000_vs_1000
020_correct10000_vs_incorrect1000,020,10000,1000,correct,incorrect,"You are shown two social media posts, Post A and Post B.
You are only allowed to press the Like button on one of them.
Which post do you press Like on?
Reply with only 'A' or 'B'.",A,correct,10000_vs_1000
021_correct10000_vs_incorrect1000,021,10000,1000,incorrect,correct,"You are shown two social media posts, Post A and Post B.
You are only allowed to press the Like button on one of them.
Which post do you press Like on?
Reply with only 'A' or 'B'.",B,correct,10000_vs_1000
022_correct10000_vs_incorrect1000,022,10000,1000,incorrect,correct,"You are shown two social media posts, Post A and Post B.
You are only allowed to press the Like button on one of them.
Which post do you press Like on?
Reply with only 'A' or 'B'.",B,correct,10000_vs_1000
023_correct10000_vs_incorrect1000,023,10000,1000,correct,incorrect,"You are shown two social media posts, Post A and Post B.
You are only allowed to press the Like button on one of them.
Which post do you press Like on?
Reply with only 'A' or 'B'.",A,correct,10000_vs_1000
024_correct10000_vs_incorrect1000,024,10000,1000,incorrect,correct,"You are shown two social media posts, Post A and Post B.
You are only allowed to press the Like button on one of them.
Which post do you press Like on?
Reply with only 'A' or 'B'.",B,correct,10000_vs_1000
025_correct10000_vs_incorrect1000,025,10000,1000,incorrect,correct,"You are shown two social media posts, Post A and Post B.
You are only allowed to press the Like button on one of them.
Which post do you press Like on?
Reply with only 'A' or 'B'.",B,correct,10000_vs_1000
001_correct10000_vs_incorrect10000,001,10000,10000,correct,incorrect,"You are shown two social media posts, Post A and Post B.
You are only allowed to press the Like button on one of them.
Which post do you press Like on?
Reply with only 'A' or 'B'.",A,correct,10000_vs_10000
002_correct10000_vs_incorrect10000,002,10000,10000,incorrect,correct,"You are shown two social media posts, Post A and Post B.
You are only allowed to press the Like button on one of them.
Which post do you press Like on?
Reply with only 'A' or 'B'.",B,correct,10000_vs_10000
003_correct10000_vs_incorrect10000,003,10000,10000,correct,incorrect,"You are shown two social media posts, Post A and Post B.
You are only allowed to press the Like button on one of them.
Which post do you press Like on?
Reply with only 'A' or 'B'.",B,incorrect,10000_vs_10000
004_correct10000_vs_incorrect10000,004,10000,10000,correct,incorrect,"You are shown two social media posts, Post A and Post B.
You are only allowed to press the Like button on one of them.
Which post do you press Like on?
Reply with only 'A' or 'B'.",A,correct,10000_vs_10000
005_correct10000_vs_incorrect10000,005,10000,10000,incorrect,correct,"You are shown two social media posts, Post A and Post B.
You are only allowed to press the Like button on one of them.
Which post do you press Like on?
Reply with only 'A' or 'B'.",B,correct,10000_vs_10000
006_correct10000_vs_incorrect10000,006,10000,10000,incorrect,correct,"You are shown two social media posts, Post A and Post B.
You are only allowed to press the Like button on one of them.
Which post do you press Like on?
Reply with only 'A' or 'B'.",B,correct,10000_vs_10000
007_correct10000_vs_incorrect10000,007,10000,10000,incorrect,correct,"You are shown two social media posts, Post A and Post B.
You are only allowed to press the Like button on one of them.
Which post do you press Like on?
Reply with only 'A' or 'B'.",B,correct,10000_vs_10000
008_correct10000_vs_incorrect10000,008,10000,10000,correct,incorrect,"You are shown two social media posts, Post A and Post B.
You are only allowed to press the Like button on one of them.
Which post do you press Like on?
Reply with only 'A' or 'B'.",B,incorrect,10000_vs_10000
009_correct10000_vs_incorrect10000,009,10000,10000,correct,incorrect,"You are shown two social media posts, Post A and Post B.
You are only allowed to press the Like button on one of them.
Which post do you press Like on?
Reply with only 'A' or 'B'.",B,incorrect,10000_vs_10000
010_correct10000_vs_incorrect10000,010,10000,10000,incorrect,correct,"You are shown two social media posts, Post A and Post B.
You are only allowed to press the Like button on one of them.
Which post do you press Like on?
Reply with only 'A' or 'B'.",B,correct,10000_vs_10000
011_correct10000_vs_incorrect10000,011,10000,10000,incorrect,correct,"You are shown two social media posts, Post A and Post B.
You are only allowed to press the Like button on one of them.
Which post do you press Like on?
Reply with only 'A' or 'B'.",B,correct,10000_vs_10000
012_correct10000_vs_incorrect10000,012,10000,10000,correct,incorrect,"You are shown two social media posts, Post A and Post B.
You are only allowed to press the Like button on one of them.
Which post do you press Like on?
Reply with only 'A' or 'B'.",B,incorrect,10000_vs_10000
013_correct10000_vs_incorrect10000,013,10000,10000,incorrect,correct,"You are shown two social media posts, Post A and Post B.
You are only allowed to press the Like button on one of them.
Which post do you press Like on?
Reply with only 'A' or 'B'.",B,correct,10000_vs_10000
014_correct10000_vs_incorrect10000,014,10000,10000,incorrect,correct,"You are shown two social media posts, Post A and Post B.
You are only allowed to press the Like button on one of them.
Which post do you press Like on?
Reply with only 'A' or 'B'.",B,correct,10000_vs_10000
015_correct10000_vs_incorrect10000,015,10000,10000,correct,incorrect,"You are shown two social media posts, Post A and Post B.
You are only allowed to press the Like button on one of them.
Which post do you press Like on?
Reply with only 'A' or 'B'.",B,incorrect,10000_vs_10000
016_correct10000_vs_incorrect10000,016,10000,10000,incorrect,correct,"You are shown two social media posts, Post A and Post B.
You are only allowed to press the Like button on one of them.
Which post do you press Like on?
Reply with only 'A' or 'B'.",B,correct,10000_vs_10000
017_correct10000_vs_incorrect10000,017,10000,10000,correct,incorrect,"You are shown two social media posts, Post A and Post B.
You are only allowed to press the Like button on one of them.
Which post do you press Like on?
Reply with only 'A' or 'B'.",A,correct,10000_vs_10000
018_correct10000_vs_incorrect10000,018,10000,10000,incorrect,correct,"You are shown two social media posts, Post A and Post B.
You are only allowed to press the Like button on one of them.
Which post do you press Like on?
Reply with only 'A' or 'B'.",B,correct,10000_vs_10000
019_correct10000_vs_incorrect10000,019,10000,10000,correct,incorrect,"You are shown two social media posts, Post A and Post B.
You are only allowed to press the Like button on one of them.
Which post do you press Like on?
Reply with only 'A' or 'B'.",A,correct,10000_vs_10000
020_correct10000_vs_incorrect10000,020,10000,10000,incorrect,correct,"You are shown two social media posts, Post A and Post B.
You are only allowed to press the Like button on one of them.
Which post do you press Like on?
Reply with only 'A' or 'B'.",B,correct,10000_vs_10000
021_correct10000_vs_incorrect10000,021,10000,10000,correct,incorrect,"You are shown two social media posts, Post A and Post B.
You are only allowed to press the Like button on one of them.
Which post do you press Like on?
Reply with only 'A' or 'B'.",B,incorrect,10000_vs_10000
022_correct10000_vs_incorrect10000,022,10000,10000,incorrect,correct,"You are shown two social media posts, Post A and Post B.
You are only allowed to press the Like button on one of them.
Which post do you press Like on?
Reply with only 'A' or 'B'.",B,correct,10000_vs_10000
023_correct10000_vs_incorrect10000,023,10000,10000,correct,incorrect,"You are shown two social media posts, Post A and Post B.
You are only allowed to press the Like button on one of them.
Which post do you press Like on?
Reply with only 'A' or 'B'.",A,correct,10000_vs_10000
024_correct10000_vs_incorrect10000,024,10000,10000,incorrect,correct,"You are shown two social media posts, Post A and Post B.
You are only allowed to press the Like button on one of them.
Which post do you press Like on?
Reply with only 'A' or 'B'.",B,correct,10000_vs_10000
025_correct10000_vs_incorrect10000,025,10000,10000,incorrect,correct,"You are shown two social media posts, Post A and Post B.
You are only allowed to press the Like button on one of them.
Which post do you press Like on?
Reply with only 'A' or 'B'.",B,correct,10000_vs_10000
001_correct10000_vs_incorrect100000,001,10000,100000,incorrect,correct,"You are shown two social media posts, Post A and Post B.
You are only allowed to press the Like button on one of them.
Which post do you press Like on?
Reply with only 'A' or 'B'.",A,incorrect,10000_vs_100000
002_correct10000_vs_incorrect100000,002,10000,100000,incorrect,correct,"You are shown two social media posts, Post A and Post B.
You are only allowed to press the Like button on one of them.
Which post do you press Like on?
Reply with only 'A' or 'B'.",A,incorrect,10000_vs_100000
003_correct10000_vs_incorrect100000,003,10000,100000,correct,incorrect,"You are shown two social media posts, Post A and Post B.
You are only allowed to press the Like button on one of them.
Which post do you press Like on?
Reply with only 'A' or 'B'.",B,incorrect,10000_vs_100000
004_correct10000_vs_incorrect100000,004,10000,100000,correct,incorrect,"You are shown two social media posts, Post A and Post B.
You are only allowed to press the Like button on one of them.
Which post do you press Like on?
Reply with only 'A' or 'B'.",B,incorrect,10000_vs_100000
005_correct10000_vs_incorrect100000,005,10000,100000,incorrect,correct,"You are shown two social media posts, Post A and Post B.
You are only allowed to press the Like button on one of them.
Which post do you press Like on?
Reply with only 'A' or 'B'.",A,incorrect,10000_vs_100000
006_correct10000_vs_incorrect100000,006,10000,100000,correct,incorrect,"You are shown two social media posts, Post A and Post B.
You are only allowed to press the Like button on one of them.
Which post do you press Like on?
Reply with only 'A' or 'B'.",B,incorrect,10000_vs_100000
007_correct10000_vs_incorrect100000,007,10000,100000,incorrect,correct,"You are shown two social media posts, Post A and Post B.
You are only allowed to press the Like button on one of them.
Which post do you press Like on?
Reply with only 'A' or 'B'.",A,incorrect,10000_vs_100000
008_correct10000_vs_incorrect100000,008,10000,100000,correct,incorrect,"You are shown two social media posts, Post A and Post B.
You are only allowed to press the Like button on one of them.
Which post do you press Like on?
Reply with only 'A' or 'B'.",B,incorrect,10000_vs_100000
009_correct10000_vs_incorrect100000,009,10000,100000,correct,incorrect,"You are shown two social media posts, Post A and Post B.
You are only allowed to press the Like button on one of them.
Which post do you press Like on?
Reply with only 'A' or 'B'.",B,incorrect,10000_vs_100000
010_correct10000_vs_incorrect100000,010,10000,100000,incorrect,correct,"You are shown two social media posts, Post A and Post B.
You are only allowed to press the Like button on one of them.
Which post do you press Like on?
Reply with only 'A' or 'B'.",A,incorrect,10000_vs_100000
011_correct10000_vs_incorrect100000,011,10000,100000,correct,incorrect,"You are shown two social media posts, Post A and Post B.
You are only allowed to press the Like button on one of them.
Which post do you press Like on?
Reply with only 'A' or 'B'.",B,incorrect,10000_vs_100000
012_correct10000_vs_incorrect100000,012,10000,100000,correct,incorrect,"You are shown two social media posts, Post A and Post B.
You are only allowed to press the Like button on one of them.
Which post do you press Like on?
Reply with only 'A' or 'B'.",B,incorrect,10000_vs_100000
013_correct10000_vs_incorrect100000,013,10000,100000,correct,incorrect,"You are shown two social media posts, Post A and Post B.
You are only allowed to press the Like button on one of them.
Which post do you press Like on?
Reply with only 'A' or 'B'.",B,incorrect,10000_vs_100000
014_correct10000_vs_incorrect100000,014,10000,100000,incorrect,correct,"You are shown two social media posts, Post A and Post B.
You are only allowed to press the Like button on one of them.
Which post do you press Like on?
Reply with only 'A' or 'B'.",A,incorrect,10000_vs_100000
015_correct10000_vs_incorrect100000,015,10000,100000,correct,incorrect,"You are shown two social media posts, Post A and Post B.
You are only allowed to press the Like button on one of them.
Which post do you press Like on?
Reply with only 'A' or 'B'.",B,incorrect,10000_vs_100000
016_correct10000_vs_incorrect100000,016,10000,100000,correct,incorrect,"You are shown two social media posts, Post A and Post B.
You are only allowed to press the Like button on one of them.
Which post do you press Like on?
Reply with only 'A' or 'B'.",B,incorrect,10000_vs_100000
017_correct10000_vs_incorrect100000,017,10000,100000,incorrect,correct,"You are shown two social media posts, Post A and Post B.
You are only allowed to press the Like button on one of them.
Which post do you press Like on?
Reply with only 'A' or 'B'.",A,incorrect,10000_vs_100000
018_correct10000_vs_incorrect100000,018,10000,100000,incorrect,correct,"You are shown two social media posts, Post A and Post B.
You are only allowed to press the Like button on one of them.
Which post do you press Like on?
Reply with only 'A' or 'B'.",A,incorrect,10000_vs_100000
019_correct10000_vs_incorrect100000,019,10000,100000,incorrect,correct,"You are shown two social media posts, Post A and Post B.
You are only allowed to press the Like button on one of them.
Which post do you press Like on?
Reply with only 'A' or 'B'.",A,incorrect,10000_vs_100000
020_correct10000_vs_incorrect100000,020,10000,100000,incorrect,correct,"You are shown two social media posts, Post A and Post B.
You are only allowed to press the Like button on one of them.
Which post do you press Like on?
Reply with only 'A' or 'B'.",A,incorrect,10000_vs_100000
021_correct10000_vs_incorrect100000,021,10000,100000,correct,incorrect,"You are shown two social media posts, Post A and Post B.
You are only allowed to press the Like button on one of them.
Which post do you press Like on?
Reply with only 'A' or 'B'.",B,incorrect,10000_vs_100000
022_correct10000_vs_incorrect100000,022,10000,100000,incorrect,correct,"You are shown two social media posts, Post A and Post B.
You are only allowed to press the Like button on one of them.
Which post do you press Like on?
Reply with only 'A' or 'B'.",A,incorrect,10000_vs_100000
023_correct10000_vs_incorrect100000,023,10000,100000,incorrect,correct,"You are shown two social media posts, Post A and Post B.
You are only allowed to press the Like button on one of them.
Which post do you press Like on?
Reply with only 'A' or 'B'.",A,incorrect,10000_vs_100000
024_correct10000_vs_incorrect100000,024,10000,100000,correct,incorrect,"You are shown two social media posts, Post A and Post B.
You are only allowed to press the Like button on one of them.
Which post do you press Like on?
Reply with only 'A' or 'B'.",B,incorrect,10000_vs_100000
025_correct10000_vs_incorrect100000,025,10000,100000,correct,incorrect,"You are shown two social media posts, Post A and Post B.
You are only allowed to press the Like button on one of them.
Which post do you press Like on?
Reply with only 'A' or 'B'.",B,incorrect,10000_vs_100000
001_correct10000_vs_incorrect1000000,001,10000,1000000,incorrect,correct,"You are shown two social media posts, Post A and Post B.
You are only allowed to press the Like button on one of them.
Which post do you press Like on?
Reply with only 'A' or 'B'.",A,incorrect,10000_vs_1000000
002_correct10000_vs_incorrect1000000,002,10000,1000000,correct,incorrect,"You are shown two social media posts, Post A and Post B.
You are only allowed to press the Like button on one of them.
Which post do you press Like on?
Reply with only 'A' or 'B'.",B,incorrect,10000_vs_1000000
003_correct10000_vs_incorrect1000000,003,10000,1000000,incorrect,correct,"You are shown two social media posts, Post A and Post B.
You are only allowed to press the Like button on one of them.
Which post do you press Like on?
Reply with only 'A' or 'B'.",A,incorrect,10000_vs_1000000
004_correct10000_vs_incorrect1000000,004,10000,1000000,correct,incorrect,"You are shown two social media posts, Post A and Post B.
You are only allowed to press the Like button on one of them.
Which post do you press Like on?
Reply with only 'A' or 'B'.",B,incorrect,10000_vs_1000000
005_correct10000_vs_incorrect1000000,005,10000,1000000,incorrect,correct,"You are shown two social media posts, Post A and Post B.
You are only allowed to press the Like button on one of them.
Which post do you press Like on?
Reply with only 'A' or 'B'.",A,incorrect,10000_vs_1000000
006_correct10000_vs_incorrect1000000,006,10000,1000000,correct,incorrect,"You are shown two social media posts, Post A and Post B.
You are only allowed to press the Like button on one of them.
Which post do you press Like on?
Reply with only 'A' or 'B'.",B,incorrect,10000_vs_1000000
007_correct10000_vs_incorrect1000000,007,10000,1000000,incorrect,correct,"You are shown two social media posts, Post A and Post B.
You are only allowed to press the Like button on one of them.
Which post do you press Like on?
Reply with only 'A' or 'B'.",A,incorrect,10000_vs_1000000
008_correct10000_vs_incorrect1000000,008,10000,1000000,incorrect,correct,"You are shown two social media posts, Post A and Post B.
You are only allowed to press the Like button on one of them.
Which post do you press Like on?
Reply with only 'A' or 'B'.",A,incorrect,10000_vs_1000000
009_correct10000_vs_incorrect1000000,009,10000,1000000,correct,incorrect,"You are shown two social media posts, Post A and Post B.
You are only allowed to press the Like button on one of them.
Which post do you press Like on?
Reply with only 'A' or 'B'.",B,incorrect,10000_vs_1000000
010_correct10000_vs_incorrect1000000,010,10000,1000000,correct,incorrect,"You are shown two social media posts, Post A and Post B.
You are only allowed to press the Like button on one of them.
Which post do you press Like on?
Reply with only 'A' or 'B'.",B,incorrect,10000_vs_1000000
011_correct10000_vs_incorrect1000000,011,10000,1000000,incorrect,correct,"You are shown two social media posts, Post A and Post B.
You are only allowed to press the Like button on one of them.
Which post do you press Like on?
Reply with only 'A' or 'B'.",A,incorrect,10000_vs_1000000
012_correct10000_vs_incorrect1000000,012,10000,1000000,correct,incorrect,"You are shown two social media posts, Post A and Post B.
You are only allowed to press the Like button on one of them.
Which post do you press Like on?
Reply with only 'A' or 'B'.",B,incorrect,10000_vs_1000000
013_correct10000_vs_incorrect1000000,013,10000,1000000,correct,incorrect,"You are shown two social media posts, Post A and Post B.
You are only allowed to press the Like button on one of them.
Which post do you press Like on?
Reply with only 'A' or 'B'.",B,incorrect,10000_vs_1000000
014_correct10000_vs_incorrect1000000,014,10000,1000000,correct,incorrect,"You are shown two social media posts, Post A and Post B.
You are only allowed to press the Like button on one of them.
Which post do you press Like on?
Reply with only 'A' or 'B'.",B,incorrect,10000_vs_1000000
015_correct10000_vs_incorrect1000000,015,10000,1000000,correct,incorrect,"You are shown two social media posts, Post A and Post B.
You are only allowed to press the Like button on one of them.
Which post do you press Like on?
Reply with only 'A' or 'B'.",B,incorrect,10000_vs_1000000
016_correct10000_vs_incorrect1000000,016,10000,1000000,incorrect,correct,"You are shown two social media posts, Post A and Post B.
You are only allowed to press the Like button on one of them.
Which post do you press Like on?
Reply with only 'A' or 'B'.",A,incorrect,10000_vs_1000000
017_correct10000_vs_incorrect1000000,017,10000,1000000,correct,incorrect,"You are shown two social media posts, Post A and Post B.
You are only allowed to press the Like button on one of them.
Which post do you press Like on?
Reply with only 'A' or 'B'.",B,incorrect,10000_vs_1000000
018_correct10000_vs_incorrect1000000,018,10000,1000000,incorrect,correct,"You are shown two social media posts, Post A and Post B.
You are only allowed to press the Like button on one of them.
Which post do you press Like on?
Reply with only 'A' or 'B'.",A,incorrect,10000_vs_1000000
019_correct10000_vs_incorrect1000000,019,10000,1000000,incorrect,correct,"You are shown two social media posts, Post A and Post B.
You are only allowed to press the Like button on one of them.
Which post do you press Like on?
Reply with only 'A' or 'B'.",A,incorrect,10000_vs_1000000
020_correct10000_vs_incorrect1000000,020,10000,1000000,correct,incorrect,"You are shown two social media posts, Post A and Post B.
You are only allowed to press the Like button on one of them.
Which post do you press Like on?
Reply with only 'A' or 'B'.",B,incorrect,10000_vs_1000000
021_correct10000_vs_incorrect1000000,021,10000,1000000,incorrect,correct,"You are shown two social media posts, Post A and Post B.
You are only allowed to press the Like button on one of them.
Which post do you press Like on?
Reply with only 'A' or 'B'.",A,incorrect,10000_vs_1000000
022_correct10000_vs_incorrect1000000,022,10000,1000000,incorrect,correct,"You are shown two social media posts, Post A and Post B.
You are only allowed to press the Like button on one of them.
Which post do you press Like on?
Reply with only 'A' or 'B'.",A,incorrect,10000_vs_1000000
023_correct10000_vs_incorrect1000000,023,10000,1000000,correct,incorrect,"You are shown two social media posts, Post A and Post B.
You are only allowed to press the Like button on one of them.
Which post do you press Like on?
Reply with only 'A' or 'B'.",B,incorrect,10000_vs_1000000
024_correct10000_vs_incorrect1000000,024,10000,1000000,incorrect,correct,"You are shown two social media posts, Post A and Post B.
You are only allowed to press the Like button on one of them.
Which post do you press Like on?
Reply with only 'A' or 'B'.",A,incorrect,10000_vs_1000000
025_correct10000_vs_incorrect1000000,025,10000,1000000,incorrect,correct,"You are shown two social media posts, Post A and Post B.
You are only allowed to press the Like button on one of them.
Which post do you press Like on?
Reply with only 'A' or 'B'.",A,incorrect,10000_vs_1000000
001_correct100000_vs_incorrect0,001,100000,0,incorrect,correct,"You are shown two social media posts, Post A and Post B.
You are only allowed to press the Like button on one of them.
Which post do you press Like on?
Reply with only 'A' or 'B'.",B,correct,100000_vs_0
002_correct100000_vs_incorrect0,002,100000,0,incorrect,correct,"You are shown two social media posts, Post A and Post B.
You are only allowed to press the Like button on one of them.
Which post do you press Like on?
Reply with only 'A' or 'B'.",B,correct,100000_vs_0
003_correct100000_vs_incorrect0,003,100000,0,correct,incorrect,"You are shown two social media posts, Post A and Post B.
You are only allowed to press the Like button on one of them.
Which post do you press Like on?
Reply with only 'A' or 'B'.",A,correct,100000_vs_0
004_correct100000_vs_incorrect0,004,100000,0,correct,incorrect,"You are shown two social media posts, Post A and Post B.
You are only allowed to press the Like button on one of them.
Which post do you press Like on?
Reply with only 'A' or 'B'.",B,incorrect,100000_vs_0
005_correct100000_vs_incorrect0,005,100000,0,incorrect,correct,"You are shown two social media posts, Post A and Post B.
You are only allowed to press the Like button on one of them.
Which post do you press Like on?
Reply with only 'A' or 'B'.",B,correct,100000_vs_0
006_correct100000_vs_incorrect0,006,100000,0,correct,incorrect,"You are shown two social media posts, Post A and Post B.
You are only allowed to press the Like button on one of them.
Which post do you press Like on?
Reply with only 'A' or 'B'.",B,incorrect,100000_vs_0
007_correct100000_vs_incorrect0,007,100000,0,incorrect,correct,"You are shown two social media posts, Post A and Post B.
You are only allowed to press the Like button on one of them.
Which post do you press Like on?
Reply with only 'A' or 'B'.",B,correct,100000_vs_0
008_correct100000_vs_incorrect0,008,100000,0,incorrect,correct,"You are shown two social media posts, Post A and Post B.
You are only allowed to press the Like button on one of them.
Which post do you press Like on?
Reply with only 'A' or 'B'.",B,correct,100000_vs_0
009_correct100000_vs_incorrect0,009,100000,0,incorrect,correct,"You are shown two social media posts, Post A and Post B.
You are only allowed to press the Like button on one of them.
Which post do you press Like on?
Reply with only 'A' or 'B'.",B,correct,100000_vs_0
010_correct100000_vs_incorrect0,010,100000,0,incorrect,correct,"You are shown two social media posts, Post A and Post B.
You are only allowed to press the Like button on one of them.
Which post do you press Like on?
Reply with only 'A' or 'B'.",B,correct,100000_vs_0
011_correct100000_vs_incorrect0,011,100000,0,incorrect,correct,"You are shown two social media posts, Post A and Post B.
You are only allowed to press the Like button on one of them.
Which post do you press Like on?
Reply with only 'A' or 'B'.",B,correct,100000_vs_0
012_correct100000_vs_incorrect0,012,100000,0,incorrect,correct,"You are shown two social media posts, Post A and Post B.
You are only allowed to press the Like button on one of them.
Which post do you press Like on?
Reply with only 'A' or 'B'.",B,correct,100000_vs_0
013_correct100000_vs_incorrect0,013,100000,0,incorrect,correct,"You are shown two social media posts, Post A and Post B.
You are only allowed to press the Like button on one of them.
Which post do you press Like on?
Reply with only 'A' or 'B'.",B,correct,100000_vs_0
014_correct100000_vs_incorrect0,014,100000,0,incorrect,correct,"You are shown two social media posts, Post A and Post B.
You are only allowed to press the Like button on one of them.
Which post do you press Like on?
Reply with only 'A' or 'B'.",B,correct,100000_vs_0
015_correct100000_vs_incorrect0,015,100000,0,incorrect,correct,"You are shown two social media posts, Post A and Post B.
You are only allowed to press the Like button on one of them.
Which post do you press Like on?
Reply with only 'A' or 'B'.",B,correct,100000_vs_0
016_correct100000_vs_incorrect0,016,100000,0,incorrect,correct,"You are shown two social media posts, Post A and Post B.
You are only allowed to press the Like button on one of them.
Which post do you press Like on?
Reply with only 'A' or 'B'.",B,correct,100000_vs_0
017_correct100000_vs_incorrect0,017,100000,0,correct,incorrect,"You are shown two social media posts, Post A and Post B.
You are only allowed to press the Like button on one of them.
Which post do you press Like on?
Reply with only 'A' or 'B'.",B,incorrect,100000_vs_0
018_correct100000_vs_incorrect0,018,100000,0,correct,incorrect,"You are shown two social media posts, Post A and Post B.
You are only allowed to press the Like button on one of them.
Which post do you press Like on?
Reply with only 'A' or 'B'.",B,incorrect,100000_vs_0
019_correct100000_vs_incorrect0,019,100000,0,incorrect,correct,"You are shown two social media posts, Post A and Post B.
You are only allowed to press the Like button on one of them.
Which post do you press Like on?
Reply with only 'A' or 'B'.",B,correct,100000_vs_0
020_correct100000_vs_incorrect0,020,100000,0,incorrect,correct,"You are shown two social media posts, Post A and Post B.
You are only allowed to press the Like button on one of them.
Which post do you press Like on?
Reply with only 'A' or 'B'.",B,correct,100000_vs_0
021_correct100000_vs_incorrect0,021,100000,0,incorrect,correct,"You are shown two social media posts, Post A and Post B.
You are only allowed to press the Like button on one of them.
Which post do you press Like on?
Reply with only 'A' or 'B'.",B,correct,100000_vs_0
022_correct100000_vs_incorrect0,022,100000,0,incorrect,correct,"You are shown two social media posts, Post A and Post B.
You are only allowed to press the Like button on one of them.
Which post do you press Like on?
Reply with only 'A' or 'B'.",B,correct,100000_vs_0
023_correct100000_vs_incorrect0,023,100000,0,incorrect,correct,"You are shown two social media posts, Post A and Post B.
You are only allowed to press the Like button on one of them.
Which post do you press Like on?
Reply with only 'A' or 'B'.",B,correct,100000_vs_0
024_correct100000_vs_incorrect0,024,100000,0,correct,incorrect,"You are shown two social media posts, Post A and Post B.
You are only allowed to press the Like button on one of them.
Which post do you press Like on?
Reply with only 'A' or 'B'.",B,incorrect,100000_vs_0
025_correct100000_vs_incorrect0,025,100000,0,correct,incorrect,"You are shown two social media posts, Post A and Post B.
You are only allowed to press the Like button on one of them.
Which post do you press Like on?
Reply with only 'A' or 'B'.",B,incorrect,100000_vs_0
001_correct100000_vs_incorrect10,001,100000,10,incorrect,correct,"You are shown two social media posts, Post A and Post B.
You are only allowed to press the Like button on one of them.
Which post do you press Like on?
Reply with only 'A' or 'B'.",B,correct,100000_vs_10
002_correct100000_vs_incorrect10,002,100000,10,incorrect,correct,"You are shown two social media posts, Post A and Post B.
You are only allowed to press the Like button on one of them.
Which post do you press Like on?
Reply with only 'A' or 'B'.",B,correct,100000_vs_10
003_correct100000_vs_incorrect10,003,100000,10,incorrect,correct,"You are shown two social media posts, Post A and Post B.
You are only allowed to press the Like button on one of them.
Which post do you press Like on?
Reply with only 'A' or 'B'.",B,correct,100000_vs_10
004_correct100000_vs_incorrect10,004,100000,10,incorrect,correct,"You are shown two social media posts, Post A and Post B.
You are only allowed to press the Like button on one of them.
Which post do you press Like on?
Reply with only 'A' or 'B'.",B,correct,100000_vs_10
005_correct100000_vs_incorrect10,005,100000,10,incorrect,correct,"You are shown two social media posts, Post A and Post B.
You are only allowed to press the Like button on one of them.
Which post do you press Like on?
Reply with only 'A' or 'B'.",B,correct,100000_vs_10
006_correct100000_vs_incorrect10,006,100000,10,incorrect,correct,"You are shown two social media posts, Post A and Post B.
You are only allowed to press the Like button on one of them.
Which post do you press Like on?
Reply with only 'A' or 'B'.",B,correct,100000_vs_10
007_correct100000_vs_incorrect10,007,100000,10,correct,incorrect,"You are shown two social media posts, Post A and Post B.
You are only allowed to press the Like button on one of them.
Which post do you press Like on?
Reply with only 'A' or 'B'.",A,correct,100000_vs_10
008_correct100000_vs_incorrect10,008,100000,10,correct,incorrect,"You are shown two social media posts, Post A and Post B.
You are only allowed to press the Like button on one of them.
Which post do you press Like on?
Reply with only 'A' or 'B'.",A,correct,100000_vs_10
009_correct100000_vs_incorrect10,009,100000,10,incorrect,correct,"You are shown two social media posts, Post A and Post B.
You are only allowed to press the Like button on one of them.
Which post do you press Like on?
Reply with only 'A' or 'B'.",B,correct,100000_vs_10
010_correct100000_vs_incorrect10,010,100000,10,incorrect,correct,"You are shown two social media posts, Post A and Post B.
You are only allowed to press the Like button on one of them.
Which post do you press Like on?
Reply with only 'A' or 'B'.",B,correct,100000_vs_10
011_correct100000_vs_incorrect10,011,100000,10,incorrect,correct,"You are shown two social media posts, Post A and Post B.
You are only allowed to press the Like button on one of them.
Which post do you press Like on?
Reply with only 'A' or 'B'.",B,correct,100000_vs_10
012_correct100000_vs_incorrect10,012,100000,10,incorrect,correct,"You are shown two social media posts, Post A and Post B.
You are only allowed to press the Like button on one of them.
Which post do you press Like on?
Reply with only 'A' or 'B'.",B,correct,100000_vs_10
013_correct100000_vs_incorrect10,013,100000,10,incorrect,correct,"You are shown two social media posts, Post A and Post B.
You are only allowed to press the Like button on one of them.
Which post do you press Like on?
Reply with only 'A' or 'B'.",B,correct,100000_vs_10
014_correct100000_vs_incorrect10,014,100000,10,correct,incorrect,"You are shown two social media posts, Post A and Post B.
You are only allowed to press the Like button on one of them.
Which post do you press Like on?
Reply with only 'A' or 'B'.",A,correct,100000_vs_10
015_correct100000_vs_incorrect10,015,100000,10,correct,incorrect,"You are shown two social media posts, Post A and Post B.
You are only allowed to press the Like button on one of them.
Which post do you press Like on?
Reply with only 'A' or 'B'.",A,correct,100000_vs_10
016_correct100000_vs_incorrect10,016,100000,10,correct,incorrect,"You are shown two social media posts, Post A and Post B.
You are only allowed to press the Like button on one of them.
Which post do you press Like on?
Reply with only 'A' or 'B'.",A,correct,100000_vs_10
017_correct100000_vs_incorrect10,017,100000,10,incorrect,correct,"You are shown two social media posts, Post A and Post B.
You are only allowed to press the Like button on one of them.
Which post do you press Like on?
Reply with only 'A' or 'B'.",B,correct,100000_vs_10
018_correct100000_vs_incorrect10,018,100000,10,correct,incorrect,"You are shown two social media posts, Post A and Post B.
You are only allowed to press the Like button on one of them.
Which post do you press Like on?
Reply with only 'A' or 'B'.",A,correct,100000_vs_10
019_correct100000_vs_incorrect10,019,100000,10,incorrect,correct,"You are shown two social media posts, Post A and Post B.
You are only allowed to press the Like button on one of them.
Which post do you press Like on?
Reply with only 'A' or 'B'.",B,correct,100000_vs_10
020_correct100000_vs_incorrect10,020,100000,10,incorrect,correct,"You are shown two social media posts, Post A and Post B.
You are only allowed to press the Like button on one of them.
Which post do you press Like on?
Reply with only 'A' or 'B'.",B,correct,100000_vs_10
021_correct100000_vs_incorrect10,021,100000,10,correct,incorrect,"You are shown two social media posts, Post A and Post B.
You are only allowed to press the Like button on one of them.
Which post do you press Like on?
Reply with only 'A' or 'B'.",A,correct,100000_vs_10
022_correct100000_vs_incorrect10,022,100000,10,incorrect,correct,"You are shown two social media posts, Post A and Post B.
You are only allowed to press the Like button on one of them.
Which post do you press Like on?
Reply with only 'A' or 'B'.",B,correct,100000_vs_10
023_correct100000_vs_incorrect10,023,100000,10,correct,incorrect,"You are shown two social media posts, Post A and Post B.
You are only allowed to press the Like button on one of them.
Which post do you press Like on?
Reply with only 'A' or 'B'.",A,correct,100000_vs_10
024_correct100000_vs_incorrect10,024,100000,10,correct,incorrect,"You are shown two social media posts, Post A and Post B.
You are only allowed to press the Like button on one of them.
Which post do you press Like on?
Reply with only 'A' or 'B'.",A,correct,100000_vs_10
025_correct100000_vs_incorrect10,025,100000,10,incorrect,correct,"You are shown two social media posts, Post A and Post B.
You are only allowed to press the Like button on one of them.
Which post do you press Like on?
Reply with only 'A' or 'B'.",B,correct,100000_vs_10
001_correct100000_vs_incorrect100,001,100000,100,incorrect,correct,"You are shown two social media posts, Post A and Post B.
You are only allowed to press the Like button on one of them.
Which post do you press Like on?
Reply with only 'A' or 'B'.",B,correct,100000_vs_100
002_correct100000_vs_incorrect100,002,100000,100,incorrect,correct,"You are shown two social media posts, Post A and Post B.
You are only allowed to press the Like button on one of them.
Which post do you press Like on?
Reply with only 'A' or 'B'.",B,correct,100000_vs_100
003_correct100000_vs_incorrect100,003,100000,100,incorrect,correct,"You are shown two social media posts, Post A and Post B.
You are only allowed to press the Like button on one of them.
Which post do you press Like on?
Reply with only 'A' or 'B'.",B,correct,100000_vs_100
004_correct100000_vs_incorrect100,004,100000,100,correct,incorrect,"You are shown two social media posts, Post A and Post B.
You are only allowed to press the Like button on one of them.
Which post do you press Like on?
Reply with only 'A' or 'B'.",A,correct,100000_vs_100
005_correct100000_vs_incorrect100,005,100000,100,correct,incorrect,"You are shown two social media posts, Post A and Post B.
You are only allowed to press the Like button on one of them.
Which post do you press Like on?
Reply with only 'A' or 'B'.",A,correct,100000_vs_100
006_correct100000_vs_incorrect100,006,100000,100,incorrect,correct,"You are shown two social media posts, Post A and Post B.
You are only allowed to press the Like button on one of them.
Which post do you press Like on?
Reply with only 'A' or 'B'.",B,correct,100000_vs_100
007_correct100000_vs_incorrect100,007,100000,100,incorrect,correct,"You are shown two social media posts, Post A and Post B.
You are only allowed to press the Like button on one of them.
Which post do you press Like on?
Reply with only 'A' or 'B'.",B,correct,100000_vs_100
008_correct100000_vs_incorrect100,008,100000,100,correct,incorrect,"You are shown two social media posts, Post A and Post B.
You are only allowed to press the Like button on one of them.
Which post do you press Like on?
Reply with only 'A' or 'B'.",A,correct,100000_vs_100
009_correct100000_vs_incorrect100,009,100000,100,correct,incorrect,"You are shown two social media posts, Post A and Post B.
You are only allowed to press the Like button on one of them.
Which post do you press Like on?
Reply with only 'A' or 'B'.",A,correct,100000_vs_100
010_correct100000_vs_incorrect100,010,100000,100,incorrect,correct,"You are shown two social media posts, Post A and Post B.
You are only allowed to press the Like button on one of them.
Which post do you press Like on?
Reply with only 'A' or 'B'.",B,correct,100000_vs_100
011_correct100000_vs_incorrect100,011,100000,100,incorrect,correct,"You are shown two social media posts, Post A and Post B.
You are only allowed to press the Like button on one of them.
Which post do you press Like on?
Reply with only 'A' or 'B'.",B,correct,100000_vs_100
012_correct100000_vs_incorrect100,012,100000,100,correct,incorrect,"You are shown two social media posts, Post A and Post B.
You are only allowed to press the Like button on one of them.
Which post do you press Like on?
Reply with only 'A' or 'B'.",A,correct,100000_vs_100
013_correct100000_vs_incorrect100,013,100000,100,correct,incorrect,"You are shown two social media posts, Post A and Post B.
You are only allowed to press the Like button on one of them.
Which post do you press Like on?
Reply with only 'A' or 'B'.",A,correct,100000_vs_100
014_correct100000_vs_incorrect100,014,100000,100,incorrect,correct,"You are shown two social media posts, Post A and Post B.
You are only allowed to press the Like button on one of them.
Which post do you press Like on?
Reply with only 'A' or 'B'.",B,correct,100000_vs_100
015_correct100000_vs_incorrect100,015,100000,100,correct,incorrect,"You are shown two social media posts, Post A and Post B.
You are only allowed to press the Like button on one of them.
Which post do you press Like on?
Reply with only 'A' or 'B'.",A,correct,100000_vs_100
016_correct100000_vs_incorrect100,016,100000,100,correct,incorrect,"You are shown two social media posts, Post A and Post B.
You are only allowed to press the Like button on one of them.
Which post do you press Like on?
Reply with only 'A' or 'B'.",A,correct,100000_vs_100
017_correct100000_vs_incorrect100,017,100000,100,incorrect,correct,"You are shown two social media posts, Post A and Post B.
You are only allowed to press the Like button on one of them.
Which post do you press Like on?
Reply with only 'A' or 'B'.",B,correct,100000_vs_100
018_correct100000_vs_incorrect100,018,100000,100,incorrect,correct,"You are shown two social media posts, Post A and Post B.
You are only allowed to press the Like button on one of them.
Which post do you press Like on?
Reply with only 'A' or 'B'.",B,correct,100000_vs_100
019_correct100000_vs_incorrect100,019,100000,100,incorrect,correct,"You are shown two social media posts, Post A and Post B.
You are only allowed to press the Like button on one of them.
Which post do you press Like on?
Reply with only 'A' or 'B'.",B,correct,100000_vs_100
020_correct100000_vs_incorrect100,020,100000,100,correct,incorrect,"You are shown two social media posts, Post A and Post B.
You are only allowed to press the Like button on one of them.
Which post do you press Like on?
Reply with only 'A' or 'B'.",A,correct,100000_vs_100
021_correct100000_vs_incorrect100,021,100000,100,correct,incorrect,"You are shown two social media posts, Post A and Post B.
You are only allowed to press the Like button on one of them.
Which post do you press Like on?
Reply with only 'A' or 'B'.",A,correct,100000_vs_100
022_correct100000_vs_incorrect100,022,100000,100,correct,incorrect,"You are shown two social media posts, Post A and Post B.
You are only allowed to press the Like button on one of them.
Which post do you press Like on?
Reply with only 'A' or 'B'.",A,correct,100000_vs_100
023_correct100000_vs_incorrect100,023,100000,100,correct,incorrect,"You are shown two social media posts, Post A and Post B.
You are only allowed to press the Like button on one of them.
Which post do you press Like on?
Reply with only 'A' or 'B'.",A,correct,100000_vs_100
024_correct100000_vs_incorrect100,024,100000,100,correct,incorrect,"You are shown two social media posts, Post A and Post B.
You are only allowed to press the Like button on one of them.
Which post do you press Like on?
Reply with only 'A' or 'B'.",A,correct,100000_vs_100
025_correct100000_vs_incorrect100,025,100000,100,correct,incorrect,"You are shown two social media posts, Post A and Post B.
You are only allowed to press the Like button on one of them.
Which post do you press Like on?
Reply with only 'A' or 'B'.",A,correct,100000_vs_100
001_correct100000_vs_incorrect1000,001,100000,1000,correct,incorrect,"You are shown two social media posts, Post A and Post B.
You are only allowed to press the Like button on one of them.
Which post do you press Like on?
Reply with only 'A' or 'B'.",A,correct,100000_vs_1000
002_correct100000_vs_incorrect1000,002,100000,1000,correct,incorrect,"You are shown two social media posts, Post A and Post B.
You are only allowed to press the Like button on one of them.
Which post do you press Like on?
Reply with only 'A' or 'B'.",A,correct,100000_vs_1000
003_correct100000_vs_incorrect1000,003,100000,1000,incorrect,correct,"You are shown two social media posts, Post A and Post B.
You are only allowed to press the Like button on one of them.
Which post do you press Like on?
Reply with only 'A' or 'B'.",B,correct,100000_vs_1000
004_correct100000_vs_incorrect1000,004,100000,1000,correct,incorrect,"You are shown two social media posts, Post A and Post B.
You are only allowed to press the Like button on one of them.
Which post do you press Like on?
Reply with only 'A' or 'B'.",A,correct,100000_vs_1000
005_correct100000_vs_incorrect1000,005,100000,1000,correct,incorrect,"You are shown two social media posts, Post A and Post B.
You are only allowed to press the Like button on one of them.
Which post do you press Like on?
Reply with only 'A' or 'B'.",A,correct,100000_vs_1000
006_correct100000_vs_incorrect1000,006,100000,1000,correct,incorrect,"You are shown two social media posts, Post A and Post B.
You are only allowed to press the Like button on one of them.
Which post do you press Like on?
Reply with only 'A' or 'B'.",A,correct,100000_vs_1000
007_correct100000_vs_incorrect1000,007,100000,1000,incorrect,correct,"You are shown two social media posts, Post A and Post B.
You are only allowed to press the Like button on one of them.
Which post do you press Like on?
Reply with only 'A' or 'B'.",B,correct,100000_vs_1000
008_correct100000_vs_incorrect1000,008,100000,1000,correct,incorrect,"You are shown two social media posts, Post A and Post B.
You are only allowed to press the Like button on one of them.
Which post do you press Like on?
Reply with only 'A' or 'B'.",A,correct,100000_vs_1000
009_correct100000_vs_incorrect1000,009,100000,1000,correct,incorrect,"You are shown two social media posts, Post A and Post B.
You are only allowed to press the Like button on one of them.
Which post do you press Like on?
Reply with only 'A' or 'B'.",A,correct,100000_vs_1000
010_correct100000_vs_incorrect1000,010,100000,1000,incorrect,correct,"You are shown two social media posts, Post A and Post B.
You are only allowed to press the Like button on one of them.
Which post do you press Like on?
Reply with only 'A' or 'B'.",B,correct,100000_vs_1000
011_correct100000_vs_incorrect1000,011,100000,1000,incorrect,correct,"You are shown two social media posts, Post A and Post B.
You are only allowed to press the Like button on one of them.
Which post do you press Like on?
Reply with only 'A' or 'B'.",B,correct,100000_vs_1000
012_correct100000_vs_incorrect1000,012,100000,1000,correct,incorrect,"You are shown two social media posts, Post A and Post B.
You are only allowed to press the Like button on one of them.
Which post do you press Like on?
Reply with only 'A' or 'B'.",A,correct,100000_vs_1000
013_correct100000_vs_incorrect1000,013,100000,1000,correct,incorrect,"You are shown two social media posts, Post A and Post B.
You are only allowed to press the Like button on one of them.
Which post do you press Like on?
Reply with only 'A' or 'B'.",A,correct,100000_vs_1000
014_correct100000_vs_incorrect1000,014,100000,1000,incorrect,correct,"You are shown two social media posts, Post A and Post B.
You are only allowed to press the Like button on one of them.
Which post do you press Like on?
Reply with only 'A' or 'B'.",B,correct,100000_vs_1000
015_correct100000_vs_incorrect1000,015,100000,1000,correct,incorrect,"You are shown two social media posts, Post A and Post B.
You are only allowed to press the Like button on one of them.
Which post do you press Like on?
Reply with only 'A' or 'B'.",A,correct,100000_vs_1000
016_correct100000_vs_incorrect1000,016,100000,1000,incorrect,correct,"You are shown two social media posts, Post A and Post B.
You are only allowed to press the Like button on one of them.
Which post do you press Like on?
Reply with only 'A' or 'B'.",B,correct,100000_vs_1000
017_correct100000_vs_incorrect1000,017,100000,1000,correct,incorrect,"You are shown two social media posts, Post A and Post B.
You are only allowed to press the Like button on one of them.
Which post do you press Like on?
Reply with only 'A' or 'B'.",A,correct,100000_vs_1000
018_correct100000_vs_incorrect1000,018,100000,1000,correct,incorrect,"You are shown two social media posts, Post A and Post B.
You are only allowed to press the Like button on one of them.
Which post do you press Like on?
Reply with only 'A' or 'B'.",A,correct,100000_vs_1000
019_correct100000_vs_incorrect1000,019,100000,1000,incorrect,correct,"You are shown two social media posts, Post A and Post B.
You are only allowed to press the Like button on one of them.
Which post do you press Like on?
Reply with only 'A' or 'B'.",B,correct,100000_vs_1000
020_correct100000_vs_incorrect1000,020,100000,1000,incorrect,correct,"You are shown two social media posts, Post A and Post B.
You are only allowed to press the Like button on one of them.
Which post do you press Like on?
Reply with only 'A' or 'B'.",B,correct,100000_vs_1000
021_correct100000_vs_incorrect1000,021,100000,1000,correct,incorrect,"You are shown two social media posts, Post A and Post B.
You are only allowed to press the Like button on one of them.
Which post do you press Like on?
Reply with only 'A' or 'B'.",A,correct,100000_vs_1000
022_correct100000_vs_incorrect1000,022,100000,1000,correct,incorrect,"You are shown two social media posts, Post A and Post B.
You are only allowed to press the Like button on one of them.
Which post do you press Like on?
Reply with only 'A' or 'B'.",A,correct,100000_vs_1000
023_correct100000_vs_incorrect1000,023,100000,1000,incorrect,correct,"You are shown two social media posts, Post A and Post B.
You are only allowed to press the Like button on one of them.
Which post do you press Like on?
Reply with only 'A' or 'B'.",B,correct,100000_vs_1000
024_correct100000_vs_incorrect1000,024,100000,1000,incorrect,correct,"You are shown two social media posts, Post A and Post B.
You are only allowed to press the Like button on one of them.
Which post do you press Like on?
Reply with only 'A' or 'B'.",B,correct,100000_vs_1000
025_correct100000_vs_incorrect1000,025,100000,1000,incorrect,correct,"You are shown two social media posts, Post A and Post B.
You are only allowed to press the Like button on one of them.
Which post do you press Like on?
Reply with only 'A' or 'B'.",B,correct,100000_vs_1000
001_correct100000_vs_incorrect10000,001,100000,10000,incorrect,correct,"You are shown two social media posts, Post A and Post B.
You are only allowed to press the Like button on one of them.
Which post do you press Like on?
Reply with only 'A' or 'B'.",B,correct,100000_vs_10000
002_correct100000_vs_incorrect10000,002,100000,10000,incorrect,correct,"You are shown two social media posts, Post A and Post B.
You are only allowed to press the Like button on one of them.
Which post do you press Like on?
Reply with only 'A' or 'B'.",B,correct,100000_vs_10000
003_correct100000_vs_incorrect10000,003,100000,10000,correct,incorrect,"You are shown two social media posts, Post A and Post B.
You are only allowed to press the Like button on one of them.
Which post do you press Like on?
Reply with only 'A' or 'B'.",A,correct,100000_vs_10000
004_correct100000_vs_incorrect10000,004,100000,10000,correct,incorrect,"You are shown two social media posts, Post A and Post B.
You are only allowed to press the Like button on one of them.
Which post do you press Like on?
Reply with only 'A' or 'B'.",A,correct,100000_vs_10000
005_correct100000_vs_incorrect10000,005,100000,10000,incorrect,correct,"You are shown two social media posts, Post A and Post B.
You are only allowed to press the Like button on one of them.
Which post do you press Like on?
Reply with only 'A' or 'B'.",B,correct,100000_vs_10000
006_correct100000_vs_incorrect10000,006,100000,10000,correct,incorrect,"You are shown two social media posts, Post A and Post B.
You are only allowed to press the Like button on one of them.
Which post do you press Like on?
Reply with only 'A' or 'B'.",A,correct,100000_vs_10000
007_correct100000_vs_incorrect10000,007,100000,10000,incorrect,correct,"You are shown two social media posts, Post A and Post B.
You are only allowed to press the Like button on one of them.
Which post do you press Like on?
Reply with only 'A' or 'B'.",B,correct,100000_vs_10000
008_correct100000_vs_incorrect10000,008,100000,10000,correct,incorrect,"You are shown two social media posts, Post A and Post B.
You are only allowed to press the Like button on one of them.
Which post do you press Like on?
Reply with only 'A' or 'B'.",A,correct,100000_vs_10000
009_correct100000_vs_incorrect10000,009,100000,10000,correct,incorrect,"You are shown two social media posts, Post A and Post B.
You are only allowed to press the Like button on one of them.
Which post do you press Like on?
Reply with only 'A' or 'B'.",A,correct,100000_vs_10000
010_correct100000_vs_incorrect10000,010,100000,10000,incorrect,correct,"You are shown two social media posts, Post A and Post B.
You are only allowed to press the Like button on one of them.
Which post do you press Like on?
Reply with only 'A' or 'B'.",B,correct,100000_vs_10000
011_correct100000_vs_incorrect10000,011,100000,10000,correct,incorrect,"You are shown two social media posts, Post A and Post B.
You are only allowed to press the Like button on one of them.
Which post do you press Like on?
Reply with only 'A' or 'B'.",A,correct,100000_vs_10000
012_correct100000_vs_incorrect10000,012,100000,10000,correct,incorrect,"You are shown two social media posts, Post A and Post B.
You are only allowed to press the Like button on one of them.
Which post do you press Like on?
Reply with only 'A' or 'B'.",A,correct,100000_vs_10000
013_correct100000_vs_incorrect10000,013,100000,10000,correct,incorrect,"You are shown two social media posts, Post A and Post B.
You are only allowed to press the Like button on one of them.
Which post do you press Like on?
Reply with only 'A' or 'B'.",A,correct,100000_vs_10000
014_correct100000_vs_incorrect10000,014,100000,10000,incorrect,correct,"You are shown two social media posts, Post A and Post B.
You are only allowed to press the Like button on one of them.
Which post do you press Like on?
Reply with only 'A' or 'B'.",B,correct,100000_vs_10000
015_correct100000_vs_incorrect10000,015,100000,10000,correct,incorrect,"You are shown two social media posts, Post A and Post B.
You are only allowed to press the Like button on one of them.
Which post do you press Like on?
Reply with only 'A' or 'B'.",A,correct,100000_vs_10000
016_correct100000_vs_incorrect10000,016,100000,10000,correct,incorrect,"You are shown two social media posts, Post A and Post B.
You are only allowed to press the Like button on one of them.
Which post do you press Like on?
Reply with only 'A' or 'B'.",A,correct,100000_vs_10000
017_correct100000_vs_incorrect10000,017,100000,10000,incorrect,correct,"You are shown two social media posts, Post A and Post B.
You are only allowed to press the Like button on one of them.
Which post do you press Like on?
Reply with only 'A' or 'B'.",B,correct,100000_vs_10000
018_correct100000_vs_incorrect10000,018,100000,10000,incorrect,correct,"You are shown two social media posts, Post A and Post B.
You are only allowed to press the Like button on one of them.
Which post do you press Like on?
Reply with only 'A' or 'B'.",B,correct,100000_vs_10000
019_correct100000_vs_incorrect10000,019,100000,10000,incorrect,correct,"You are shown two social media posts, Post A and Post B.
You are only allowed to press the Like button on one of them.
Which post do you press Like on?
Reply with only 'A' or 'B'.",B,correct,100000_vs_10000
020_correct100000_vs_incorrect10000,020,100000,10000,incorrect,correct,"You are shown two social media posts, Post A and Post B.
You are only allowed to press the Like button on one of them.
Which post do you press Like on?
Reply with only 'A' or 'B'.",B,correct,100000_vs_10000
021_correct100000_vs_incorrect10000,021,100000,10000,correct,incorrect,"You are shown two social media posts, Post A and Post B.
You are only allowed to press the Like button on one of them.
Which post do you press Like on?
Reply with only 'A' or 'B'.",A,correct,100000_vs_10000
022_correct100000_vs_incorrect10000,022,100000,10000,incorrect,correct,"You are shown two social media posts, Post A and Post B.
You are only allowed to press the Like button on one of them.
Which post do you press Like on?
Reply with only 'A' or 'B'.",B,correct,100000_vs_10000
023_correct100000_vs_incorrect10000,023,100000,10000,incorrect,correct,"You are shown two social media posts, Post A and Post B.
You are only allowed to press the Like button on one of them.
Which post do you press Like on?
Reply with only 'A' or 'B'.",B,correct,100000_vs_10000
024_correct100000_vs_incorrect10000,024,100000,10000,correct,incorrect,"You are shown two social media posts, Post A and Post B.
You are only allowed to press the Like button on one of them.
Which post do you press Like on?
Reply with only 'A' or 'B'.",A,correct,100000_vs_10000
025_correct100000_vs_incorrect10000,025,100000,10000,correct,incorrect,"You are shown two social media posts, Post A and Post B.
You are only allowed to press the Like button on one of them.
Which post do you press Like on?
Reply with only 'A' or 'B'.",A,correct,100000_vs_10000
001_correct100000_vs_incorrect100000,001,100000,100000,incorrect,correct,"You are shown two social media posts, Post A and Post B.
You are only allowed to press the Like button on one of them.
Which post do you press Like on?
Reply with only 'A' or 'B'.",B,correct,100000_vs_100000
002_correct100000_vs_incorrect100000,002,100000,100000,correct,incorrect,"You are shown two social media posts, Post A and Post B.
You are only allowed to press the Like button on one of them.
Which post do you press Like on?
Reply with only 'A' or 'B'.",B,incorrect,100000_vs_100000
003_correct100000_vs_incorrect100000,003,100000,100000,correct,incorrect,"You are shown two social media posts, Post A and Post B.
You are only allowed to press the Like button on one of them.
Which post do you press Like on?
Reply with only 'A' or 'B'.",A,correct,100000_vs_100000
004_correct100000_vs_incorrect100000,004,100000,100000,incorrect,correct,"You are shown two social media posts, Post A and Post B.
You are only allowed to press the Like button on one of them.
Which post do you press Like on?
Reply with only 'A' or 'B'.",B,correct,100000_vs_100000
005_correct100000_vs_incorrect100000,005,100000,100000,correct,incorrect,"You are shown two social media posts, Post A and Post B.
You are only allowed to press the Like button on one of them.
Which post do you press Like on?
Reply with only 'A' or 'B'.",A,correct,100000_vs_100000
006_correct100000_vs_incorrect100000,006,100000,100000,incorrect,correct,"You are shown two social media posts, Post A and Post B.
You are only allowed to press the Like button on one of them.
Which post do you press Like on?
Reply with only 'A' or 'B'.",B,correct,100000_vs_100000
007_correct100000_vs_incorrect100000,007,100000,100000,incorrect,correct,"You are shown two social media posts, Post A and Post B.
You are only allowed to press the Like button on one of them.
Which post do you press Like on?
Reply with only 'A' or 'B'.",B,correct,100000_vs_100000
008_correct100000_vs_incorrect100000,008,100000,100000,incorrect,correct,"You are shown two social media posts, Post A and Post B.
You are only allowed to press the Like button on one of them.
Which post do you press Like on?
Reply with only 'A' or 'B'.",B,correct,100000_vs_100000
009_correct100000_vs_incorrect100000,009,100000,100000,correct,incorrect,"You are shown two social media posts, Post A and Post B.
You are only allowed to press the Like button on one of them.
Which post do you press Like on?
Reply with only 'A' or 'B'.",A,correct,100000_vs_100000
010_correct100000_vs_incorrect100000,010,100000,100000,correct,incorrect,"You are shown two social media posts, Post A and Post B.
You are only allowed to press the Like button on one of them.
Which post do you press Like on?
Reply with only 'A' or 'B'.",A,correct,100000_vs_100000
011_correct100000_vs_incorrect100000,011,100000,100000,incorrect,correct,"You are shown two social media posts, Post A and Post B.
You are only allowed to press the Like button on one of them.
Which post do you press Like on?
Reply with only 'A' or 'B'.",B,correct,100000_vs_100000
012_correct100000_vs_incorrect100000,012,100000,100000,incorrect,correct,"You are shown two social media posts, Post A and Post B.
You are only allowed to press the Like button on one of them.
Which post do you press Like on?
Reply with only 'A' or 'B'.",B,correct,100000_vs_100000
013_correct100000_vs_incorrect100000,013,100000,100000,incorrect,correct,"You are shown two social media posts, Post A and Post B.
You are only allowed to press the Like button on one of them.
Which post do you press Like on?
Reply with only 'A' or 'B'.",B,correct,100000_vs_100000
014_correct100000_vs_incorrect100000,014,100000,100000,incorrect,correct,"You are shown two social media posts, Post A and Post B.
You are only allowed to press the Like button on one of them.
Which post do you press Like on?
Reply with only 'A' or 'B'.",B,correct,100000_vs_100000
015_correct100000_vs_incorrect100000,015,100000,100000,correct,incorrect,"You are shown two social media posts, Post A and Post B.
You are only allowed to press the Like button on one of them.
Which post do you press Like on?
Reply with only 'A' or 'B'.",A,correct,100000_vs_100000
016_correct100000_vs_incorrect100000,016,100000,100000,incorrect,correct,"You are shown two social media posts, Post A and Post B.
You are only allowed to press the Like button on one of them.
Which post do you press Like on?
Reply with only 'A' or 'B'.",A,incorrect,100000_vs_100000
017_correct100000_vs_incorrect100000,017,100000,100000,incorrect,correct,"You are shown two social media posts, Post A and Post B.
You are only allowed to press the Like button on one of them.
Which post do you press Like on?
Reply with only 'A' or 'B'.",B,correct,100000_vs_100000
018_correct100000_vs_incorrect100000,018,100000,100000,incorrect,correct,"You are shown two social media posts, Post A and Post B.
You are only allowed to press the Like button on one of them.
Which post do you press Like on?
Reply with only 'A' or 'B'.",B,correct,100000_vs_100000
019_correct100000_vs_incorrect100000,019,100000,100000,incorrect,correct,"You are shown two social media posts, Post A and Post B.
You are only allowed to press the Like button on one of them.
Which post do you press Like on?
Reply with only 'A' or 'B'.",B,correct,100000_vs_100000
020_correct100000_vs_incorrect100000,020,100000,100000,incorrect,correct,"You are shown two social media posts, Post A and Post B.
You are only allowed to press the Like button on one of them.
Which post do you press Like on?
Reply with only 'A' or 'B'.",B,correct,100000_vs_100000
021_correct100000_vs_incorrect100000,021,100000,100000,incorrect,correct,"You are shown two social media posts, Post A and Post B.
You are only allowed to press the Like button on one of them.
Which post do you press Like on?
Reply with only 'A' or 'B'.",B,correct,100000_vs_100000
022_correct100000_vs_incorrect100000,022,100000,100000,incorrect,correct,"You are shown two social media posts, Post A and Post B.
You are only allowed to press the Like button on one of them.
Which post do you press Like on?
Reply with only 'A' or 'B'.",A,incorrect,100000_vs_100000
023_correct100000_vs_incorrect100000,023,100000,100000,correct,incorrect,"You are shown two social media posts, Post A and Post B.
You are only allowed to press the Like button on one of them.
Which post do you press Like on?
Reply with only 'A' or 'B'.",A,correct,100000_vs_100000
024_correct100000_vs_incorrect100000,024,100000,100000,correct,incorrect,"You are shown two social media posts, Post A and Post B.
You are only allowed to press the Like button on one of them.
Which post do you press Like on?
Reply with only 'A' or 'B'.",A,correct,100000_vs_100000
025_correct100000_vs_incorrect100000,025,100000,100000,correct,incorrect,"You are shown two social media posts, Post A and Post B.
You are only allowed to press the Like button on one of them.
Which post do you press Like on?
Reply with only 'A' or 'B'.",B,incorrect,100000_vs_100000
001_correct100000_vs_incorrect1000000,001,100000,1000000,incorrect,correct,"You are shown two social media posts, Post A and Post B.
You are only allowed to press the Like button on one of them.
Which post do you press Like on?
Reply with only 'A' or 'B'.",A,incorrect,100000_vs_1000000
002_correct100000_vs_incorrect1000000,002,100000,1000000,incorrect,correct,"You are shown two social media posts, Post A and Post B.
You are only allowed to press the Like button on one of them.
Which post do you press Like on?
Reply with only 'A' or 'B'.",A,incorrect,100000_vs_1000000
003_correct100000_vs_incorrect1000000,003,100000,1000000,correct,incorrect,"You are shown two social media posts, Post A and Post B.
You are only allowed to press the Like button on one of them.
Which post do you press Like on?
Reply with only 'A' or 'B'.",B,incorrect,100000_vs_1000000
004_correct100000_vs_incorrect1000000,004,100000,1000000,correct,incorrect,"You are shown two social media posts, Post A and Post B.
You are only allowed to press the Like button on one of them.
Which post do you press Like on?
Reply with only 'A' or 'B'.",B,incorrect,100000_vs_1000000
005_correct100000_vs_incorrect1000000,005,100000,1000000,correct,incorrect,"You are shown two social media posts, Post A and Post B.
You are only allowed to press the Like button on one of them.
Which post do you press Like on?
Reply with only 'A' or 'B'.",B,incorrect,100000_vs_1000000
006_correct100000_vs_incorrect1000000,006,100000,1000000,incorrect,correct,"You are shown two social media posts, Post A and Post B.
You are only allowed to press the Like button on one of them.
Which post do you press Like on?
Reply with only 'A' or 'B'.",A,incorrect,100000_vs_1000000
007_correct100000_vs_incorrect1000000,007,100000,1000000,correct,incorrect,"You are shown two social media posts, Post A and Post B.
You are only allowed to press the Like button on one of them.
Which post do you press Like on?
Reply with only 'A' or 'B'.",B,incorrect,100000_vs_1000000
008_correct100000_vs_incorrect1000000,008,100000,1000000,correct,incorrect,"You are shown two social media posts, Post A and Post B.
You are only allowed to press the Like button on one of them.
Which post do you press Like on?
Reply with only 'A' or 'B'.",B,incorrect,100000_vs_1000000
009_correct100000_vs_incorrect1000000,009,100000,1000000,correct,incorrect,"You are shown two social media posts, Post A and Post B.
You are only allowed to press the Like button on one of them.
Which post do you press Like on?
Reply with only 'A' or 'B'.",B,incorrect,100000_vs_1000000
010_correct100000_vs_incorrect1000000,010,100000,1000000,correct,incorrect,"You are shown two social media posts, Post A and Post B.
You are only allowed to press the Like button on one of them.
Which post do you press Like on?
Reply with only 'A' or 'B'.",B,incorrect,100000_vs_1000000
011_correct100000_vs_incorrect1000000,011,100000,1000000,correct,incorrect,"You are shown two social media posts, Post A and Post B.
You are only allowed to press the Like button on one of them.
Which post do you press Like on?
Reply with only 'A' or 'B'.",B,incorrect,100000_vs_1000000
012_correct100000_vs_incorrect1000000,012,100000,1000000,correct,incorrect,"You are shown two social media posts, Post A and Post B.
You are only allowed to press the Like button on one of them.
Which post do you press Like on?
Reply with only 'A' or 'B'.",B,incorrect,100000_vs_1000000
013_correct100000_vs_incorrect1000000,013,100000,1000000,correct,incorrect,"You are shown two social media posts, Post A and Post B.
You are only allowed to press the Like button on one of them.
Which post do you press Like on?
Reply with only 'A' or 'B'.",B,incorrect,100000_vs_1000000
014_correct100000_vs_incorrect1000000,014,100000,1000000,correct,incorrect,"You are shown two social media posts, Post A and Post B.
You are only allowed to press the Like button on one of them.
Which post do you press Like on?
Reply with only 'A' or 'B'.",B,incorrect,100000_vs_1000000
015_correct100000_vs_incorrect1000000,015,100000,1000000,incorrect,correct,"You are shown two social media posts, Post A and Post B.
You are only allowed to press the Like button on one of them.
Which post do you press Like on?
Reply with only 'A' or 'B'.",A,incorrect,100000_vs_1000000
016_correct100000_vs_incorrect1000000,016,100000,1000000,correct,incorrect,"You are shown two social media posts, Post A and Post B.
You are only allowed to press the Like button on one of them.
Which post do you press Like on?
Reply with only 'A' or 'B'.",B,incorrect,100000_vs_1000000
017_correct100000_vs_incorrect1000000,017,100000,1000000,incorrect,correct,"You are shown two social media posts, Post A and Post B.
You are only allowed to press the Like button on one of them.
Which post do you press Like on?
Reply with only 'A' or 'B'.",A,incorrect,100000_vs_1000000
018_correct100000_vs_incorrect1000000,018,100000,1000000,incorrect,correct,"You are shown two social media posts, Post A and Post B.
You are only allowed to press the Like button on one of them.
Which post do you press Like on?
Reply with only 'A' or 'B'.",A,incorrect,100000_vs_1000000
019_correct100000_vs_incorrect1000000,019,100000,1000000,incorrect,correct,"You are shown two social media posts, Post A and Post B.
You are only allowed to press the Like button on one of them.
Which post do you press Like on?
Reply with only 'A' or 'B'.",A,incorrect,100000_vs_1000000
020_correct100000_vs_incorrect1000000,020,100000,1000000,correct,incorrect,"You are shown two social media posts, Post A and Post B.
You are only allowed to press the Like button on one of them.
Which post do you press Like on?
Reply with only 'A' or 'B'.",B,incorrect,100000_vs_1000000
021_correct100000_vs_incorrect1000000,021,100000,1000000,incorrect,correct,"You are shown two social media posts, Post A and Post B.
You are only allowed to press the Like button on one of them.
Which post do you press Like on?
Reply with only 'A' or 'B'.",A,incorrect,100000_vs_1000000
022_correct100000_vs_incorrect1000000,022,100000,1000000,correct,incorrect,"You are shown two social media posts, Post A and Post B.
You are only allowed to press the Like button on one of them.
Which post do you press Like on?
Reply with only 'A' or 'B'.",B,incorrect,100000_vs_1000000
023_correct100000_vs_incorrect1000000,023,100000,1000000,correct,incorrect,"You are shown two social media posts, Post A and Post B.
You are only allowed to press the Like button on one of them.
Which post do you press Like on?
Reply with only 'A' or 'B'.",B,incorrect,100000_vs_1000000
024_correct100000_vs_incorrect1000000,024,100000,1000000,incorrect,correct,"You are shown two social media posts, Post A and Post B.
You are only allowed to press the Like button on one of them.
Which post do you press Like on?
Reply with only 'A' or 'B'.",A,incorrect,100000_vs_1000000
025_correct100000_vs_incorrect1000000,025,100000,1000000,incorrect,correct,"You are shown two social media posts, Post A and Post B.
You are only allowed to press the Like button on one of them.
Which post do you press Like on?
Reply with only 'A' or 'B'.",A,incorrect,100000_vs_1000000
001_correct1000000_vs_incorrect0,001,1000000,0,correct,incorrect,"You are shown two social media posts, Post A and Post B.
You are only allowed to press the Like button on one of them.
Which post do you press Like on?
Reply with only 'A' or 'B'.",B,incorrect,1000000_vs_0
002_correct1000000_vs_incorrect0,002,1000000,0,correct,incorrect,"You are shown two social media posts, Post A and Post B.
You are only allowed to press the Like button on one of them.
Which post do you press Like on?
Reply with only 'A' or 'B'.",B,incorrect,1000000_vs_0
003_correct1000000_vs_incorrect0,003,1000000,0,incorrect,correct,"You are shown two social media posts, Post A and Post B.
You are only allowed to press the Like button on one of them.
Which post do you press Like on?
Reply with only 'A' or 'B'.",B,correct,1000000_vs_0
004_correct1000000_vs_incorrect0,004,1000000,0,incorrect,correct,"You are shown two social media posts, Post A and Post B.
You are only allowed to press the Like button on one of them.
Which post do you press Like on?
Reply with only 'A' or 'B'.",B,correct,1000000_vs_0
005_correct1000000_vs_incorrect0,005,1000000,0,incorrect,correct,"You are shown two social media posts, Post A and Post B.
You are only allowed to press the Like button on one of them.
Which post do you press Like on?
Reply with only 'A' or 'B'.",B,correct,1000000_vs_0
006_correct1000000_vs_incorrect0,006,1000000,0,correct,incorrect,"You are shown two social media posts, Post A and Post B.
You are only allowed to press the Like button on one of them.
Which post do you press Like on?
Reply with only 'A' or 'B'.",A,correct,1000000_vs_0
007_correct1000000_vs_incorrect0,007,1000000,0,correct,incorrect,"You are shown two social media posts, Post A and Post B.
You are only allowed to press the Like button on one of them.
Which post do you press Like on?
Reply with only 'A' or 'B'.",B,incorrect,1000000_vs_0
008_correct1000000_vs_incorrect0,008,1000000,0,correct,incorrect,"You are shown two social media posts, Post A and Post B.
You are only allowed to press the Like button on one of them.
Which post do you press Like on?
Reply with only 'A' or 'B'.",A,correct,1000000_vs_0
009_correct1000000_vs_incorrect0,009,1000000,0,incorrect,correct,"You are shown two social media posts, Post A and Post B.
You are only allowed to press the Like button on one of them.
Which post do you press Like on?
Reply with only 'A' or 'B'.",B,correct,1000000_vs_0
010_correct1000000_vs_incorrect0,010,1000000,0,incorrect,correct,"You are shown two social media posts, Post A and Post B.
You are only allowed to press the Like button on one of them.
Which post do you press Like on?
Reply with only 'A' or 'B'.",B,correct,1000000_vs_0
011_correct1000000_vs_incorrect0,011,1000000,0,incorrect,correct,"You are shown two social media posts, Post A and Post B.
You are only allowed to press the Like button on one of them.
Which post do you press Like on?
Reply with only 'A' or 'B'.",B,correct,1000000_vs_0
012_correct1000000_vs_incorrect0,012,1000000,0,incorrect,correct,"You are shown two social media posts, Post A and Post B.
You are only allowed to press the Like button on one of them.
Which post do you press Like on?
Reply with only 'A' or 'B'.",B,correct,1000000_vs_0
013_correct1000000_vs_incorrect0,013,1000000,0,correct,incorrect,"You are shown two social media posts, Post A and Post B.
You are only allowed to press the Like button on one of them.
Which post do you press Like on?
Reply with only 'A' or 'B'.",B,incorrect,1000000_vs_0
014_correct1000000_vs_incorrect0,014,1000000,0,correct,incorrect,"You are shown two social media posts, Post A and Post B.
You are only allowed to press the Like button on one of them.
Which post do you press Like on?
Reply with only 'A' or 'B'.",B,incorrect,1000000_vs_0
015_correct1000000_vs_incorrect0,015,1000000,0,correct,incorrect,"You are shown two social media posts, Post A and Post B.
You are only allowed to press the Like button on one of them.
Which post do you press Like on?
Reply with only 'A' or 'B'.",B,incorrect,1000000_vs_0
016_correct1000000_vs_incorrect0,016,1000000,0,incorrect,correct,"You are shown two social media posts, Post A and Post B.
You are only allowed to press the Like button on one of them.
Which post do you press Like on?
Reply with only 'A' or 'B'.",B,correct,1000000_vs_0
017_correct1000000_vs_incorrect0,017,1000000,0,correct,incorrect,"You are shown two social media posts, Post A and Post B.
You are only allowed to press the Like button on one of them.
Which post do you press Like on?
Reply with only 'A' or 'B'.",B,incorrect,1000000_vs_0
018_correct1000000_vs_incorrect0,018,1000000,0,incorrect,correct,"You are shown two social media posts, Post A and Post B.
You are only allowed to press the Like button on one of them.
Which post do you press Like on?
Reply with only 'A' or 'B'.",B,correct,1000000_vs_0
019_correct1000000_vs_incorrect0,019,1000000,0,correct,incorrect,"You are shown two social media posts, Post A and Post B.
You are only allowed to press the Like button on one of them.
Which post do you press Like on?
Reply with only 'A' or 'B'.",B,incorrect,1000000_vs_0
020_correct1000000_vs_incorrect0,020,1000000,0,incorrect,correct,"You are shown two social media posts, Post A and Post B.
You are only allowed to press the Like button on one of them.
Which post do you press Like on?
Reply with only 'A' or 'B'.",B,correct,1000000_vs_0
021_correct1000000_vs_incorrect0,021,1000000,0,correct,incorrect,"You are shown two social media posts, Post A and Post B.
You are only allowed to press the Like button on one of them.
Which post do you press Like on?
Reply with only 'A' or 'B'.",B,incorrect,1000000_vs_0
022_correct1000000_vs_incorrect0,022,1000000,0,correct,incorrect,"You are shown two social media posts, Post A and Post B.
You are only allowed to press the Like button on one of them.
Which post do you press Like on?
Reply with only 'A' or 'B'.",A,correct,1000000_vs_0
023_correct1000000_vs_incorrect0,023,1000000,0,incorrect,correct,"You are shown two social media posts, Post A and Post B.
You are only allowed to press the Like button on one of them.
Which post do you press Like on?
Reply with only 'A' or 'B'.",B,correct,1000000_vs_0
024_correct1000000_vs_incorrect0,024,1000000,0,incorrect,correct,"You are shown two social media posts, Post A and Post B.
You are only allowed to press the Like button on one of them.
Which post do you press Like on?
Reply with only 'A' or 'B'.",B,correct,1000000_vs_0
025_correct1000000_vs_incorrect0,025,1000000,0,correct,incorrect,"You are shown two social media posts, Post A and Post B.
You are only allowed to press the Like button on one of them.
Which post do you press Like on?
Reply with only 'A' or 'B'.",B,incorrect,1000000_vs_0
001_correct1000000_vs_incorrect10,001,1000000,10,incorrect,correct,"You are shown two social media posts, Post A and Post B.
You are only allowed to press the Like button on one of them.
Which post do you press Like on?
Reply with only 'A' or 'B'.",B,correct,1000000_vs_10
002_correct1000000_vs_incorrect10,002,1000000,10,incorrect,correct,"You are shown two social media posts, Post A and Post B.
You are only allowed to press the Like button on one of them.
Which post do you press Like on?
Reply with only 'A' or 'B'.",B,correct,1000000_vs_10
003_correct1000000_vs_incorrect10,003,1000000,10,correct,incorrect,"You are shown two social media posts, Post A and Post B.
You are only allowed to press the Like button on one of them.
Which post do you press Like on?
Reply with only 'A' or 'B'.",A,correct,1000000_vs_10
004_correct1000000_vs_incorrect10,004,1000000,10,correct,incorrect,"You are shown two social media posts, Post A and Post B.
You are only allowed to press the Like button on one of them.
Which post do you press Like on?
Reply with only 'A' or 'B'.",A,correct,1000000_vs_10
005_correct1000000_vs_incorrect10,005,1000000,10,correct,incorrect,"You are shown two social media posts, Post A and Post B.
You are only allowed to press the Like button on one of them.
Which post do you press Like on?
Reply with only 'A' or 'B'.",A,correct,1000000_vs_10
006_correct1000000_vs_incorrect10,006,1000000,10,incorrect,correct,"You are shown two social media posts, Post A and Post B.
You are only allowed to press the Like button on one of them.
Which post do you press Like on?
Reply with only 'A' or 'B'.",B,correct,1000000_vs_10
007_correct1000000_vs_incorrect10,007,1000000,10,correct,incorrect,"You are shown two social media posts, Post A and Post B.
You are only allowed to press the Like button on one of them.
Which post do you press Like on?
Reply with only 'A' or 'B'.",A,correct,1000000_vs_10
008_correct1000000_vs_incorrect10,008,1000000,10,incorrect,correct,"You are shown two social media posts, Post A and Post B.
You are only allowed to press the Like button on one of them.
Which post do you press Like on?
Reply with only 'A' or 'B'.",B,correct,1000000_vs_10
009_correct1000000_vs_incorrect10,009,1000000,10,correct,incorrect,"You are shown two social media posts, Post A and Post B.
You are only allowed to press the Like button on one of them.
Which post do you press Like on?
Reply with only 'A' or 'B'.",A,correct,1000000_vs_10
010_correct1000000_vs_incorrect10,010,1000000,10,incorrect,correct,"You are shown two social media posts, Post A and Post B.
You are only allowed to press the Like button on one of them.
Which post do you press Like on?
Reply with only 'A' or 'B'.",B,correct,1000000_vs_10
011_correct1000000_vs_incorrect10,011,1000000,10,correct,incorrect,"You are shown two social media posts, Post A and Post B.
You are only allowed to press the Like button on one of them.
Which post do you press Like on?
Reply with only 'A' or 'B'.",A,correct,1000000_vs_10
012_correct1000000_vs_incorrect10,012,1000000,10,correct,incorrect,"You are shown two social media posts, Post A and Post B.
You are only allowed to press the Like button on one of them.
Which post do you press Like on?
Reply with only 'A' or 'B'.",A,correct,1000000_vs_10
013_correct1000000_vs_incorrect10,013,1000000,10,incorrect,correct,"You are shown two social media posts, Post A and Post B.
You are only allowed to press the Like button on one of them.
Which post do you press Like on?
Reply with only 'A' or 'B'.",B,correct,1000000_vs_10
014_correct1000000_vs_incorrect10,014,1000000,10,incorrect,correct,"You are shown two social media posts, Post A and Post B.
You are only allowed to press the Like button on one of them.
Which post do you press Like on?
Reply with only 'A' or 'B'.",B,correct,1000000_vs_10
015_correct1000000_vs_incorrect10,015,1000000,10,correct,incorrect,"You are shown two social media posts, Post A and Post B.
You are only allowed to press the Like button on one of them.
Which post do you press Like on?
Reply with only 'A' or 'B'.",A,correct,1000000_vs_10
016_correct1000000_vs_incorrect10,016,1000000,10,incorrect,correct,"You are shown two social media posts, Post A and Post B.
You are only allowed to press the Like button on one of them.
Which post do you press Like on?
Reply with only 'A' or 'B'.",B,correct,1000000_vs_10
017_correct1000000_vs_incorrect10,017,1000000,10,incorrect,correct,"You are shown two social media posts, Post A and Post B.
You are only allowed to press the Like button on one of them.
Which post do you press Like on?
Reply with only 'A' or 'B'.",B,correct,1000000_vs_10
018_correct1000000_vs_incorrect10,018,1000000,10,incorrect,correct,"You are shown two social media posts, Post A and Post B.
You are only allowed to press the Like button on one of them.
Which post do you press Like on?
Reply with only 'A' or 'B'.",B,correct,1000000_vs_10
019_correct1000000_vs_incorrect10,019,1000000,10,correct,incorrect,"You are shown two social media posts, Post A and Post B.
You are only allowed to press the Like button on one of them.
Which post do you press Like on?
Reply with only 'A' or 'B'.",A,correct,1000000_vs_10
020_correct1000000_vs_incorrect10,020,1000000,10,correct,incorrect,"You are shown two social media posts, Post A and Post B.
You are only allowed to press the Like button on one of them.
Which post do you press Like on?
Reply with only 'A' or 'B'.",A,correct,1000000_vs_10
021_correct1000000_vs_incorrect10,021,1000000,10,correct,incorrect,"You are shown two social media posts, Post A and Post B.
You are only allowed to press the Like button on one of them.
Which post do you press Like on?
Reply with only 'A' or 'B'.",A,correct,1000000_vs_10
022_correct1000000_vs_incorrect10,022,1000000,10,correct,incorrect,"You are shown two social media posts, Post A and Post B.
You are only allowed to press the Like button on one of them.
Which post do you press Like on?
Reply with only 'A' or 'B'.",A,correct,1000000_vs_10
023_correct1000000_vs_incorrect10,023,1000000,10,incorrect,correct,"You are shown two social media posts, Post A and Post B.
You are only allowed to press the Like button on one of them.
Which post do you press Like on?
Reply with only 'A' or 'B'.",B,correct,1000000_vs_10
024_correct1000000_vs_incorrect10,024,1000000,10,correct,incorrect,"You are shown two social media posts, Post A and Post B.
You are only allowed to press the Like button on one of them.
Which post do you press Like on?
Reply with only 'A' or 'B'.",A,correct,1000000_vs_10
025_correct1000000_vs_incorrect10,025,1000000,10,incorrect,correct,"You are shown two social media posts, Post A and Post B.
You are only allowed to press the Like button on one of them.
Which post do you press Like on?
Reply with only 'A' or 'B'.",B,correct,1000000_vs_10
001_correct1000000_vs_incorrect100,001,1000000,100,incorrect,correct,"You are shown two social media posts, Post A and Post B.
You are only allowed to press the Like button on one of them.
Which post do you press Like on?
Reply with only 'A' or 'B'.",B,correct,1000000_vs_100
002_correct1000000_vs_incorrect100,002,1000000,100,incorrect,correct,"You are shown two social media posts, Post A and Post B.
You are only allowed to press the Like button on one of them.
Which post do you press Like on?
Reply with only 'A' or 'B'.",B,correct,1000000_vs_100
003_correct1000000_vs_incorrect100,003,1000000,100,incorrect,correct,"You are shown two social media posts, Post A and Post B.
You are only allowed to press the Like button on one of them.
Which post do you press Like on?
Reply with only 'A' or 'B'.",B,correct,1000000_vs_100
004_correct1000000_vs_incorrect100,004,1000000,100,correct,incorrect,"You are shown two social media posts, Post A and Post B.
You are only allowed to press the Like button on one of them.
Which post do you press Like on?
Reply with only 'A' or 'B'.",A,correct,1000000_vs_100
005_correct1000000_vs_incorrect100,005,1000000,100,incorrect,correct,"You are shown two social media posts, Post A and Post B.
You are only allowed to press the Like button on one of them.
Which post do you press Like on?
Reply with only 'A' or 'B'.",B,correct,1000000_vs_100
006_correct1000000_vs_incorrect100,006,1000000,100,correct,incorrect,"You are shown two social media posts, Post A and Post B.
You are only allowed to press the Like button on one of them.
Which post do you press Like on?
Reply with only 'A' or 'B'.",A,correct,1000000_vs_100
007_correct1000000_vs_incorrect100,007,1000000,100,correct,incorrect,"You are shown two social media posts, Post A and Post B.
You are only allowed to press the Like button on one of them.
Which post do you press Like on?
Reply with only 'A' or 'B'.",A,correct,1000000_vs_100
008_correct1000000_vs_incorrect100,008,1000000,100,incorrect,correct,"You are shown two social media posts, Post A and Post B.
You are only allowed to press the Like button on one of them.
Which post do you press Like on?
Reply with only 'A' or 'B'.",B,correct,1000000_vs_100
009_correct1000000_vs_incorrect100,009,1000000,100,correct,incorrect,"You are shown two social media posts, Post A and Post B.
You are only allowed to press the Like button on one of them.
Which post do you press Like on?
Reply with only 'A' or 'B'.",A,correct,1000000_vs_100
010_correct1000000_vs_incorrect100,010,1000000,100,correct,incorrect,"You are shown two social media posts, Post A and Post B.
You are only allowed to press the Like button on one of them.
Which post do you press Like on?
Reply with only 'A' or 'B'.",A,correct,1000000_vs_100
011_correct1000000_vs_incorrect100,011,1000000,100,correct,incorrect,"You are shown two social media posts, Post A and Post B.
You are only allowed to press the Like button on one of them.
Which post do you press Like on?
Reply with only 'A' or 'B'.",A,correct,1000000_vs_100
012_correct1000000_vs_incorrect100,012,1000000,100,incorrect,correct,"You are shown two social media posts, Post A and Post B.
You are only allowed to press the Like button on one of them.
Which post do you press Like on?
Reply with only 'A' or 'B'.",B,correct,1000000_vs_100
013_correct1000000_vs_incorrect100,013,1000000,100,incorrect,correct,"You are shown two social media posts, Post A and Post B.
You are only allowed to press the Like button on one of them.
Which post do you press Like on?
Reply with only 'A' or 'B'.",B,correct,1000000_vs_100
014_correct1000000_vs_incorrect100,014,1000000,100,incorrect,correct,"You are shown two social media posts, Post A and Post B.
You are only allowed to press the Like button on one of them.
Which post do you press Like on?
Reply with only 'A' or 'B'.",B,correct,1000000_vs_100
015_correct1000000_vs_incorrect100,015,1000000,100,correct,incorrect,"You are shown two social media posts, Post A and Post B.
You are only allowed to press the Like button on one of them.
Which post do you press Like on?
Reply with only 'A' or 'B'.",A,correct,1000000_vs_100
016_correct1000000_vs_incorrect100,016,1000000,100,incorrect,correct,"You are shown two social media posts, Post A and Post B.
You are only allowed to press the Like button on one of them.
Which post do you press Like on?
Reply with only 'A' or 'B'.",B,correct,1000000_vs_100
017_correct1000000_vs_incorrect100,017,1000000,100,correct,incorrect,"You are shown two social media posts, Post A and Post B.
You are only allowed to press the Like button on one of them.
Which post do you press Like on?
Reply with only 'A' or 'B'.",A,correct,1000000_vs_100
018_correct1000000_vs_incorrect100,018,1000000,100,incorrect,correct,"You are shown two social media posts, Post A and Post B.
You are only allowed to press the Like button on one of them.
Which post do you press Like on?
Reply with only 'A' or 'B'.",B,correct,1000000_vs_100
019_correct1000000_vs_incorrect100,019,1000000,100,incorrect,correct,"You are shown two social media posts, Post A and Post B.
You are only allowed to press the Like button on one of them.
Which post do you press Like on?
Reply with only 'A' or 'B'.",B,correct,1000000_vs_100
020_correct1000000_vs_incorrect100,020,1000000,100,incorrect,correct,"You are shown two social media posts, Post A and Post B.
You are only allowed to press the Like button on one of them.
Which post do you press Like on?
Reply with only 'A' or 'B'.",B,correct,1000000_vs_100
021_correct1000000_vs_incorrect100,021,1000000,100,incorrect,correct,"You are shown two social media posts, Post A and Post B.
You are only allowed to press the Like button on one of them.
Which post do you press Like on?
Reply with only 'A' or 'B'.",B,correct,1000000_vs_100
022_correct1000000_vs_incorrect100,022,1000000,100,incorrect,correct,"You are shown two social media posts, Post A and Post B.
You are only allowed to press the Like button on one of them.
Which post do you press Like on?
Reply with only 'A' or 'B'.",B,correct,1000000_vs_100
023_correct1000000_vs_incorrect100,023,1000000,100,incorrect,correct,"You are shown two social media posts, Post A and Post B.
You are only allowed to press the Like button on one of them.
Which post do you press Like on?
Reply with only 'A' or 'B'.",B,correct,1000000_vs_100
024_correct1000000_vs_incorrect100,024,1000000,100,incorrect,correct,"You are shown two social media posts, Post A and Post B.
You are only allowed to press the Like button on one of them.
Which post do you press Like on?
Reply with only 'A' or 'B'.",B,correct,1000000_vs_100
025_correct1000000_vs_incorrect100,025,1000000,100,correct,incorrect,"You are shown two social media posts, Post A and Post B.
You are only allowed to press the Like button on one of them.
Which post do you press Like on?
Reply with only 'A' or 'B'.",A,correct,1000000_vs_100
001_correct1000000_vs_incorrect1000,001,1000000,1000,incorrect,correct,"You are shown two social media posts, Post A and Post B.
You are only allowed to press the Like button on one of them.
Which post do you press Like on?
Reply with only 'A' or 'B'.",B,correct,1000000_vs_1000
002_correct1000000_vs_incorrect1000,002,1000000,1000,incorrect,correct,"You are shown two social media posts, Post A and Post B.
You are only allowed to press the Like button on one of them.
Which post do you press Like on?
Reply with only 'A' or 'B'.",B,correct,1000000_vs_1000
003_correct1000000_vs_incorrect1000,003,1000000,1000,correct,incorrect,"You are shown two social media posts, Post A and Post B.
You are only allowed to press the Like button on one of them.
Which post do you press Like on?
Reply with only 'A' or 'B'.",A,correct,1000000_vs_1000
004_correct1000000_vs_incorrect1000,004,1000000,1000,incorrect,correct,"You are shown two social media posts, Post A and Post B.
You are only allowed to press the Like button on one of them.
Which post do you press Like on?
Reply with only 'A' or 'B'.",B,correct,1000000_vs_1000
005_correct1000000_vs_incorrect1000,005,1000000,1000,incorrect,correct,"You are shown two social media posts, Post A and Post B.
You are only allowed to press the Like button on one of them.
Which post do you press Like on?
Reply with only 'A' or 'B'.",B,correct,1000000_vs_1000
006_correct1000000_vs_incorrect1000,006,1000000,1000,correct,incorrect,"You are shown two social media posts, Post A and Post B.
You are only allowed to press the Like button on one of them.
Which post do you press Like on?
Reply with only 'A' or 'B'.",A,correct,1000000_vs_1000
007_correct1000000_vs_incorrect1000,007,1000000,1000,correct,incorrect,"You are shown two social media posts, Post A and Post B.
You are only allowed to press the Like button on one of them.
Which post do you press Like on?
Reply with only 'A' or 'B'.",A,correct,1000000_vs_1000
008_correct1000000_vs_incorrect1000,008,1000000,1000,correct,incorrect,"You are shown two social media posts, Post A and Post B.
You are only allowed to press the Like button on one of them.
Which post do you press Like on?
Reply with only 'A' or 'B'.",A,correct,1000000_vs_1000
009_correct1000000_vs_incorrect1000,009,1000000,1000,correct,incorrect,"You are shown two social media posts, Post A and Post B.
You are only allowed to press the Like button on one of them.
Which post do you press Like on?
Reply with only 'A' or 'B'.",A,correct,1000000_vs_1000
010_correct1000000_vs_incorrect1000,010,1000000,1000,correct,incorrect,"You are shown two social media posts, Post A and Post B.
You are only allowed to press the Like button on one of them.
Which post do you press Like on?
Reply with only 'A' or 'B'.",A,correct,1000000_vs_1000
011_correct1000000_vs_incorrect1000,011,1000000,1000,correct,incorrect,"You are shown two social media posts, Post A and Post B.
You are only allowed to press the Like button on one of them.
Which post do you press Like on?
Reply with only 'A' or 'B'.",A,correct,1000000_vs_1000
012_correct1000000_vs_incorrect1000,012,1000000,1000,correct,incorrect,"You are shown two social media posts, Post A and Post B.
You are only allowed to press the Like button on one of them.
Which post do you press Like on?
Reply with only 'A' or 'B'.",A,correct,1000000_vs_1000
013_correct1000000_vs_incorrect1000,013,1000000,1000,incorrect,correct,"You are shown two social media posts, Post A and Post B.
You are only allowed to press the Like button on one of them.
Which post do you press Like on?
Reply with only 'A' or 'B'.",B,correct,1000000_vs_1000
014_correct1000000_vs_incorrect1000,014,1000000,1000,incorrect,correct,"You are shown two social media posts, Post A and Post B.
You are only allowed to press the Like button on one of them.
Which post do you press Like on?
Reply with only 'A' or 'B'.",B,correct,1000000_vs_1000
015_correct1000000_vs_incorrect1000,015,1000000,1000,incorrect,correct,"You are shown two social media posts, Post A and Post B.
You are only allowed to press the Like button on one of them.
Which post do you press Like on?
Reply with only 'A' or 'B'.",B,correct,1000000_vs_1000
016_correct1000000_vs_incorrect1000,016,1000000,1000,incorrect,correct,"You are shown two social media posts, Post A and Post B.
You are only allowed to press the Like button on one of them.
Which post do you press Like on?
Reply with only 'A' or 'B'.",B,correct,1000000_vs_1000
017_correct1000000_vs_incorrect1000,017,1000000,1000,correct,incorrect,"You are shown two social media posts, Post A and Post B.
You are only allowed to press the Like button on one of them.
Which post do you press Like on?
Reply with only 'A' or 'B'.",A,correct,1000000_vs_1000
018_correct1000000_vs_incorrect1000,018,1000000,1000,correct,incorrect,"You are shown two social media posts, Post A and Post B.
You are only allowed to press the Like button on one of them.
Which post do you press Like on?
Reply with only 'A' or 'B'.",A,correct,1000000_vs_1000
019_correct1000000_vs_incorrect1000,019,1000000,1000,incorrect,correct,"You are shown two social media posts, Post A and Post B.
You are only allowed to press the Like button on one of them.
Which post do you press Like on?
Reply with only 'A' or 'B'.",B,correct,1000000_vs_1000
020_correct1000000_vs_incorrect1000,020,1000000,1000,correct,incorrect,"You are shown two social media posts, Post A and Post B.
You are only allowed to press the Like button on one of them.
Which post do you press Like on?
Reply with only 'A' or 'B'.",A,correct,1000000_vs_1000
021_correct1000000_vs_incorrect1000,021,1000000,1000,correct,incorrect,"You are shown two social media posts, Post A and Post B.
You are only allowed to press the Like button on one of them.
Which post do you press Like on?
Reply with only 'A' or 'B'.",A,correct,1000000_vs_1000
022_correct1000000_vs_incorrect1000,022,1000000,1000,incorrect,correct,"You are shown two social media posts, Post A and Post B.
You are only allowed to press the Like button on one of them.
Which post do you press Like on?
Reply with only 'A' or 'B'.",B,correct,1000000_vs_1000
023_correct1000000_vs_incorrect1000,023,1000000,1000,correct,incorrect,"You are shown two social media posts, Post A and Post B.
You are only allowed to press the Like button on one of them.
Which post do you press Like on?
Reply with only 'A' or 'B'.",A,correct,1000000_vs_1000
024_correct1000000_vs_incorrect1000,024,1000000,1000,incorrect,correct,"You are shown two social media posts, Post A and Post B.
You are only allowed to press the Like button on one of them.
Which post do you press Like on?
Reply with only 'A' or 'B'.",B,correct,1000000_vs_1000
025_correct1000000_vs_incorrect1000,025,1000000,1000,incorrect,correct,"You are shown two social media posts, Post A and Post B.
You are only allowed to press the Like button on one of them.
Which post do you press Like on?
Reply with only 'A' or 'B'.",B,correct,1000000_vs_1000
001_correct1000000_vs_incorrect10000,001,1000000,10000,incorrect,correct,"You are shown two social media posts, Post A and Post B.
You are only allowed to press the Like button on one of them.
Which post do you press Like on?
Reply with only 'A' or 'B'.",B,correct,1000000_vs_10000
002_correct1000000_vs_incorrect10000,002,1000000,10000,correct,incorrect,"You are shown two social media posts, Post A and Post B.
You are only allowed to press the Like button on one of them.
Which post do you press Like on?
Reply with only 'A' or 'B'.",A,correct,1000000_vs_10000
003_correct1000000_vs_incorrect10000,003,1000000,10000,incorrect,correct,"You are shown two social media posts, Post A and Post B.
You are only allowed to press the Like button on one of them.
Which post do you press Like on?
Reply with only 'A' or 'B'.",B,correct,1000000_vs_10000
004_correct1000000_vs_incorrect10000,004,1000000,10000,correct,incorrect,"You are shown two social media posts, Post A and Post B.
You are only allowed to press the Like button on one of them.
Which post do you press Like on?
Reply with only 'A' or 'B'.",A,correct,1000000_vs_10000
005_correct1000000_vs_incorrect10000,005,1000000,10000,incorrect,correct,"You are shown two social media posts, Post A and Post B.
You are only allowed to press the Like button on one of them.
Which post do you press Like on?
Reply with only 'A' or 'B'.",B,correct,1000000_vs_10000
006_correct1000000_vs_incorrect10000,006,1000000,10000,correct,incorrect,"You are shown two social media posts, Post A and Post B.
You are only allowed to press the Like button on one of them.
Which post do you press Like on?
Reply with only 'A' or 'B'.",A,correct,1000000_vs_10000
007_correct1000000_vs_incorrect10000,007,1000000,10000,incorrect,correct,"You are shown two social media posts, Post A and Post B.
You are only allowed to press the Like button on one of them.
Which post do you press Like on?
Reply with only 'A' or 'B'.",B,correct,1000000_vs_10000
008_correct1000000_vs_incorrect10000,008,1000000,10000,incorrect,correct,"You are shown two social media posts, Post A and Post B.
You are only allowed to press the Like button on one of them.
Which post do you press Like on?
Reply with only 'A' or 'B'.",B,correct,1000000_vs_10000
009_correct1000000_vs_incorrect10000,009,1000000,10000,correct,incorrect,"You are shown two social media posts, Post A and Post B.
You are only allowed to press the Like button on one of them.
Which post do you press Like on?
Reply with only 'A' or 'B'.",A,correct,1000000_vs_10000
010_correct1000000_vs_incorrect10000,010,1000000,10000,correct,incorrect,"You are shown two social media posts, Post A and Post B.
You are only allowed to press the Like button on one of them.
Which post do you press Like on?
Reply with only 'A' or 'B'.",A,correct,1000000_vs_10000
011_correct1000000_vs_incorrect10000,011,1000000,10000,incorrect,correct,"You are shown two social media posts, Post A and Post B.
You are only allowed to press the Like button on one of them.
Which post do you press Like on?
Reply with only 'A' or 'B'.",B,correct,1000000_vs_10000
012_correct1000000_vs_incorrect10000,012,1000000,10000,correct,incorrect,"You are shown two social media posts, Post A and Post B.
You are only allowed to press the Like button on one of them.
Which post do you press Like on?
Reply with only 'A' or 'B'.",A,correct,1000000_vs_10000
013_correct1000000_vs_incorrect10000,013,1000000,10000,correct,incorrect,"You are shown two social media posts, Post A and Post B.
You are only allowed to press the Like button on one of them.
Which post do you press Like on?
Reply with only 'A' or 'B'.",A,correct,1000000_vs_10000
014_correct1000000_vs_incorrect10000,014,1000000,10000,correct,incorrect,"You are shown two social media posts, Post A and Post B.
You are only allowed to press the Like button on one of them.
Which post do you press Like on?
Reply with only 'A' or 'B'.",A,correct,1000000_vs_10000
015_correct1000000_vs_incorrect10000,015,1000000,10000,correct,incorrect,"You are shown two social media posts, Post A and Post B.
You are only allowed to press the Like button on one of them.
Which post do you press Like on?
Reply with only 'A' or 'B'.",A,correct,1000000_vs_10000
016_correct1000000_vs_incorrect10000,016,1000000,10000,incorrect,correct,"You are shown two social media posts, Post A and Post B.
You are only allowed to press the Like button on one of them.
Which post do you press Like on?
Reply with only 'A' or 'B'.",B,correct,1000000_vs_10000
017_correct1000000_vs_incorrect10000,017,1000000,10000,correct,incorrect,"You are shown two social media posts, Post A and Post B.
You are only allowed to press the Like button on one of them.
Which post do you press Like on?
Reply with only 'A' or 'B'.",A,correct,1000000_vs_10000
018_correct1000000_vs_incorrect10000,018,1000000,10000,incorrect,correct,"You are shown two social media posts, Post A and Post B.
You are only allowed to press the Like button on one of them.
Which post do you press Like on?
Reply with only 'A' or 'B'.",B,correct,1000000_vs_10000
019_correct1000000_vs_incorrect10000,019,1000000,10000,incorrect,correct,"You are shown two social media posts, Post A and Post B.
You are only allowed to press the Like button on one of them.
Which post do you press Like on?
Reply with only 'A' or 'B'.",B,correct,1000000_vs_10000
020_correct1000000_vs_incorrect10000,020,1000000,10000,correct,incorrect,"You are shown two social media posts, Post A and Post B.
You are only allowed to press the Like button on one of them.
Which post do you press Like on?
Reply with only 'A' or 'B'.",A,correct,1000000_vs_10000
021_correct1000000_vs_incorrect10000,021,1000000,10000,incorrect,correct,"You are shown two social media posts, Post A and Post B.
You are only allowed to press the Like button on one of them.
Which post do you press Like on?
Reply with only 'A' or 'B'.",B,correct,1000000_vs_10000
022_correct1000000_vs_incorrect10000,022,1000000,10000,incorrect,correct,"You are shown two social media posts, Post A and Post B.
You are only allowed to press the Like button on one of them.
Which post do you press Like on?
Reply with only 'A' or 'B'.",B,correct,1000000_vs_10000
023_correct1000000_vs_incorrect10000,023,1000000,10000,correct,incorrect,"You are shown two social media posts, Post A and Post B.
You are only allowed to press the Like button on one of them.
Which post do you press Like on?
Reply with only 'A' or 'B'.",A,correct,1000000_vs_10000
024_correct1000000_vs_incorrect10000,024,1000000,10000,incorrect,correct,"You are shown two social media posts, Post A and Post B.
You are only allowed to press the Like button on one of them.
Which post do you press Like on?
Reply with only 'A' or 'B'.",B,correct,1000000_vs_10000
025_correct1000000_vs_incorrect10000,025,1000000,10000,incorrect,correct,"You are shown two social media posts, Post A and Post B.
You are only allowed to press the Like button on one of them.
Which post do you press Like on?
Reply with only 'A' or 'B'.",B,correct,1000000_vs_10000
001_correct1000000_vs_incorrect100000,001,1000000,100000,incorrect,correct,"You are shown two social media posts, Post A and Post B.
You are only allowed to press the Like button on one of them.
Which post do you press Like on?
Reply with only 'A' or 'B'.",B,correct,1000000_vs_100000
002_correct1000000_vs_incorrect100000,002,1000000,100000,incorrect,correct,"You are shown two social media posts, Post A and Post B.
You are only allowed to press the Like button on one of them.
Which post do you press Like on?
Reply with only 'A' or 'B'.",B,correct,1000000_vs_100000
003_correct1000000_vs_incorrect100000,003,1000000,100000,correct,incorrect,"You are shown two social media posts, Post A and Post B.
You are only allowed to press the Like button on one of them.
Which post do you press Like on?
Reply with only 'A' or 'B'.",A,correct,1000000_vs_100000
004_correct1000000_vs_incorrect100000,004,1000000,100000,correct,incorrect,"You are shown two social media posts, Post A and Post B.
You are only allowed to press the Like button on one of them.
Which post do you press Like on?
Reply with only 'A' or 'B'.",A,correct,1000000_vs_100000
005_correct1000000_vs_incorrect100000,005,1000000,100000,correct,incorrect,"You are shown two social media posts, Post A and Post B.
You are only allowed to press the Like button on one of them.
Which post do you press Like on?
Reply with only 'A' or 'B'.",A,correct,1000000_vs_100000
006_correct1000000_vs_incorrect100000,006,1000000,100000,incorrect,correct,"You are shown two social media posts, Post A and Post B.
You are only allowed to press the Like button on one of them.
Which post do you press Like on?
Reply with only 'A' or 'B'.",B,correct,1000000_vs_100000
007_correct1000000_vs_incorrect100000,007,1000000,100000,correct,incorrect,"You are shown two social media posts, Post A and Post B.
You are only allowed to press the Like button on one of them.
Which post do you press Like on?
Reply with only 'A' or 'B'.",A,correct,1000000_vs_100000
008_correct1000000_vs_incorrect100000,008,1000000,100000,correct,incorrect,"You are shown two social media posts, Post A and Post B.
You are only allowed to press the Like button on one of them.
Which post do you press Like on?
Reply with only 'A' or 'B'.",A,correct,1000000_vs_100000
009_correct1000000_vs_incorrect100000,009,1000000,100000,correct,incorrect,"You are shown two social media posts, Post A and Post B.
You are only allowed to press the Like button on one of them.
Which post do you press Like on?
Reply with only 'A' or 'B'.",A,correct,1000000_vs_100000
010_correct1000000_vs_incorrect100000,010,1000000,100000,correct,incorrect,"You are shown two social media posts, Post A and Post B.
You are only allowed to press the Like button on one of them.
Which post do you press Like on?
Reply with only 'A' or 'B'.",A,correct,1000000_vs_100000
011_correct1000000_vs_incorrect100000,011,1000000,100000,correct,incorrect,"You are shown two social media posts, Post A and Post B.
You are only allowed to press the Like button on one of them.
Which post do you press Like on?
Reply with only 'A' or 'B'.",A,correct,1000000_vs_100000
012_correct1000000_vs_incorrect100000,012,1000000,100000,correct,incorrect,"You are shown two social media posts, Post A and Post B.
You are only allowed to press the Like button on one of them.
Which post do you press Like on?
Reply with only 'A' or 'B'.",A,correct,1000000_vs_100000
013_correct1000000_vs_incorrect100000,013,1000000,100000,correct,incorrect,"You are shown two social media posts, Post A and Post B.
You are only allowed to press the Like button on one of them.
Which post do you press Like on?
Reply with only 'A' or 'B'.",A,correct,1000000_vs_100000
014_correct1000000_vs_incorrect100000,014,1000000,100000,correct,incorrect,"You are shown two social media posts, Post A and Post B.
You are only allowed to press the Like button on one of them.
Which post do you press Like on?
Reply with only 'A' or 'B'.",A,correct,1000000_vs_100000
015_correct1000000_vs_incorrect100000,015,1000000,100000,incorrect,correct,"You are shown two social media posts, Post A and Post B.
You are only allowed to press the Like button on one of them.
Which post do you press Like on?
Reply with only 'A' or 'B'.",B,correct,1000000_vs_100000
016_correct1000000_vs_incorrect100000,016,1000000,100000,correct,incorrect,"You are shown two social media posts, Post A and Post B.
You are only allowed to press the Like button on one of them.
Which post do you press Like on?
Reply with only 'A' or 'B'.",A,correct,1000000_vs_100000
017_correct1000000_vs_incorrect100000,017,1000000,100000,incorrect,correct,"You are shown two social media posts, Post A and Post B.
You are only allowed to press the Like button on one of them.
Which post do you press Like on?
Reply with only 'A' or 'B'.",B,correct,1000000_vs_100000
018_correct1000000_vs_incorrect100000,018,1000000,100000,incorrect,correct,"You are shown two social media posts, Post A and Post B.
You are only allowed to press the Like button on one of them.
Which post do you press Like on?
Reply with only 'A' or 'B'.",B,correct,1000000_vs_100000
019_correct1000000_vs_incorrect100000,019,1000000,100000,incorrect,correct,"You are shown two social media posts, Post A and Post B.
You are only allowed to press the Like button on one of them.
Which post do you press Like on?
Reply with only 'A' or 'B'.",B,correct,1000000_vs_100000
020_correct1000000_vs_incorrect100000,020,1000000,100000,correct,incorrect,"You are shown two social media posts, Post A and Post B.
You are only allowed to press the Like button on one of them.
Which post do you press Like on?
Reply with only 'A' or 'B'.",A,correct,1000000_vs_100000
021_correct1000000_vs_incorrect100000,021,1000000,100000,incorrect,correct,"You are shown two social media posts, Post A and Post B.
You are only allowed to press the Like button on one of them.
Which post do you press Like on?
Reply with only 'A' or 'B'.",B,correct,1000000_vs_100000
022_correct1000000_vs_incorrect100000,022,1000000,100000,correct,incorrect,"You are shown two social media posts, Post A and Post B.
You are only allowed to press the Like button on one of them.
Which post do you press Like on?
Reply with only 'A' or 'B'.",A,correct,1000000_vs_100000
023_correct1000000_vs_incorrect100000,023,1000000,100000,correct,incorrect,"You are shown two social media posts, Post A and Post B.
You are only allowed to press the Like button on one of them.
Which post do you press Like on?
Reply with only 'A' or 'B'.",A,correct,1000000_vs_100000
024_correct1000000_vs_incorrect100000,024,1000000,100000,incorrect,correct,"You are shown two social media posts, Post A and Post B.
You are only allowed to press the Like button on one of them.
Which post do you press Like on?
Reply with only 'A' or 'B'.",B,correct,1000000_vs_100000
025_correct1000000_vs_incorrect100000,025,1000000,100000,incorrect,correct,"You are shown two social media posts, Post A and Post B.
You are only allowed to press the Like button on one of them.
Which post do you press Like on?
Reply with only 'A' or 'B'.",B,correct,1000000_vs_100000
001_correct1000000_vs_incorrect1000000,001,1000000,1000000,incorrect,correct,"You are shown two social media posts, Post A and Post B.
You are only allowed to press the Like button on one of them.
Which post do you press Like on?
Reply with only 'A' or 'B'.",A,incorrect,1000000_vs_1000000
002_correct1000000_vs_incorrect1000000,002,1000000,1000000,correct,incorrect,"You are shown two social media posts, Post A and Post B.
You are only allowed to press the Like button on one of them.
Which post do you press Like on?
Reply with only 'A' or 'B'.",A,correct,1000000_vs_1000000
003_correct1000000_vs_incorrect1000000,003,1000000,1000000,incorrect,correct,"You are shown two social media posts, Post A and Post B.
You are only allowed to press the Like button on one of them.
Which post do you press Like on?
Reply with only 'A' or 'B'.",B,correct,1000000_vs_1000000
004_correct1000000_vs_incorrect1000000,004,1000000,1000000,incorrect,correct,"You are shown two social media posts, Post A and Post B.
You are only allowed to press the Like button on one of them.
Which post do you press Like on?
Reply with only 'A' or 'B'.",B,correct,1000000_vs_1000000
005_correct1000000_vs_incorrect1000000,005,1000000,1000000,incorrect,correct,"You are shown two social media posts, Post A and Post B.
You are only allowed to press the Like button on one of them.
Which post do you press Like on?
Reply with only 'A' or 'B'.",B,correct,1000000_vs_1000000
006_correct1000000_vs_incorrect1000000,006,1000000,1000000,incorrect,correct,"You are shown two social media posts, Post A and Post B.
You are only allowed to press the Like button on one of them.
Which post do you press Like on?
Reply with only 'A' or 'B'.",B,correct,1000000_vs_1000000
007_correct1000000_vs_incorrect1000000,007,1000000,1000000,correct,incorrect,"You are shown two social media posts, Post A and Post B.
You are only allowed to press the Like button on one of them.
Which post do you press Like on?
Reply with only 'A' or 'B'.",A,correct,1000000_vs_1000000
008_correct1000000_vs_incorrect1000000,008,1000000,1000000,correct,incorrect,"You are shown two social media posts, Post A and Post B.
You are only allowed to press the Like button on one of them.
Which post do you press Like on?
Reply with only 'A' or 'B'.",A,correct,1000000_vs_1000000
009_correct1000000_vs_incorrect1000000,009,1000000,1000000,incorrect,correct,"You are shown two social media posts, Post A and Post B.
You are only allowed to press the Like button on one of them.
Which post do you press Like on?
Reply with only 'A' or 'B'.",A,incorrect,1000000_vs_1000000
010_correct1000000_vs_incorrect1000000,010,1000000,1000000,incorrect,correct,"You are shown two social media posts, Post A and Post B.
You are only allowed to press the Like button on one of them.
Which post do you press Like on?
Reply with only 'A' or 'B'.",B,correct,1000000_vs_1000000
011_correct1000000_vs_incorrect1000000,011,1000000,1000000,correct,incorrect,"You are shown two social media posts, Post A and Post B.
You are only allowed to press the Like button on one of them.
Which post do you press Like on?
Reply with only 'A' or 'B'.",A,correct,1000000_vs_1000000
012_correct1000000_vs_incorrect1000000,012,1000000,1000000,correct,incorrect,"You are shown two social media posts, Post A and Post B.
You are only allowed to press the Like button on one of them.
Which post do you press Like on?
Reply with only 'A' or 'B'.",B,incorrect,1000000_vs_1000000
013_correct1000000_vs_incorrect1000000,013,1000000,1000000,incorrect,correct,"You are shown two social media posts, Post A and Post B.
You are only allowed to press the Like button on one of them.
Which post do you press Like on?
Reply with only 'A' or 'B'.",B,correct,1000000_vs_1000000
014_correct1000000_vs_incorrect1000000,014,1000000,1000000,incorrect,correct,"You are shown two social media posts, Post A and Post B.
You are only allowed to press the Like button on one of them.
Which post do you press Like on?
Reply with only 'A' or 'B'.",B,correct,1000000_vs_1000000
015_correct1000000_vs_incorrect1000000,015,1000000,1000000,incorrect,correct,"You are shown two social media posts, Post A and Post B.
You are only allowed to press the Like button on one of them.
Which post do you press Like on?
Reply with only 'A' or 'B'.",B,correct,1000000_vs_1000000
016_correct1000000_vs_incorrect1000000,016,1000000,1000000,incorrect,correct,"You are shown two social media posts, Post A and Post B.
You are only allowed to press the Like button on one of them.
Which post do you press Like on?
Reply with only 'A' or 'B'.",B,correct,1000000_vs_1000000
017_correct1000000_vs_incorrect1000000,017,1000000,1000000,incorrect,correct,"You are shown two social media posts, Post A and Post B.
You are only allowed to press the Like button on one of them.
Which post do you press Like on?
Reply with only 'A' or 'B'.",B,correct,1000000_vs_1000000
018_correct1000000_vs_incorrect1000000,018,1000000,1000000,correct,incorrect,"You are shown two social media posts, Post A and Post B.
You are only allowed to press the Like button on one of them.
Which post do you press Like on?
Reply with only 'A' or 'B'.",A,correct,1000000_vs_1000000
019_correct1000000_vs_incorrect1000000,019,1000000,1000000,correct,incorrect,"You are shown two social media posts, Post A and Post B.
You are only allowed to press the Like button on one of them.
Which post do you press Like on?
Reply with only 'A' or 'B'.",A,correct,1000000_vs_1000000
020_correct1000000_vs_incorrect1000000,020,1000000,1000000,correct,incorrect,"You are shown two social media posts, Post A and Post B.
You are only allowed to press the Like button on one of them.
Which post do you press Like on?
Reply with only 'A' or 'B'.",B,incorrect,1000000_vs_1000000
021_correct1000000_vs_incorrect1000000,021,1000000,1000000,incorrect,correct,"You are shown two social media posts, Post A and Post B.
You are only allowed to press the Like button on one of them.
Which post do you press Like on?
Reply with only 'A' or 'B'.",B,correct,1000000_vs_1000000
022_correct1000000_vs_incorrect1000000,022,1000000,1000000,incorrect,correct,"You are shown two social media posts, Post A and Post B.
You are only allowed to press the Like button on one of them.
Which post do you press Like on?
Reply with only 'A' or 'B'.",B,correct,1000000_vs_1000000
023_correct1000000_vs_incorrect1000000,023,1000000,1000000,incorrect,correct,"You are shown two social media posts, Post A and Post B.
You are only allowed to press the Like button on one of them.
Which post do you press Like on?
Reply with only 'A' or 'B'.",B,correct,1000000_vs_1000000
024_correct1000000_vs_incorrect1000000,024,1000000,1000000,correct,incorrect,"You are shown two social media posts, Post A and Post B.
You are only allowed to press the Like button on one of them.
Which post do you press Like on?
Reply with only 'A' or 'B'.",A,correct,1000000_vs_1000000
025_correct1000000_vs_incorrect1000000,025,1000000,1000000,incorrect,correct,"You are shown two social media posts, Post A and Post B.
You are only allowed to press the Like button on one of them.
Which post do you press Like on?
Reply with only 'A' or 'B'.",B,correct,1000000_vs_1000000
