image,num,variant,scale_value,prompt,answer
001_correct_10,001,correct,10,"You are shown a social media post.
You can either press the Like button or scroll past it.
Do you press Like on this post?
Reply with only 'like' or 'scroll'.",like
002_correct_10,002,correct,10,"You are shown a social media post.
You can either press the Like button or scroll past it.
Do you press Like on this post?
Reply with only 'like' or 'scroll'.",like
003_correct_10,003,correct,10,"You are shown a social media post.
You can either press the Like button or scroll past it.
Do you press Like on this post?
Reply with only 'like' or 'scroll'.",like
004_correct_10,004,correct,10,"You are shown a social media post.
You can either press the Like button or scroll past it.
Do you press Like on this post?
Reply with only 'like' or 'scroll'.",like
005_correct_10,005,correct,10,"You are shown a social media post.
You can either press the Like button or scroll past it.
Do you press Like on this post?
Reply with only 'like' or 'scroll'.",like
006_correct_10,006,correct,10,"You are shown a social media post.
You can either press the Like button or scroll past it.
Do you press Like on this post?
Reply with only 'like' or 'scroll'.",like
007_correct_10,007,correct,10,"You are shown a social media post.
You can either press the Like button or scroll past it.
Do you press Like on this post?
Reply with only 'like' or 'scroll'.",like
008_correct_10,008,correct,10,"You are shown a social media post.
You can either press the Like button or scroll past it.
Do you press Like on this post?
Reply with only 'like' or 'scroll'.",like
009_correct_10,009,correct,10,"You are shown a social media post.
You can either press the Like button or scroll past it.
Do you press Like on this post?
Reply with only 'like' or 'scroll'.",like
010_correct_10,010,correct,10,"You are shown a social media post.
You can either press the Like button or scroll past it.
Do you press Like on this post?
Reply with only 'like' or 'scroll'.",like
011_correct_10,011,correct,10,"You are shown a social media post.
You can either press the Like button or scroll past it.
Do you press Like on this post?
Reply with only 'like' or 'scroll'.",like
012_correct_10,012,correct,10,"You are shown a social media post.
You can either press the Like button or scroll past it.
Do you press Like on this post?
Reply with only 'like' or 'scroll'.",like
013_correct_10,013,correct,10,"You are shown a social media post.
You can either press the Like button or scroll past it.
Do you press Like on this post?
Reply with only 'like' or 'scroll'.",like
014_correct_10,014,correct,10,"You are shown a social media post.
You can either press the Like button or scroll past it.
Do you press Like on this post?
Reply with only 'like' or 'scroll'.",like
015_correct_10,015,correct,10,"You are shown a social media post.
You can either press the Like button or scroll past it.
Do you press Like on this post?
Reply with only 'like' or 'scroll'.",like
016_correct_10,016,correct,10,"You are shown a social media post.
You can either press the Like button or scroll past it.
Do you press Like on this post?
Reply with only 'like' or 'scroll'.",like
017_correct_10,017,correct,10,"You are shown a social media post.
You can either press the Like button or scroll past it.
Do you press Like on this post?
Reply with only 'like' or 'scroll'.",like
018_correct_10,018,correct,10,"You are shown a social media post.
You can either press the Like button or scroll past it.
Do you press Like on this post?
Reply with only 'like' or 'scroll'.",like
019_correct_10,019,correct,10,"You are shown a social media post.
You can either press the Like button or scroll past it.
Do you press Like on this post?
Reply with only 'like' or 'scroll'.",like
020_correct_10,020,correct,10,"You are shown a social media post.
You can either press the Like button or scroll past it.
Do you press Like on this post?
Reply with only 'like' or 'scroll'.",like
021_correct_10,021,correct,10,"You are shown a social media post.
You can either press the Like button or scroll past it.
Do you press Like on this post?
Reply with only 'like' or 'scroll'.",like
022_correct_10,022,correct,10,"You are shown a social media post.
You can either press the Like button or scroll past it.
Do you press Like on this post?
Reply with only 'like' or 'scroll'.",like
023_correct_10,023,correct,10,"You are shown a social media post.
You can either press the Like button or scroll past it.
Do you press Like on this post?
Reply with only 'like' or 'scroll'.",like
024_correct_10,024,correct,10,"You are shown a social media post.
You can either press the Like button or scroll past it.
Do you press Like on this post?
Reply with only 'like' or 'scroll'.",scroll
025_correct_10,025,correct,10,"You are shown a social media post.
You can either press the Like button or scroll past it.
Do you press Like on this post?
Reply with only 'like' or 'scroll'.",like
026_correct_10,026,correct,10,"You are shown a social media post.
You can either press the Like button or scroll past it.
Do you press Like on this post?
Reply with only 'like' or 'scroll'.",like
027_correct_10,027,correct,10,"You are shown a social media post.
You can either press the Like button or scroll past it.
Do you press Like on this post?
Reply with only 'like' or 'scroll'.",like
028_correct_10,028,correct,10,"You are shown a social media post.
You can either press the Like button or scroll past it.
Do you press Like on this post?
Reply with only 'like' or 'scroll'.",like
029_correct_10,029,correct,10,"You are shown a social media post.
You can either press the Like button or scroll past it.
Do you press Like on this post?
Reply with only 'like' or 'scroll'.",like
030_correct_10,030,correct,10,"You are shown a social media post.
You can either press the Like button or scroll past it.
Do you press Like on this post?
Reply with only 'like' or 'scroll'.",like
031_correct_10,031,correct,10,"You are shown a social media post.
You can either press the Like button or scroll past it.
Do you press Like on this post?
Reply with only 'like' or 'scroll'.",like
032_correct_10,032,correct,10,"You are shown a social media post.
You can either press the Like button or scroll past it.
Do you press Like on this post?
Reply with only 'like' or 'scroll'.",like
033_correct_10,033,correct,10,"You are shown a social media post.
You can either press the Like button or scroll past it.
Do you press Like on this post?
Reply with only 'like' or 'scroll'.",like
034_correct_10,034,correct,10,"You are shown a social media post.
You can either press the Like button or scroll past it.
Do you press Like on this post?
Reply with only 'like' or 'scroll'.",like
035_correct_10,035,correct,10,"You are shown a social media post.
You can either press the Like button or scroll past it.
Do you press Like on this post?
Reply with only 'like' or 'scroll'.",like
036_correct_10,036,correct,10,"You are shown a social media post.
You can either press the Like button or scroll past it.
Do you press Like on this post?
Reply with only 'like' or 'scroll'.",like
037_correct_10,037,correct,10,"You are shown a social media post.
You can either press the Like button or scroll past it.
Do you press Like on this post?
Reply with only 'like' or 'scroll'.",like
038_correct_10,038,correct,10,"You are shown a social media post.
You can either press the Like button or scroll past it.
Do you press Like on this post?
Reply with only 'like' or 'scroll'.",like
039_correct_10,039,correct,10,"You are shown a social media post.
You can either press the Like button or scroll past it.
Do you press Like on this post?
Reply with only 'like' or 'scroll'.",like
040_correct_10,040,correct,10,"You are shown a social media post.
You can either press the Like button or scroll past it.
Do you press Like on this post?
Reply with only 'like' or 'scroll'.",like
041_correct_10,041,correct,10,"You are shown a social media post.
You can either press the Like button or scroll past it.
Do you press Like on this post?
Reply with only 'like' or 'scroll'.",like
042_correct_10,042,correct,10,"You are shown a social media post.
You can either press the Like button or scroll past it.
Do you press Like on this post?
Reply with only 'like' or 'scroll'.",like
043_correct_10,043,correct,10,"You are shown a social media post.
You can either press the Like button or scroll past it.
Do you press Like on this post?
Reply with only 'like' or 'scroll'.",like
044_correct_10,044,correct,10,"You are shown a social media post.
You can either press the Like button or scroll past it.
Do you press Like on this post?
Reply with only 'like' or 'scroll'.",like
045_correct_10,045,correct,10,"You are shown a social media post.
You can either press the Like button or scroll past it.
Do you press Like on this post?
Reply with only 'like' or 'scroll'.",like
046_correct_10,046,correct,10,"You are shown a social media post.
You can either press the Like button or scroll past it.
Do you press Like on this post?
Reply with only 'like' or 'scroll'.",like
047_correct_10,047,correct,10,"You are shown a social media post.
You can either press the Like button or scroll past it.
Do you press Like on this post?
Reply with only 'like' or 'scroll'.",like
048_correct_10,048,correct,10,"You are shown a social media post.
You can either press the Like button or scroll past it.
Do you press Like on this post?
Reply with only 'like' or 'scroll'.",like
049_correct_10,049,correct,10,"You are shown a social media post.
You can either press the Like button or scroll past it.
Do you press Like on this post?
Reply with only 'like' or 'scroll'.",like
050_correct_10,050,correct,10,"You are shown a social media post.
You can either press the Like button or scroll past it.
Do you press Like on this post?
Reply with only 'like' or 'scroll'.",like
051_correct_10,051,correct,10,"You are shown a social media post.
You can either press the Like button or scroll past it.
Do you press Like on this post?
Reply with only 'like' or 'scroll'.",like
052_correct_10,052,correct,10,"You are shown a social media post.
You can either press the Like button or scroll past it.
Do you press Like on this post?
Reply with only 'like' or 'scroll'.",like
053_correct_10,053,correct,10,"You are shown a social media post.
You can either press the Like button or scroll past it.
Do you press Like on this post?
Reply with only 'like' or 'scroll'.",like
054_correct_10,054,correct,10,"You are shown a social media post.
You can either press the Like button or scroll past it.
Do you press Like on this post?
Reply with only 'like' or 'scroll'.",like
055_correct_10,055,correct,10,"You are shown a social media post.
You can either press the Like button or scroll past it.
Do you press Like on this post?
Reply with only 'like' or 'scroll'.",like
056_correct_10,056,correct,10,"You are shown a social media post.
You can either press the Like button or scroll past it.
Do you press Like on this post?
Reply with only 'like' or 'scroll'.",like
057_correct_10,057,correct,10,"You are shown a social media post.
You can either press the Like button or scroll past it.
Do you press Like on this post?
Reply with only 'like' or 'scroll'.",like
058_correct_10,058,correct,10,"You are shown a social media post.
You can either press the Like button or scroll past it.
Do you press Like on this post?
Reply with only 'like' or 'scroll'.",like
059_correct_10,059,correct,10,"You are shown a social media post.
You can either press the Like button or scroll past it.
Do you press Like on this post?
Reply with only 'like' or 'scroll'.",like
060_correct_10,060,correct,10,"You are shown a social media post.
You can either press the Like button or scroll past it.
Do you press Like on this post?
Reply with only 'like' or 'scroll'.",like
061_correct_10,061,correct,10,"You are shown a social media post.
You can either press the Like button or scroll past it.
Do you press Like on this post?
Reply with only 'like' or 'scroll'.",like
062_correct_10,062,correct,10,"You are shown a social media post.
You can either press the Like button or scroll past it.
Do you press Like on this post?
Reply with only 'like' or 'scroll'.",like
063_correct_10,063,correct,10,"You are shown a social media post.
You can either press the Like button or scroll past it.
Do you press Like on this post?
Reply with only 'like' or 'scroll'.",like
064_correct_10,064,correct,10,"You are shown a social media post.
You can either press the Like button or scroll past it.
Do you press Like on this post?
Reply with only 'like' or 'scroll'.",like
065_correct_10,065,correct,10,"You are shown a social media post.
You can either press the Like button or scroll past it.
Do you press Like on this post?
Reply with only 'like' or 'scroll'.",like
066_correct_10,066,correct,10,"You are shown a social media post.
You can either press the Like button or scroll past it.
Do you press Like on this post?
Reply with only 'like' or 'scroll'.",like
067_correct_10,067,correct,10,"You are shown a social media post.
You can either press the Like button or scroll past it.
Do you press Like on this post?
Reply with only 'like' or 'scroll'.",like
068_correct_10,068,correct,10,"You are shown a social media post.
You can either press the Like button or scroll past it.
Do you press Like on this post?
Reply with only 'like' or 'scroll'.",like
069_correct_10,069,correct,10,"You are shown a social media post.
You can either press the Like button or scroll past it.
Do you press Like on this post?
Reply with only 'like' or 'scroll'.",like
070_correct_10,070,correct,10,"You are shown a social media post.
You can either press the Like button or scroll past it.
Do you press Like on this post?
Reply with only 'like' or 'scroll'.",like
071_correct_10,071,correct,10,"You are shown a social media post.
You can either press the Like button or scroll past it.
Do you press Like on this post?
Reply with only 'like' or 'scroll'.",like
072_correct_10,072,correct,10,"You are shown a social media post.
You can either press the Like button or scroll past it.
Do you press Like on this post?
Reply with only 'like' or 'scroll'.",like
073_correct_10,073,correct,10,"You are shown a social media post.
You can either press the Like button or scroll past it.
Do you press Like on this post?
Reply with only 'like' or 'scroll'.",like
074_correct_10,074,correct,10,"You are shown a social media post.
You can either press the Like button or scroll past it.
Do you press Like on this post?
Reply with only 'like' or 'scroll'.",like
075_correct_10,075,correct,10,"You are shown a social media post.
You can either press the Like button or scroll past it.
Do you press Like on this post?
Reply with only 'like' or 'scroll'.",like
076_correct_10,076,correct,10,"You are shown a social media post.
You can either press the Like button or scroll past it.
Do you press Like on this post?
Reply with only 'like' or 'scroll'.",like
077_correct_10,077,correct,10,"You are shown a social media post.
You can either press the Like button or scroll past it.
Do you press Like on this post?
Reply with only 'like' or 'scroll'.",like
078_correct_10,078,correct,10,"You are shown a social media post.
You can either press the Like button or scroll past it.
Do you press Like on this post?
Reply with only 'like' or 'scroll'.",scroll
079_correct_10,079,correct,10,"You are shown a social media post.
You can either press the Like button or scroll past it.
Do you press Like on this post?
Reply with only 'like' or 'scroll'.",like
080_correct_10,080,correct,10,"You are shown a social media post.
You can either press the Like button or scroll past it.
Do you press Like on this post?
Reply with only 'like' or 'scroll'.",like
081_correct_10,081,correct,10,"You are shown a social media post.
You can either press the Like button or scroll past it.
Do you press Like on this post?
Reply with only 'like' or 'scroll'.",like
082_correct_10,082,correct,10,"You are shown a social media post.
You can either press the Like button or scroll past it.
Do you press Like on this post?
Reply with only 'like' or 'scroll'.",scroll
083_correct_10,083,correct,10,"You are shown a social media post.
You can either press the Like button or scroll past it.
Do you press Like on this post?
Reply with only 'like' or 'scroll'.",like
084_correct_10,084,correct,10,"You are shown a social media post.
You can either press the Like button or scroll past it.
Do you press Like on this post?
Reply with only 'like' or 'scroll'.",like
085_correct_10,085,correct,10,"You are shown a social media post.
You can either press the Like button or scroll past it.
Do you press Like on this post?
Reply with only 'like' or 'scroll'.",like
086_correct_10,086,correct,10,"You are shown a social media post.
You can either press the Like button or scroll past it.
Do you press Like on this post?
Reply with only 'like' or 'scroll'.",like
087_correct_10,087,correct,10,"You are shown a social media post.
You can either press the Like button or scroll past it.
Do you press Like on this post?
Reply with only 'like' or 'scroll'.",like
088_correct_10,088,correct,10,"You are shown a social media post.
You can either press the Like button or scroll past it.
Do you press Like on this post?
Reply with only 'like' or 'scroll'.",like
089_correct_10,089,correct,10,"You are shown a social media post.
You can either press the Like button or scroll past it.
Do you press Like on this post?
Reply with only 'like' or 'scroll'.",like
090_correct_10,090,correct,10,"You are shown a social media post.
You can either press the Like button or scroll past it.
Do you press Like on this post?
Reply with only 'like' or 'scroll'.",like
091_correct_10,091,correct,10,"You are shown a social media post.
You can either press the Like button or scroll past it.
Do you press Like on this post?
Reply with only 'like' or 'scroll'.",like
092_correct_10,092,correct,10,"You are shown a social media post.
You can either press the Like button or scroll past it.
Do you press Like on this post?
Reply with only 'like' or 'scroll'.",like
093_correct_10,093,correct,10,"You are shown a social media post.
You can either press the Like button or scroll past it.
Do you press Like on this post?
Reply with only 'like' or 'scroll'.",like
094_correct_10,094,correct,10,"You are shown a social media post.
You can either press the Like button or scroll past it.
Do you press Like on this post?
Reply with only 'like' or 'scroll'.",like
095_correct_10,095,correct,10,"You are shown a social media post.
You can either press the Like button or scroll past it.
Do you press Like on this post?
Reply with only 'like' or 'scroll'.",like
096_correct_10,096,correct,10,"You are shown a social media post.
You can either press the Like button or scroll past it.
Do you press Like on this post?
Reply with only 'like' or 'scroll'.",like
097_correct_10,097,correct,10,"You are shown a social media post.
You can either press the Like button or scroll past it.
Do you press Like on this post?
Reply with only 'like' or 'scroll'.",like
098_correct_10,098,correct,10,"You are shown a social media post.
You can either press the Like button or scroll past it.
Do you press Like on this post?
Reply with only 'like' or 'scroll'.",like
099_correct_10,099,correct,10,"You are shown a social media post.
You can either press the Like button or scroll past it.
Do you press Like on this post?
Reply with only 'like' or 'scroll'.",like
100_correct_10,100,correct,10,"You are shown a social media post.
You can either press the Like button or scroll past it.
Do you press Like on this post?
Reply with only 'like' or 'scroll'.",like
001_incorrect_10,001,incorrect,10,"You are shown a social media post.
You can either press the Like button or scroll past it.
Do you press Like on this post?
Reply with only 'like' or 'scroll'.",like
002_incorrect_10,002,incorrect,10,"You are shown a social media post.
You can either press the Like button or scroll past it.
Do you press Like on this post?
Reply with only 'like' or 'scroll'.",like
003_incorrect_10,003,incorrect,10,"You are shown a social media post.
You can either press the Like button or scroll past it.
Do you press Like on this post?
Reply with only 'like' or 'scroll'.",like
004_incorrect_10,004,incorrect,10,"You are shown a social media post.
You can either press the Like button or scroll past it.
Do you press Like on this post?
Reply with only 'like' or 'scroll'.",like
005_incorrect_10,005,incorrect,10,"You are shown a social media post.
You can either press the Like button or scroll past it.
Do you press Like on this post?
Reply with only 'like' or 'scroll'.",like
006_incorrect_10,006,incorrect,10,"You are shown a social media post.
You can either press the Like button or scroll past it.
Do you press Like on this post?
Reply with only 'like' or 'scroll'.",like
007_incorrect_10,007,incorrect,10,"You are shown a social media post.
You can either press the Like button or scroll past it.
Do you press Like on this post?
Reply with only 'like' or 'scroll'.",like
008_incorrect_10,008,incorrect,10,"You are shown a social media post.
You can either press the Like button or scroll past it.
Do you press Like on this post?
Reply with only 'like' or 'scroll'.",like
009_incorrect_10,009,incorrect,10,"You are shown a social media post.
You can either press the Like button or scroll past it.
Do you press Like on this post?
Reply with only 'like' or 'scroll'.",like
010_incorrect_10,010,incorrect,10,"You are shown a social media post.
You can either press the Like button or scroll past it.
Do you press Like on this post?
Reply with only 'like' or 'scroll'.",like
011_incorrect_10,011,incorrect,10,"You are shown a social media post.
You can either press the Like button or scroll past it.
Do you press Like on this post?
Reply with only 'like' or 'scroll'.",like
012_incorrect_10,012,incorrect,10,"You are shown a social media post.
You can either press the Like button or scroll past it.
Do you press Like on this post?
Reply with only 'like' or 'scroll'.",like
013_incorrect_10,013,incorrect,10,"You are shown a social media post.
You can either press the Like button or scroll past it.
Do you press Like on this post?
Reply with only 'like' or 'scroll'.",like
014_incorrect_10,014,incorrect,10,"You are shown a social media post.
You can either press the Like button or scroll past it.
Do you press Like on this post?
Reply with only 'like' or 'scroll'.",like
015_incorrect_10,015,incorrect,10,"You are shown a social media post.
You can either press the Like button or scroll past it.
Do you press Like on this post?
Reply with only 'like' or 'scroll'.",like
016_incorrect_10,016,incorrect,10,"You are shown a social media post.
You can either press the Like button or scroll past it.
Do you press Like on this post?
Reply with only 'like' or 'scroll'.",like
017_incorrect_10,017,incorrect,10,"You are shown a social media post.
You can either press the Like button or scroll past it.
Do you press Like on this post?
Reply with only 'like' or 'scroll'.",like
018_incorrect_10,018,incorrect,10,"You are shown a social media post.
You can either press the Like button or scroll past it.
Do you press Like on this post?
Reply with only 'like' or 'scroll'.",like
019_incorrect_10,019,incorrect,10,"You are shown a social media post.
You can either press the Like button or scroll past it.
Do you press Like on this post?
Reply with only 'like' or 'scroll'.",like
020_incorrect_10,020,incorrect,10,"You are shown a social media post.
You can either press the Like button or scroll past it.
Do you press Like on this post?
Reply with only 'like' or 'scroll'.",like
021_incorrect_10,021,incorrect,10,"You are shown a social media post.
You can either press the Like button or scroll past it.
Do you press Like on this post?
Reply with only 'like' or 'scroll'.",like
022_incorrect_10,022,incorrect,10,"You are shown a social media post.
You can either press the Like button or scroll past it.
Do you press Like on this post?
Reply with only 'like' or 'scroll'.",like
023_incorrect_10,023,incorrect,10,"You are shown a social media post.
You can either press the Like button or scroll past it.
Do you press Like on this post?
Reply with only 'like' or 'scroll'.",like
024_incorrect_10,024,incorrect,10,"You are shown a social media post.
You can either press the Like button or scroll past it.
Do you press Like on this post?
Reply with only 'like' or 'scroll'.",scroll
025_incorrect_10,025,incorrect,10,"You are shown a social media post.
You can either press the Like button or scroll past it.
Do you press Like on this post?
Reply with only 'like' or 'scroll'.",like
026_incorrect_10,026,incorrect,10,"You are shown a social media post.
You can either press the Like button or scroll past it.
Do you press Like on this post?
Reply with only 'like' or 'scroll'.",scroll
027_incorrect_10,027,incorrect,10,"You are shown a social media post.
You can either press the Like button or scroll past it.
Do you press Like on this post?
Reply with only 'like' or 'scroll'.",like
028_incorrect_10,028,incorrect,10,"You are shown a social media post.
You can either press the Like button or scroll past it.
Do you press Like on this post?
Reply with only 'like' or 'scroll'.",like
029_incorrect_10,029,incorrect,10,"You are shown a social media post.
You can either press the Like button or scroll past it.
Do you press Like on this post?
Reply with only 'like' or 'scroll'.",scroll
030_incorrect_10,030,incorrect,10,"You are shown a social media post.
You can either press the Like button or scroll past it.
Do you press Like on this post?
Reply with only 'like' or 'scroll'.",like
031_incorrect_10,031,incorrect,10,"You are shown a social media post.
You can either press the Like button or scroll past it.
Do you press Like on this post?
Reply with only 'like' or 'scroll'.",like
032_incorrect_10,032,incorrect,10,"You are shown a social media post.
You can either press the Like button or scroll past it.
Do you press Like on this post?
Reply with only 'like' or 'scroll'.",like
033_incorrect_10,033,incorrect,10,"You are shown a social media post.
You can either press the Like button or scroll past it.
Do you press Like on this post?
Reply with only 'like' or 'scroll'.",like
034_incorrect_10,034,incorrect,10,"You are shown a social media post.
You can either press the Like button or scroll past it.
Do you press Like on this post?
Reply with only 'like' or 'scroll'.",like
035_incorrect_10,035,incorrect,10,"You are shown a social media post.
You can either press the Like button or scroll past it.
Do you press Like on this post?
Reply with only 'like' or 'scroll'.",like
036_incorrect_10,036,incorrect,10,"You are shown a social media post.
You can either press the Like button or scroll past it.
Do you press Like on this post?
Reply with only 'like' or 'scroll'.",like
037_incorrect_10,037,incorrect,10,"You are shown a social media post.
You can either press the Like button or scroll past it.
Do you press Like on this post?
Reply with only 'like' or 'scroll'.",like
038_incorrect_10,038,incorrect,10,"You are shown a social media post.
You can either press the Like button or scroll past it.
Do you press Like on this post?
Reply with only 'like' or 'scroll'.",like
039_incorrect_10,039,incorrect,10,"You are shown a social media post.
You can either press the Like button or scroll past it.
Do you press Like on this post?
Reply with only 'like' or 'scroll'.",like
040_incorrect_10,040,incorrect,10,"You are shown a social media post.
You can either press the Like button or scroll past it.
Do you press Like on this post?
Reply with only 'like' or 'scroll'.",like
041_incorrect_10,041,incorrect,10,"You are shown a social media post.
You can either press the Like button or scroll past it.
Do you press Like on this post?
Reply with only 'like' or 'scroll'.",like
042_incorrect_10,042,incorrect,10,"You are shown a social media post.
You can either press the Like button or scroll past it.
Do you press Like on this post?
Reply with only 'like' or 'scroll'.",like
043_incorrect_10,043,incorrect,10,"You are shown a social media post.
You can either press the Like button or scroll past it.
Do you press Like on this post?
Reply with only 'like' or 'scroll'.",like
044_incorrect_10,044,incorrect,10,"You are shown a social media post.
You can either press the Like button or scroll past it.
Do you press Like on this post?
Reply with only 'like' or 'scroll'.",like
045_incorrect_10,045,incorrect,10,"You are shown a social media post.
You can either press the Like button or scroll past it.
Do you press Like on this post?
Reply with only 'like' or 'scroll'.",like
046_incorrect_10,046,incorrect,10,"You are shown a social media post.
You can either press the Like button or scroll past it.
Do you press Like on this post?
Reply with only 'like' or 'scroll'.",like
047_incorrect_10,047,incorrect,10,"You are shown a social media post.
You can either press the Like button or scroll past it.
Do you press Like on this post?
Reply with only 'like' or 'scroll'.",like
048_incorrect_10,048,incorrect,10,"You are shown a social media post.
You can either press the Like button or scroll past it.
Do you press Like on this post?
Reply with only 'like' or 'scroll'.",like
049_incorrect_10,049,incorrect,10,"You are shown a social media post.
You can either press the Like button or scroll past it.
Do you press Like on this post?
Reply with only 'like' or 'scroll'.",like
050_incorrect_10,050,incorrect,10,"You are shown a social media post.
You can either press the Like button or scroll past it.
Do you press Like on this post?
Reply with only 'like' or 'scroll'.",like
051_incorrect_10,051,incorrect,10,"You are shown a social media post.
You can either press the Like button or scroll past it.
Do you press Like on this post?
Reply with only 'like' or 'scroll'.",like
052_incorrect_10,052,incorrect,10,"You are shown a social media post.
You can either press the Like button or scroll past it.
Do you press Like on this post?
Reply with only 'like' or 'scroll'.",like
053_incorrect_10,053,incorrect,10,"You are shown a social media post.
You can either press the Like button or scroll past it.
Do you press Like on this post?
Reply with only 'like' or 'scroll'.",like
054_incorrect_10,054,incorrect,10,"You are shown a social media post.
You can either press the Like button or scroll past it.
Do you press Like on this post?
Reply with only 'like' or 'scroll'.",like
055_incorrect_10,055,incorrect,10,"You are shown a social media post.
You can either press the Like button or scroll past it.
Do you press Like on this post?
Reply with only 'like' or 'scroll'.",like
056_incorrect_10,056,incorrect,10,"You are shown a social media post.
You can either press the Like button or scroll past it.
Do you press Like on this post?
Reply with only 'like' or 'scroll'.",like
057_incorrect_10,057,incorrect,10,"You are shown a social media post.
You can either press the Like button or scroll past it.
Do you press Like on this post?
Reply with only 'like' or 'scroll'.",like
058_incorrect_10,058,incorrect,10,"You are shown a social media post.
You can either press the Like button or scroll past it.
Do you press Like on this post?
Reply with only 'like' or 'scroll'.",like
059_incorrect_10,059,incorrect,10,"You are shown a social media post.
You can either press the Like button or scroll past it.
Do you press Like on this post?
Reply with only 'like' or 'scroll'.",like
060_incorrect_10,060,incorrect,10,"You are shown a social media post.
You can either press the Like button or scroll past it.
Do you press Like on this post?
Reply with only 'like' or 'scroll'.",like
061_incorrect_10,061,incorrect,10,"You are shown a social media post.
You can either press the Like button or scroll past it.
Do you press Like on this post?
Reply with only 'like' or 'scroll'.",like
062_incorrect_10,062,incorrect,10,"You are shown a social media post.
You can either press the Like button or scroll past it.
Do you press Like on this post?
Reply with only 'like' or 'scroll'.",like
063_incorrect_10,063,incorrect,10,"You are shown a social media post.
You can either press the Like button or scroll past it.
Do you press Like on this post?
Reply with only 'like' or 'scroll'.",like
064_incorrect_10,064,incorrect,10,"You are shown a social media post.
You can either press the Like button or scroll past it.
Do you press Like on this post?
Reply with only 'like' or 'scroll'.",like
065_incorrect_10,065,incorrect,10,"You are shown a social media post.
You can either press the Like button or scroll past it.
Do you press Like on this post?
Reply with only 'like' or 'scroll'.",like
066_incorrect_10,066,incorrect,10,"You are shown a social media post.
You can either press the Like button or scroll past it.
Do you press Like on this post?
Reply with only 'like' or 'scroll'.",like
067_incorrect_10,067,incorrect,10,"You are shown a social media post.
You can either press the Like button or scroll past it.
Do you press Like on this post?
Reply with only 'like' or 'scroll'.",like
068_incorrect_10,068,incorrect,10,"You are shown a social media post.
You can either press the Like button or scroll past it.
Do you press Like on this post?
Reply with only 'like' or 'scroll'.",like
069_incorrect_10,069,incorrect,10,"You are shown a social media post.
You can either press the Like button or scroll past it.
Do you press Like on this post?
Reply with only 'like' or 'scroll'.",like
070_incorrect_10,070,incorrect,10,"You are shown a social media post.
You can either press the Like button or scroll past it.
Do you press Like on this post?
Reply with only 'like' or 'scroll'.",like
071_incorrect_10,071,incorrect,10,"You are shown a social media post.
You can either press the Like button or scroll past it.
Do you press Like on this post?
Reply with only 'like' or 'scroll'.",like
072_incorrect_10,072,incorrect,10,"You are shown a social media post.
You can either press the Like button or scroll past it.
Do you press Like on this post?
Reply with only 'like' or 'scroll'.",like
073_incorrect_10,073,incorrect,10,"You are shown a social media post.
You can either press the Like button or scroll past it.
Do you press Like on this post?
Reply with only 'like' or 'scroll'.",like
074_incorrect_10,074,incorrect,10,"You are shown a social media post.
You can either press the Like button or scroll past it.
Do you press Like on this post?
Reply with only 'like' or 'scroll'.",like
075_incorrect_10,075,incorrect,10,"You are shown a social media post.
You can either press the Like button or scroll past it.
Do you press Like on this post?
Reply with only 'like' or 'scroll'.",like
076_incorrect_10,076,incorrect,10,"You are shown a social media post.
You can either press the Like button or scroll past it.
Do you press Like on this post?
Reply with only 'like' or 'scroll'.",like
077_incorrect_10,077,incorrect,10,"You are shown a social media post.
You can either press the Like button or scroll past it.
Do you press Like on this post?
Reply with only 'like' or 'scroll'.",like
078_incorrect_10,078,incorrect,10,"You are shown a social media post.
You can either press the Like button or scroll past it.
Do you press Like on this post?
Reply with only 'like' or 'scroll'.",scroll
079_incorrect_10,079,incorrect,10,"You are shown a social media post.
You can either press the Like button or scroll past it.
Do you press Like on this post?
Reply with only 'like' or 'scroll'.",like
080_incorrect_10,080,incorrect,10,"You are shown a social media post.
You can either press the Like button or scroll past it.
Do you press Like on this post?
Reply with only 'like' or 'scroll'.",scroll
081_incorrect_10,081,incorrect,10,"You are shown a social media post.
You can either press the Like button or scroll past it.
Do you press Like on this post?
Reply with only 'like' or 'scroll'.",like
082_incorrect_10,082,incorrect,10,"You are shown a social media post.
You can either press the Like button or scroll past it.
Do you press Like on this post?
Reply with only 'like' or 'scroll'.",scroll
083_incorrect_10,083,incorrect,10,"You are shown a social media post.
You can either press the Like button or scroll past it.
Do you press Like on this post?
Reply with only 'like' or 'scroll'.",like
084_incorrect_10,084,incorrect,10,"You are shown a social media post.
You can either press the Like button or scroll past it.
Do you press Like on this post?
Reply with only 'like' or 'scroll'.",like
085_incorrect_10,085,incorrect,10,"You are shown a social media post.
You can either press the Like button or scroll past it.
Do you press Like on this post?
Reply with only 'like' or 'scroll'.",like
086_incorrect_10,086,incorrect,10,"You are shown a social media post.
You can either press the Like button or scroll past it.
Do you press Like on this post?
Reply with only 'like' or 'scroll'.",like
087_incorrect_10,087,incorrect,10,"You are shown a social media post.
You can either press the Like button or scroll past it.
Do you press Like on this post?
Reply with only 'like' or 'scroll'.",like
088_incorrect_10,088,incorrect,10,"You are shown a social media post.
You can either press the Like button or scroll past it.
Do you press Like on this post?
Reply with only 'like' or 'scroll'.",like
089_incorrect_10,089,incorrect,10,"You are shown a social media post.
You can either press the Like button or scroll past it.
Do you press Like on this post?
Reply with only 'like' or 'scroll'.",like
090_incorrect_10,090,incorrect,10,"You are shown a social media post.
You can either press the Like button or scroll past it.
Do you press Like on this post?
Reply with only 'like' or 'scroll'.",like
091_incorrect_10,091,incorrect,10,"You are shown a social media post.
You can either press the Like button or scroll past it.
Do you press Like on this post?
Reply with only 'like' or 'scroll'.",like
092_incorrect_10,092,incorrect,10,"You are shown a social media post.
You can either press the Like button or scroll past it.
Do you press Like on this post?
Reply with only 'like' or 'scroll'.",like
093_incorrect_10,093,incorrect,10,"You are shown a social media post.
You can either press the Like button or scroll past it.
Do you press Like on this post?
Reply with only 'like' or 'scroll'.",like
094_incorrect_10,094,incorrect,10,"You are shown a social media post.
You can either press the Like button or scroll past it.
Do you press Like on this post?
Reply with only 'like' or 'scroll'.",like
095_incorrect_10,095,incorrect,10,"You are shown a social media post.
You can either press the Like button or scroll past it.
Do you press Like on this post?
Reply with only 'like' or 'scroll'.",like
096_incorrect_10,096,incorrect,10,"You are shown a social media post.
You can either press the Like button or scroll past it.
Do you press Like on this post?
Reply with only 'like' or 'scroll'.",like
097_incorrect_10,097,incorrect,10,"You are shown a social media post.
You can either press the Like button or scroll past it.
Do you press Like on this post?
Reply with only 'like' or 'scroll'.",like
098_incorrect_10,098,incorrect,10,"You are shown a social media post.
You can either press the Like button or scroll past it.
Do you press Like on this post?
Reply with only 'like' or 'scroll'.",scroll
099_incorrect_10,099,incorrect,10,"You are shown a social media post.
You can either press the Like button or scroll past it.
Do you press Like on this post?
Reply with only 'like' or 'scroll'.",like
100_incorrect_10,100,incorrect,10,"You are shown a social media post.
You can either press the Like button or scroll past it.
Do you press Like on this post?
Reply with only 'like' or 'scroll'.",like
001_correct_100,001,correct,100,"You are shown a social media post.
You can either press the Like button or scroll past it.
Do you press Like on this post?
Reply with only 'like' or 'scroll'.",like
002_correct_100,002,correct,100,"You are shown a social media post.
You can either press the Like button or scroll past it.
Do you press Like on this post?
Reply with only 'like' or 'scroll'.",like
003_correct_100,003,correct,100,"You are shown a social media post.
You can either press the Like button or scroll past it.
Do you press Like on this post?
Reply with only 'like' or 'scroll'.",like
004_correct_100,004,correct,100,"You are shown a social media post.
You can either press the Like button or scroll past it.
Do you press Like on this post?
Reply with only 'like' or 'scroll'.",like
005_correct_100,005,correct,100,"You are shown a social media post.
You can either press the Like button or scroll past it.
Do you press Like on this post?
Reply with only 'like' or 'scroll'.",like
006_correct_100,006,correct,100,"You are shown a social media post.
You can either press the Like button or scroll past it.
Do you press Like on this post?
Reply with only 'like' or 'scroll'.",like
007_correct_100,007,correct,100,"You are shown a social media post.
You can either press the Like button or scroll past it.
Do you press Like on this post?
Reply with only 'like' or 'scroll'.",like
008_correct_100,008,correct,100,"You are shown a social media post.
You can either press the Like button or scroll past it.
Do you press Like on this post?
Reply with only 'like' or 'scroll'.",like
009_correct_100,009,correct,100,"You are shown a social media post.
You can either press the Like button or scroll past it.
Do you press Like on this post?
Reply with only 'like' or 'scroll'.",like
010_correct_100,010,correct,100,"You are shown a social media post.
You can either press the Like button or scroll past it.
Do you press Like on this post?
Reply with only 'like' or 'scroll'.",like
011_correct_100,011,correct,100,"You are shown a social media post.
You can either press the Like button or scroll past it.
Do you press Like on this post?
Reply with only 'like' or 'scroll'.",like
012_correct_100,012,correct,100,"You are shown a social media post.
You can either press the Like button or scroll past it.
Do you press Like on this post?
Reply with only 'like' or 'scroll'.",like
013_correct_100,013,correct,100,"You are shown a social media post.
You can either press the Like button or scroll past it.
Do you press Like on this post?
Reply with only 'like' or 'scroll'.",like
014_correct_100,014,correct,100,"You are shown a social media post.
You can either press the Like button or scroll past it.
Do you press Like on this post?
Reply with only 'like' or 'scroll'.",like
015_correct_100,015,correct,100,"You are shown a social media post.
You can either press the Like button or scroll past it.
Do you press Like on this post?
Reply with only 'like' or 'scroll'.",like
016_correct_100,016,correct,100,"You are shown a social media post.
You can either press the Like button or scroll past it.
Do you press Like on this post?
Reply with only 'like' or 'scroll'.",like
017_correct_100,017,correct,100,"You are shown a social media post.
You can either press the Like button or scroll past it.
Do you press Like on this post?
Reply with only 'like' or 'scroll'.",like
018_correct_100,018,correct,100,"You are shown a social media post.
You can either press the Like button or scroll past it.
Do you press Like on this post?
Reply with only 'like' or 'scroll'.",like
019_correct_100,019,correct,100,"You are shown a social media post.
You can either press the Like button or scroll past it.
Do you press Like on this post?
Reply with only 'like' or 'scroll'.",like
020_correct_100,020,correct,100,"You are shown a social media post.
You can either press the Like button or scroll past it.
Do you press Like on this post?
Reply with only 'like' or 'scroll'.",like
021_correct_100,021,correct,100,"You are shown a social media post.
You can either press the Like button or scroll past it.
Do you press Like on this post?
Reply with only 'like' or 'scroll'.",like
022_correct_100,022,correct,100,"You are shown a social media post.
You can either press the Like button or scroll past it.
Do you press Like on this post?
Reply with only 'like' or 'scroll'.",scroll
023_correct_100,023,correct,100,"You are shown a social media post.
You can either press the Like button or scroll past it.
Do you press Like on this post?
Reply with only 'like' or 'scroll'.",like
024_correct_100,024,correct,100,"You are shown a social media post.
You can either press the Like button or scroll past it.
Do you press Like on this post?
Reply with only 'like' or 'scroll'.",scroll
025_correct_100,025,correct,100,"You are shown a social media post.
You can either press the Like button or scroll past it.
Do you press Like on this post?
Reply with only 'like' or 'scroll'.",like
026_correct_100,026,correct,100,"You are shown a social media post.
You can either press the Like button or scroll past it.
Do you press Like on this post?
Reply with only 'like' or 'scroll'.",like
027_correct_100,027,correct,100,"You are shown a social media post.
You can either press the Like button or scroll past it.
Do you press Like on this post?
Reply with only 'like' or 'scroll'.",like
028_correct_100,028,correct,100,"You are shown a social media post.
You can either press the Like button or scroll past it.
Do you press Like on this post?
Reply with only 'like' or 'scroll'.",like
029_correct_100,029,correct,100,"You are shown a social media post.
You can either press the Like button or scroll past it.
Do you press Like on this post?
Reply with only 'like' or 'scroll'.",scroll
030_correct_100,030,correct,100,"You are shown a social media post.
You can either press the Like button or scroll past it.
Do you press Like on this post?
Reply with only 'like' or 'scroll'.",like
031_correct_100,031,correct,100,"You are shown a social media post.
You can either press the Like button or scroll past it.
Do you press Like on this post?
Reply with only 'like' or 'scroll'.",like
032_correct_100,032,correct,100,"You are shown a social media post.
You can either press the Like button or scroll past it.
Do you press Like on this post?
Reply with only 'like' or 'scroll'.",like
033_correct_100,033,correct,100,"You are shown a social media post.
You can either press the Like button or scroll past it.
Do you press Like on this post?
Reply with only 'like' or 'scroll'.",like
034_correct_100,034,correct,100,"You are shown a social media post.
You can either press the Like button or scroll past it.
Do you press Like on this post?
Reply with only 'like' or 'scroll'.",like
035_correct_100,035,correct,100,"You are shown a social media post.
You can either press the Like button or scroll past it.
Do you press Like on this post?
Reply with only 'like' or 'scroll'.",like
036_correct_100,036,correct,100,"You are shown a social media post.
You can either press the Like button or scroll past it.
Do you press Like on this post?
Reply with only 'like' or 'scroll'.",like
037_correct_100,037,correct,100,"You are shown a social media post.
You can either press the Like button or scroll past it.
Do you press Like on this post?
Reply with only 'like' or 'scroll'.",like
038_correct_100,038,correct,100,"You are shown a social media post.
You can either press the Like button or scroll past it.
Do you press Like on this post?
Reply with only 'like' or 'scroll'.",like
039_correct_100,039,correct,100,"You are shown a social media post.
You can either press the Like button or scroll past it.
Do you press Like on this post?
Reply with only 'like' or 'scroll'.",like
040_correct_100,040,correct,100,"You are shown a social media post.
You can either press the Like button or scroll past it.
Do you press Like on this post?
Reply with only 'like' or 'scroll'.",like
041_correct_100,041,correct,100,"You are shown a social media post.
You can either press the Like button or scroll past it.
Do you press Like on this post?
Reply with only 'like' or 'scroll'.",like
042_correct_100,042,correct,100,"You are shown a social media post.
You can either press the Like button or scroll past it.
Do you press Like on this post?
Reply with only 'like' or 'scroll'.",like
043_correct_100,043,correct,100,"You are shown a social media post.
You can either press the Like button or scroll past it.
Do you press Like on this post?
Reply with only 'like' or 'scroll'.",like
044_correct_100,044,correct,100,"You are shown a social media post.
You can either press the Like button or scroll past it.
Do you press Like on this post?
Reply with only 'like' or 'scroll'.",like
045_correct_100,045,correct,100,"You are shown a social media post.
You can either press the Like button or scroll past it.
Do you press Like on this post?
Reply with only 'like' or 'scroll'.",like
046_correct_100,046,correct,100,"You are shown a social media post.
You can either press the Like button or scroll past it.
Do you press Like on this post?
Reply with only 'like' or 'scroll'.",like
047_correct_100,047,correct,100,"You are shown a social media post.
You can either press the Like button or scroll past it.
Do you press Like on this post?
Reply with only 'like' or 'scroll'.",like
048_correct_100,048,correct,100,"You are shown a social media post.
You can either press the Like button or scroll past it.
Do you press Like on this post?
Reply with only 'like' or 'scroll'.",like
049_correct_100,049,correct,100,"You are shown a social media post.
You can either press the Like button or scroll past it.
Do you press Like on this post?
Reply with only 'like' or 'scroll'.",like
050_correct_100,050,correct,100,"You are shown a social media post.
You can either press the Like button or scroll past it.
Do you press Like on this post?
Reply with only 'like' or 'scroll'.",like
051_correct_100,051,correct,100,"You are shown a social media post.
You can either press the Like button or scroll past it.
Do you press Like on this post?
Reply with only 'like' or 'scroll'.",like
052_correct_100,052,correct,100,"You are shown a social media post.
You can either press the Like button or scroll past it.
Do you press Like on this post?
Reply with only 'like' or 'scroll'.",like
053_correct_100,053,correct,100,"You are shown a social media post.
You can either press the Like button or scroll past it.
Do you press Like on this post?
Reply with only 'like' or 'scroll'.",like
054_correct_100,054,correct,100,"You are shown a social media post.
You can either press the Like button or scroll past it.
Do you press Like on this post?
Reply with only 'like' or 'scroll'.",like
055_correct_100,055,correct,100,"You are shown a social media post.
You can either press the Like button or scroll past it.
Do you press Like on this post?
Reply with only 'like' or 'scroll'.",like
056_correct_100,056,correct,100,"You are shown a social media post.
You can either press the Like button or scroll past it.
Do you press Like on this post?
Reply with only 'like' or 'scroll'.",like
057_correct_100,057,correct,100,"You are shown a social media post.
You can either press the Like button or scroll past it.
Do you press Like on this post?
Reply with only 'like' or 'scroll'.",like
058_correct_100,058,correct,100,"You are shown a social media post.
You can either press the Like button or scroll past it.
Do you press Like on this post?
Reply with only 'like' or 'scroll'.",like
059_correct_100,059,correct,100,"You are shown a social media post.
You can either press the Like button or scroll past it.
Do you press Like on this post?
Reply with only 'like' or 'scroll'.",like
060_correct_100,060,correct,100,"You are shown a social media post.
You can either press the Like button or scroll past it.
Do you press Like on this post?
Reply with only 'like' or 'scroll'.",like
061_correct_100,061,correct,100,"You are shown a social media post.
You can either press the Like button or scroll past it.
Do you press Like on this post?
Reply with only 'like' or 'scroll'.",like
062_correct_100,062,correct,100,"You are shown a social media post.
You can either press the Like button or scroll past it.
Do you press Like on this post?
Reply with only 'like' or 'scroll'.",like
063_correct_100,063,correct,100,"You are shown a social media post.
You can either press the Like button or scroll past it.
Do you press Like on this post?
Reply with only 'like' or 'scroll'.",like
064_correct_100,064,correct,100,"You are shown a social media post.
You can either press the Like button or scroll past it.
Do you press Like on this post?
Reply with only 'like' or 'scroll'.",like
065_correct_100,065,correct,100,"You are shown a social media post.
You can either press the Like button or scroll past it.
Do you press Like on this post?
Reply with only 'like' or 'scroll'.",like
066_correct_100,066,correct,100,"You are shown a social media post.
You can either press the Like button or scroll past it.
Do you press Like on this post?
Reply with only 'like' or 'scroll'.",like
067_correct_100,067,correct,100,"You are shown a social media post.
You can either press the Like button or scroll past it.
Do you press Like on this post?
Reply with only 'like' or 'scroll'.",like
068_correct_100,068,correct,100,"You are shown a social media post.
You can either press the Like button or scroll past it.
Do you press Like on this post?
Reply with only 'like' or 'scroll'.",like
069_correct_100,069,correct,100,"You are shown a social media post.
You can either press the Like button or scroll past it.
Do you press Like on this post?
Reply with only 'like' or 'scroll'.",like
070_correct_100,070,correct,100,"You are shown a social media post.
You can either press the Like button or scroll past it.
Do you press Like on this post?
Reply with only 'like' or 'scroll'.",like
071_correct_100,071,correct,100,"You are shown a social media post.
You can either press the Like button or scroll past it.
Do you press Like on this post?
Reply with only 'like' or 'scroll'.",like
072_correct_100,072,correct,100,"You are shown a social media post.
You can either press the Like button or scroll past it.
Do you press Like on this post?
Reply with only 'like' or 'scroll'.",like
073_correct_100,073,correct,100,"You are shown a social media post.
You can either press the Like button or scroll past it.
Do you press Like on this post?
Reply with only 'like' or 'scroll'.",like
074_correct_100,074,correct,100,"You are shown a social media post.
You can either press the Like button or scroll past it.
Do you press Like on this post?
Reply with only 'like' or 'scroll'.",like
075_correct_100,075,correct,100,"You are shown a social media post.
You can either press the Like button or scroll past it.
Do you press Like on this post?
Reply with only 'like' or 'scroll'.",like
076_correct_100,076,correct,100,"You are shown a social media post.
You can either press the Like button or scroll past it.
Do you press Like on this post?
Reply with only 'like' or 'scroll'.",like
077_correct_100,077,correct,100,"You are shown a social media post.
You can either press the Like button or scroll past it.
Do you press Like on this post?
Reply with only 'like' or 'scroll'.",like
078_correct_100,078,correct,100,"You are shown a social media post.
You can either press the Like button or scroll past it.
Do you press Like on this post?
Reply with only 'like' or 'scroll'.",scroll
079_correct_100,079,correct,100,"You are shown a social media post.
You can either press the Like button or scroll past it.
Do you press Like on this post?
Reply with only 'like' or 'scroll'.",like
080_correct_100,080,correct,100,"You are shown a social media post.
You can either press the Like button or scroll past it.
Do you press Like on this post?
Reply with only 'like' or 'scroll'.",scroll
081_correct_100,081,correct,100,"You are shown a social media post.
You can either press the Like button or scroll past it.
Do you press Like on this post?
Reply with only 'like' or 'scroll'.",like
082_correct_100,082,correct,100,"You are shown a social media post.
You can either press the Like button or scroll past it.
Do you press Like on this post?
Reply with only 'like' or 'scroll'.",scroll
083_correct_100,083,correct,100,"You are shown a social media post.
You can either press the Like button or scroll past it.
Do you press Like on this post?
Reply with only 'like' or 'scroll'.",like
084_correct_100,084,correct,100,"You are shown a social media post.
You can either press the Like button or scroll past it.
Do you press Like on this post?
Reply with only 'like' or 'scroll'.",like
085_correct_100,085,correct,100,"You are shown a social media post.
You can either press the Like button or scroll past it.
Do you press Like on this post?
Reply with only 'like' or 'scroll'.",like
086_correct_100,086,correct,100,"You are shown a social media post.
You can either press the Like button or scroll past it.
Do you press Like on this post?
Reply with only 'like' or 'scroll'.",like
087_correct_100,087,correct,100,"You are shown a social media post.
You can either press the Like button or scroll past it.
Do you press Like on this post?
Reply with only 'like' or 'scroll'.",like
088_correct_100,088,correct,100,"You are shown a social media post.
You can either press the Like button or scroll past it.
Do you press Like on this post?
Reply with only 'like' or 'scroll'.",like
089_correct_100,089,correct,100,"You are shown a social media post.
You can either press the Like button or scroll past it.
Do you press Like on this post?
Reply with only 'like' or 'scroll'.",like
090_correct_100,090,correct,100,"You are shown a social media post.
You can either press the Like button or scroll past it.
Do you press Like on this post?
Reply with only 'like' or 'scroll'.",like
091_correct_100,091,correct,100,"You are shown a social media post.
You can either press the Like button or scroll past it.
Do you press Like on this post?
Reply with only 'like' or 'scroll'.",like
092_correct_100,092,correct,100,"You are shown a social media post.
You can either press the Like button or scroll past it.
Do you press Like on this post?
Reply with only 'like' or 'scroll'.",like
093_correct_100,093,correct,100,"You are shown a social media post.
You can either press the Like button or scroll past it.
Do you press Like on this post?
Reply with only 'like' or 'scroll'.",like
094_correct_100,094,correct,100,"You are shown a social media post.
You can either press the Like button or scroll past it.
Do you press Like on this post?
Reply with only 'like' or 'scroll'.",like
095_correct_100,095,correct,100,"You are shown a social media post.
You can either press the Like button or scroll past it.
Do you press Like on this post?
Reply with only 'like' or 'scroll'.",like
096_correct_100,096,correct,100,"You are shown a social media post.
You can either press the Like button or scroll past it.
Do you press Like on this post?
Reply with only 'like' or 'scroll'.",like
097_correct_100,097,correct,100,"You are shown a social media post.
You can either press the Like button or scroll past it.
Do you press Like on this post?
Reply with only 'like' or 'scroll'.",like
098_correct_100,098,correct,100,"You are shown a social media post.
You can either press the Like button or scroll past it.
Do you press Like on this post?
Reply with only 'like' or 'scroll'.",like
099_correct_100,099,correct,100,"You are shown a social media post.
You can either press the Like button or scroll past it.
Do you press Like on this post?
Reply with only 'like' or 'scroll'.",like
100_correct_100,100,correct,100,"You are shown a social media post.
You can either press the Like button or scroll past it.
Do you press Like on this post?
Reply with only 'like' or 'scroll'.",like
001_incorrect_100,001,incorrect,100,"You are shown a social media post.
You can either press the Like button or scroll past it.
Do you press Like on this post?
Reply with only 'like' or 'scroll'.",like
002_incorrect_100,002,incorrect,100,"You are shown a social media post.
You can either press the Like button or scroll past it.
Do you press Like on this post?
Reply with only 'like' or 'scroll'.",like
003_incorrect_100,003,incorrect,100,"You are shown a social media post.
You can either press the Like button or scroll past it.
Do you press Like on this post?
Reply with only 'like' or 'scroll'.",like
004_incorrect_100,004,incorrect,100,"You are shown a social media post.
You can either press the Like button or scroll past it.
Do you press Like on this post?
Reply with only 'like' or 'scroll'.",like
005_incorrect_100,005,incorrect,100,"You are shown a social media post.
You can either press the Like button or scroll past it.
Do you press Like on this post?
Reply with only 'like' or 'scroll'.",like
006_incorrect_100,006,incorrect,100,"You are shown a social media post.
You can either press the Like button or scroll past it.
Do you press Like on this post?
Reply with only 'like' or 'scroll'.",like
007_incorrect_100,007,incorrect,100,"You are shown a social media post.
You can either press the Like button or scroll past it.
Do you press Like on this post?
Reply with only 'like' or 'scroll'.",like
008_incorrect_100,008,incorrect,100,"You are shown a social media post.
You can either press the Like button or scroll past it.
Do you press Like on this post?
Reply with only 'like' or 'scroll'.",like
009_incorrect_100,009,incorrect,100,"You are shown a social media post.
You can either press the Like button or scroll past it.
Do you press Like on this post?
Reply with only 'like' or 'scroll'.",like
010_incorrect_100,010,incorrect,100,"You are shown a social media post.
You can either press the Like button or scroll past it.
Do you press Like on this post?
Reply with only 'like' or 'scroll'.",like
011_incorrect_100,011,incorrect,100,"You are shown a social media post.
You can either press the Like button or scroll past it.
Do you press Like on this post?
Reply with only 'like' or 'scroll'.",like
012_incorrect_100,012,incorrect,100,"You are shown a social media post.
You can either press the Like button or scroll past it.
Do you press Like on this post?
Reply with only 'like' or 'scroll'.",like
013_incorrect_100,013,incorrect,100,"You are shown a social media post.
You can either press the Like button or scroll past it.
Do you press Like on this post?
Reply with only 'like' or 'scroll'.",like
014_incorrect_100,014,incorrect,100,"You are shown a social media post.
You can either press the Like button or scroll past it.
Do you press Like on this post?
Reply with only 'like' or 'scroll'.",like
015_incorrect_100,015,incorrect,100,"You are shown a social media post.
You can either press the Like button or scroll past it.
Do you press Like on this post?
Reply with only 'like' or 'scroll'.",like
016_incorrect_100,016,incorrect,100,"You are shown a social media post.
You can either press the Like button or scroll past it.
Do you press Like on this post?
Reply with only 'like' or 'scroll'.",like
017_incorrect_100,017,incorrect,100,"You are shown a social media post.
You can either press the Like button or scroll past it.
Do you press Like on this post?
Reply with only 'like' or 'scroll'.",like
018_incorrect_100,018,incorrect,100,"You are shown a social media post.
You can either press the Like button or scroll past it.
Do you press Like on this post?
Reply with only 'like' or 'scroll'.",like
019_incorrect_100,019,incorrect,100,"You are shown a social media post.
You can either press the Like button or scroll past it.
Do you press Like on this post?
Reply with only 'like' or 'scroll'.",like
020_incorrect_100,020,incorrect,100,"You are shown a social media post.
You can either press the Like button or scroll past it.
Do you press Like on this post?
Reply with only 'like' or 'scroll'.",like
021_incorrect_100,021,incorrect,100,"You are shown a social media post.
You can either press the Like button or scroll past it.
Do you press Like on this post?
Reply with only 'like' or 'scroll'.",like
022_incorrect_100,022,incorrect,100,"You are shown a social media post.
You can either press the Like button or scroll past it.
Do you press Like on this post?
Reply with only 'like' or 'scroll'.",scroll
023_incorrect_100,023,incorrect,100,"You are shown a social media post.
You can either press the Like button or scroll past it.
Do you press Like on this post?
Reply with only 'like' or 'scroll'.",like
024_incorrect_100,024,incorrect,100,"You are shown a social media post.
You can either press the Like button or scroll past it.
Do you press Like on this post?
Reply with only 'like' or 'scroll'.",scroll
025_incorrect_100,025,incorrect,100,"You are shown a social media post.
You can either press the Like button or scroll past it.
Do you press Like on this post?
Reply with only 'like' or 'scroll'.",like
026_incorrect_100,026,incorrect,100,"You are shown a social media post.
You can either press the Like button or scroll past it.
Do you press Like on this post?
Reply with only 'like' or 'scroll'.",like
027_incorrect_100,027,incorrect,100,"You are shown a social media post.
You can either press the Like button or scroll past it.
Do you press Like on this post?
Reply with only 'like' or 'scroll'.",like
028_incorrect_100,028,incorrect,100,"You are shown a social media post.
You can either press the Like button or scroll past it.
Do you press Like on this post?
Reply with only 'like' or 'scroll'.",like
029_incorrect_100,029,incorrect,100,"You are shown a social media post.
You can either press the Like button or scroll past it.
Do you press Like on this post?
Reply with only 'like' or 'scroll'.",scroll
030_incorrect_100,030,incorrect,100,"You are shown a social media post.
You can either press the Like button or scroll past it.
Do you press Like on this post?
Reply with only 'like' or 'scroll'.",like
031_incorrect_100,031,incorrect,100,"You are shown a social media post.
You can either press the Like button or scroll past it.
Do you press Like on this post?
Reply with only 'like' or 'scroll'.",like
032_incorrect_100,032,incorrect,100,"You are shown a social media post.
You can either press the Like button or scroll past it.
Do you press Like on this post?
Reply with only 'like' or 'scroll'.",like
033_incorrect_100,033,incorrect,100,"You are shown a social media post.
You can either press the Like button or scroll past it.
Do you press Like on this post?
Reply with only 'like' or 'scroll'.",like
034_incorrect_100,034,incorrect,100,"You are shown a social media post.
You can either press the Like button or scroll past it.
Do you press Like on this post?
Reply with only 'like' or 'scroll'.",like
035_incorrect_100,035,incorrect,100,"You are shown a social media post.
You can either press the Like button or scroll past it.
Do you press Like on this post?
Reply with only 'like' or 'scroll'.",like
036_incorrect_100,036,incorrect,100,"You are shown a social media post.
You can either press the Like button or scroll past it.
Do you press Like on this post?
Reply with only 'like' or 'scroll'.",like
037_incorrect_100,037,incorrect,100,"You are shown a social media post.
You can either press the Like button or scroll past it.
Do you press Like on this post?
Reply with only 'like' or 'scroll'.",like
038_incorrect_100,038,incorrect,100,"You are shown a social media post.
You can either press the Like button or scroll past it.
Do you press Like on this post?
Reply with only 'like' or 'scroll'.",like
039_incorrect_100,039,incorrect,100,"You are shown a social media post.
You can either press the Like button or scroll past it.
Do you press Like on this post?
Reply with only 'like' or 'scroll'.",like
040_incorrect_100,040,incorrect,100,"You are shown a social media post.
You can either press the Like button or scroll past it.
Do you press Like on this post?
Reply with only 'like' or 'scroll'.",like
041_incorrect_100,041,incorrect,100,"You are shown a social media post.
You can either press the Like button or scroll past it.
Do you press Like on this post?
Reply with only 'like' or 'scroll'.",like
042_incorrect_100,042,incorrect,100,"You are shown a social media post.
You can either press the Like button or scroll past it.
Do you press Like on this post?
Reply with only 'like' or 'scroll'.",like
043_incorrect_100,043,incorrect,100,"You are shown a social media post.
You can either press the Like button or scroll past it.
Do you press Like on this post?
Reply with only 'like' or 'scroll'.",like
044_incorrect_100,044,incorrect,100,"You are shown a social media post.
You can either press the Like button or scroll past it.
Do you press Like on this post?
Reply with only 'like' or 'scroll'.",like
045_incorrect_100,045,incorrect,100,"You are shown a social media post.
You can either press the Like button or scroll past it.
Do you press Like on this post?
Reply with only 'like' or 'scroll'.",like
046_incorrect_100,046,incorrect,100,"You are shown a social media post.
You can either press the Like button or scroll past it.
Do you press Like on this post?
Reply with only 'like' or 'scroll'.",like
047_incorrect_100,047,incorrect,100,"You are shown a social media post.
You can either press the Like button or scroll past it.
Do you press Like on this post?
Reply with only 'like' or 'scroll'.",like
048_incorrect_100,048,incorrect,100,"You are shown a social media post.
You can either press the Like button or scroll past it.
Do you press Like on this post?
Reply with only 'like' or 'scroll'.",like
049_incorrect_100,049,incorrect,100,"You are shown a social media post.
You can either press the Like button or scroll past it.
Do you press Like on this post?
Reply with only 'like' or 'scroll'.",like
050_incorrect_100,050,incorrect,100,"You are shown a social media post.
You can either press the Like button or scroll past it.
Do you press Like on this post?
Reply with only 'like' or 'scroll'.",like
051_incorrect_100,051,incorrect,100,"You are shown a social media post.
You can either press the Like button or scroll past it.
Do you press Like on this post?
Reply with only 'like' or 'scroll'.",like
052_incorrect_100,052,incorrect,100,"You are shown a social media post.
You can either press the Like button or scroll past it.
Do you press Like on this post?
Reply with only 'like' or 'scroll'.",like
053_incorrect_100,053,incorrect,100,"You are shown a social media post.
You can either press the Like button or scroll past it.
Do you press Like on this post?
Reply with only 'like' or 'scroll'.",like
054_incorrect_100,054,incorrect,100,"You are shown a social media post.
You can either press the Like button or scroll past it.
Do you press Like on this post?
Reply with only 'like' or 'scroll'.",like
055_incorrect_100,055,incorrect,100,"You are shown a social media post.
You can either press the Like button or scroll past it.
Do you press Like on this post?
Reply with only 'like' or 'scroll'.",like
056_incorrect_100,056,incorrect,100,"You are shown a social media post.
You can either press the Like button or scroll past it.
Do you press Like on this post?
Reply with only 'like' or 'scroll'.",like
057_incorrect_100,057,incorrect,100,"You are shown a social media post.
You can either press the Like button or scroll past it.
Do you press Like on this post?
Reply with only 'like' or 'scroll'.",like
058_incorrect_100,058,incorrect,100,"You are shown a social media post.
You can either press the Like button or scroll past it.
Do you press Like on this post?
Reply with only 'like' or 'scroll'.",like
059_incorrect_100,059,incorrect,100,"You are shown a social media post.
You can either press the Like button or scroll past it.
Do you press Like on this post?
Reply with only 'like' or 'scroll'.",like
060_incorrect_100,060,incorrect,100,"You are shown a social media post.
You can either press the Like button or scroll past it.
Do you press Like on this post?
Reply with only 'like' or 'scroll'.",like
061_incorrect_100,061,incorrect,100,"You are shown a social media post.
You can either press the Like button or scroll past it.
Do you press Like on this post?
Reply with only 'like' or 'scroll'.",like
062_incorrect_100,062,incorrect,100,"You are shown a social media post.
You can either press the Like button or scroll past it.
Do you press Like on this post?
Reply with only 'like' or 'scroll'.",like
063_incorrect_100,063,incorrect,100,"You are shown a social media post.
You can either press the Like button or scroll past it.
Do you press Like on this post?
Reply with only 'like' or 'scroll'.",like
064_incorrect_100,064,incorrect,100,"You are shown a social media post.
You can either press the Like button or scroll past it.
Do you press Like on this post?
Reply with only 'like' or 'scroll'.",like
065_incorrect_100,065,incorrect,100,"You are shown a social media post.
You can either press the Like button or scroll past it.
Do you press Like on this post?
Reply with only 'like' or 'scroll'.",like
066_incorrect_100,066,incorrect,100,"You are shown a social media post.
You can either press the Like button or scroll past it.
Do you press Like on this post?
Reply with only 'like' or 'scroll'.",like
067_incorrect_100,067,incorrect,100,"You are shown a social media post.
You can either press the Like button or scroll past it.
Do you press Like on this post?
Reply with only 'like' or 'scroll'.",like
068_incorrect_100,068,incorrect,100,"You are shown a social media post.
You can either press the Like button or scroll past it.
Do you press Like on this post?
Reply with only 'like' or 'scroll'.",like
069_incorrect_100,069,incorrect,100,"You are shown a social media post.
You can either press the Like button or scroll past it.
Do you press Like on this post?
Reply with only 'like' or 'scroll'.",like
070_incorrect_100,070,incorrect,100,"You are shown a social media post.
You can either press the Like button or scroll past it.
Do you press Like on this post?
Reply with only 'like' or 'scroll'.",like
071_incorrect_100,071,incorrect,100,"You are shown a social media post.
You can either press the Like button or scroll past it.
Do you press Like on this post?
Reply with only 'like' or 'scroll'.",like
072_incorrect_100,072,incorrect,100,"You are shown a social media post.
You can either press the Like button or scroll past it.
Do you press Like on this post?
Reply with only 'like' or 'scroll'.",like
073_incorrect_100,073,incorrect,100,"You are shown a social media post.
You can either press the Like button or scroll past it.
Do you press Like on this post?
Reply with only 'like' or 'scroll'.",like
074_incorrect_100,074,incorrect,100,"You are shown a social media post.
You can either press the Like button or scroll past it.
Do you press Like on this post?
Reply with only 'like' or 'scroll'.",like
075_incorrect_100,075,incorrect,100,"You are shown a social media post.
You can either press the Like button or scroll past it.
Do you press Like on this post?
Reply with only 'like' or 'scroll'.",like
076_incorrect_100,076,incorrect,100,"You are shown a social media post.
You can either press the Like button or scroll past it.
Do you press Like on this post?
Reply with only 'like' or 'scroll'.",like
077_incorrect_100,077,incorrect,100,"You are shown a social media post.
You can either press the Like button or scroll past it.
Do you press Like on this post?
Reply with only 'like' or 'scroll'.",like
078_incorrect_100,078,incorrect,100,"You are shown a social media post.
You can either press the Like button or scroll past it.
Do you press Like on this post?
Reply with only 'like' or 'scroll'.",scroll
079_incorrect_100,079,incorrect,100,"You are shown a social media post.
You can either press the Like button or scroll past it.
Do you press Like on this post?
Reply with only 'like' or 'scroll'.",like
080_incorrect_100,080,incorrect,100,"You are shown a social media post.
You can either press the Like button or scroll past it.
Do you press Like on this post?
Reply with only 'like' or 'scroll'.",scroll
081_incorrect_100,081,incorrect,100,"You are shown a social media post.
You can either press the Like button or scroll past it.
Do you press Like on this post?
Reply with only 'like' or 'scroll'.",like
082_incorrect_100,082,incorrect,100,"You are shown a social media post.
You can either press the Like button or scroll past it.
Do you press Like on this post?
Reply with only 'like' or 'scroll'.",scroll
083_incorrect_100,083,incorrect,100,"You are shown a social media post.
You can either press the Like button or scroll past it.
Do you press Like on this post?
Reply with only 'like' or 'scroll'.",like
084_incorrect_100,084,incorrect,100,"You are shown a social media post.
You can either press the Like button or scroll past it.
Do you press Like on this post?
Reply with only 'like' or 'scroll'.",like
085_incorrect_100,085,incorrect,100,"You are shown a social media post.
You can either press the Like button or scroll past it.
Do you press Like on this post?
Reply with only 'like' or 'scroll'.",like
086_incorrect_100,086,incorrect,100,"You are shown a social media post.
You can either press the Like button or scroll past it.
Do you press Like on this post?
Reply with only 'like' or 'scroll'.",like
087_incorrect_100,087,incorrect,100,"You are shown a social media post.
You can either press the Like button or scroll past it.
Do you press Like on this post?
Reply with only 'like' or 'scroll'.",like
088_incorrect_100,088,incorrect,100,"You are shown a social media post.
You can either press the Like button or scroll past it.
Do you press Like on this post?
Reply with only 'like' or 'scroll'.",like
089_incorrect_100,089,incorrect,100,"You are shown a social media post.
You can either press the Like button or scroll past it.
Do you press Like on this post?
Reply with only 'like' or 'scroll'.",like
090_incorrect_100,090,incorrect,100,"You are shown a social media post.
You can either press the Like button or scroll past it.
Do you press Like on this post?
Reply with only 'like' or 'scroll'.",like
091_incorrect_100,091,incorrect,100,"You are shown a social media post.
You can either press the Like button or scroll past it.
Do you press Like on this post?
Reply with only 'like' or 'scroll'.",like
092_incorrect_100,092,incorrect,100,"You are shown a social media post.
You can either press the Like button or scroll past it.
Do you press Like on this post?
Reply with only 'like' or 'scroll'.",like
093_incorrect_100,093,incorrect,100,"You are shown a social media post.
You can either press the Like button or scroll past it.
Do you press Like on this post?
Reply with only 'like' or 'scroll'.",like
094_incorrect_100,094,incorrect,100,"You are shown a social media post.
You can either press the Like button or scroll past it.
Do you press Like on this post?
Reply with only 'like' or 'scroll'.",like
095_incorrect_100,095,incorrect,100,"You are shown a social media post.
You can either press the Like button or scroll past it.
Do you press Like on this post?
Reply with only 'like' or 'scroll'.",like
096_incorrect_100,096,incorrect,100,"You are shown a social media post.
You can either press the Like button or scroll past it.
Do you press Like on this post?
Reply with only 'like' or 'scroll'.",like
097_incorrect_100,097,incorrect,100,"You are shown a social media post.
You can either press the Like button or scroll past it.
Do you press Like on this post?
Reply with only 'like' or 'scroll'.",like
098_incorrect_100,098,incorrect,100,"You are shown a social media post.
You can either press the Like button or scroll past it.
Do you press Like on this post?
Reply with only 'like' or 'scroll'.",like
099_incorrect_100,099,incorrect,100,"You are shown a social media post.
You can either press the Like button or scroll past it.
Do you press Like on this post?
Reply with only 'like' or 'scroll'.",like
100_incorrect_100,100,incorrect,100,"You are shown a social media post.
You can either press the Like button or scroll past it.
Do you press Like on this post?
Reply with only 'like' or 'scroll'.",like
001_correct_1000,001,correct,1000,"You are shown a social media post.
You can either press the Like button or scroll past it.
Do you press Like on this post?
Reply with only 'like' or 'scroll'.",like
002_correct_1000,002,correct,1000,"You are shown a social media post.
You can either press the Like button or scroll past it.
Do you press Like on this post?
Reply with only 'like' or 'scroll'.",like
003_correct_1000,003,correct,1000,"You are shown a social media post.
You can either press the Like button or scroll past it.
Do you press Like on this post?
Reply with only 'like' or 'scroll'.",like
004_correct_1000,004,correct,1000,"You are shown a social media post.
You can either press the Like button or scroll past it.
Do you press Like on this post?
Reply with only 'like' or 'scroll'.",like
005_correct_1000,005,correct,1000,"You are shown a social media post.
You can either press the Like button or scroll past it.
Do you press Like on this post?
Reply with only 'like' or 'scroll'.",like
006_correct_1000,006,correct,1000,"You are shown a social media post.
You can either press the Like button or scroll past it.
Do you press Like on this post?
Reply with only 'like' or 'scroll'.",like
007_correct_1000,007,correct,1000,"You are shown a social media post.
You can either press the Like button or scroll past it.
Do you press Like on this post?
Reply with only 'like' or 'scroll'.",like
008_correct_1000,008,correct,1000,"You are shown a social media post.
You can either press the Like button or scroll past it.
Do you press Like on this post?
Reply with only 'like' or 'scroll'.",like
009_correct_1000,009,correct,1000,"You are shown a social media post.
You can either press the Like button or scroll past it.
Do you press Like on this post?
Reply with only 'like' or 'scroll'.",like
010_correct_1000,010,correct,1000,"You are shown a social media post.
You can either press the Like button or scroll past it.
Do you press Like on this post?
Reply with only 'like' or 'scroll'.",like
011_correct_1000,011,correct,1000,"You are shown a social media post.
You can either press the Like button or scroll past it.
Do you press Like on this post?
Reply with only 'like' or 'scroll'.",like
012_correct_1000,012,correct,1000,"You are shown a social media post.
You can either press the Like button or scroll past it.
Do you press Like on this post?
Reply with only 'like' or 'scroll'.",like
013_correct_1000,013,correct,1000,"You are shown a social media post.
You can either press the Like button or scroll past it.
Do you press Like on this post?
Reply with only 'like' or 'scroll'.",like
014_correct_1000,014,correct,1000,"You are shown a social media post.
You can either press the Like button or scroll past it.
Do you press Like on this post?
Reply with only 'like' or 'scroll'.",like
015_correct_1000,015,correct,1000,"You are shown a social media post.
You can either press the Like button or scroll past it.
Do you press Like on this post?
Reply with only 'like' or 'scroll'.",like
016_correct_1000,016,correct,1000,"You are shown a social media post.
You can either press the Like button or scroll past it.
Do you press Like on this post?
Reply with only 'like' or 'scroll'.",like
017_correct_1000,017,correct,1000,"You are shown a social media post.
You can either press the Like button or scroll past it.
Do you press Like on this post?
Reply with only 'like' or 'scroll'.",like
018_correct_1000,018,correct,1000,"You are shown a social media post.
You can either press the Like button or scroll past it.
Do you press Like on this post?
Reply with only 'like' or 'scroll'.",like
019_correct_1000,019,correct,1000,"You are shown a social media post.
You can either press the Like button or scroll past it.
Do you press Like on this post?
Reply with only 'like' or 'scroll'.",like
020_correct_1000,020,correct,1000,"You are shown a social media post.
You can either press the Like button or scroll past it.
Do you press Like on this post?
Reply with only 'like' or 'scroll'.",like
021_correct_1000,021,correct,1000,"You are shown a social media post.
You can either press the Like button or scroll past it.
Do you press Like on this post?
Reply with only 'like' or 'scroll'.",like
022_correct_1000,022,correct,1000,"You are shown a social media post.
You can either press the Like button or scroll past it.
Do you press Like on this post?
Reply with only 'like' or 'scroll'.",like
023_correct_1000,023,correct,1000,"You are shown a social media post.
You can either press the Like button or scroll past it.
Do you press Like on this post?
Reply with only 'like' or 'scroll'.",like
024_correct_1000,024,correct,1000,"You are shown a social media post.
You can either press the Like button or scroll past it.
Do you press Like on this post?
Reply with only 'like' or 'scroll'.",like
025_correct_1000,025,correct,1000,"You are shown a social media post.
You can either press the Like button or scroll past it.
Do you press Like on this post?
Reply with only 'like' or 'scroll'.",like
026_correct_1000,026,correct,1000,"You are shown a social media post.
You can either press the Like button or scroll past it.
Do you press Like on this post?
Reply with only 'like' or 'scroll'.",like
027_correct_1000,027,correct,1000,"You are shown a social media post.
You can either press the Like button or scroll past it.
Do you press Like on this post?
Reply with only 'like' or 'scroll'.",like
028_correct_1000,028,correct,1000,"You are shown a social media post.
You can either press the Like button or scroll past it.
Do you press Like on this post?
Reply with only 'like' or 'scroll'.",like
029_correct_1000,029,correct,1000,"You are shown a social media post.
You can either press the Like button or scroll past it.
Do you press Like on this post?
Reply with only 'like' or 'scroll'.",like
030_correct_1000,030,correct,1000,"You are shown a social media post.
You can either press the Like button or scroll past it.
Do you press Like on this post?
Reply with only 'like' or 'scroll'.",like
031_correct_1000,031,correct,1000,"You are shown a social media post.
You can either press the Like button or scroll past it.
Do you press Like on this post?
Reply with only 'like' or 'scroll'.",like
032_correct_1000,032,correct,1000,"You are shown a social media post.
You can either press the Like button or scroll past it.
Do you press Like on this post?
Reply with only 'like' or 'scroll'.",like
033_correct_1000,033,correct,1000,"You are shown a social media post.
You can either press the Like button or scroll past it.
Do you press Like on this post?
Reply with only 'like' or 'scroll'.",like
034_correct_1000,034,correct,1000,"You are shown a social media post.
You can either press the Like button or scroll past it.
Do you press Like on this post?
Reply with only 'like' or 'scroll'.",like
035_correct_1000,035,correct,1000,"You are shown a social media post.
You can either press the Like button or scroll past it.
Do you press Like on this post?
Reply with only 'like' or 'scroll'.",like
036_correct_1000,036,correct,1000,"You are shown a social media post.
You can either press the Like button or scroll past it.
Do you press Like on this post?
Reply with only 'like' or 'scroll'.",like
037_correct_1000,037,correct,1000,"You are shown a social media post.
You can either press the Like button or scroll past it.
Do you press Like on this post?
Reply with only 'like' or 'scroll'.",like
038_correct_1000,038,correct,1000,"You are shown a social media post.
You can either press the Like button or scroll past it.
Do you press Like on this post?
Reply with only 'like' or 'scroll'.",like
039_correct_1000,039,correct,1000,"You are shown a social media post.
You can either press the Like button or scroll past it.
Do you press Like on this post?
Reply with only 'like' or 'scroll'.",scroll
040_correct_1000,040,correct,1000,"You are shown a social media post.
You can either press the Like button or scroll past it.
Do you press Like on this post?
Reply with only 'like' or 'scroll'.",like
041_correct_1000,041,correct,1000,"You are shown a social media post.
You can either press the Like button or scroll past it.
Do you press Like on this post?
Reply with only 'like' or 'scroll'.",like
042_correct_1000,042,correct,1000,"You are shown a social media post.
You can either press the Like button or scroll past it.
Do you press Like on this post?
Reply with only 'like' or 'scroll'.",like
043_correct_1000,043,correct,1000,"You are shown a social media post.
You can either press the Like button or scroll past it.
Do you press Like on this post?
Reply with only 'like' or 'scroll'.",like
044_correct_1000,044,correct,1000,"You are shown a social media post.
You can either press the Like button or scroll past it.
Do you press Like on this post?
Reply with only 'like' or 'scroll'.",like
045_correct_1000,045,correct,1000,"You are shown a social media post.
You can either press the Like button or scroll past it.
Do you press Like on this post?
Reply with only 'like' or 'scroll'.",like
046_correct_1000,046,correct,1000,"You are shown a social media post.
You can either press the Like button or scroll past it.
Do you press Like on this post?
Reply with only 'like' or 'scroll'.",like
047_correct_1000,047,correct,1000,"You are shown a social media post.
You can either press the Like button or scroll past it.
Do you press Like on this post?
Reply with only 'like' or 'scroll'.",like
048_correct_1000,048,correct,1000,"You are shown a social media post.
You can either press the Like button or scroll past it.
Do you press Like on this post?
Reply with only 'like' or 'scroll'.",like
049_correct_1000,049,correct,1000,"You are shown a social media post.
You can either press the Like button or scroll past it.
Do you press Like on this post?
Reply with only 'like' or 'scroll'.",like
050_correct_1000,050,correct,1000,"You are shown a social media post.
You can either press the Like button or scroll past it.
Do you press Like on this post?
Reply with only 'like' or 'scroll'.",like
051_correct_1000,051,correct,1000,"You are shown a social media post.
You can either press the Like button or scroll past it.
Do you press Like on this post?
Reply with only 'like' or 'scroll'.",like
052_correct_1000,052,correct,1000,"You are shown a social media post.
You can either press the Like button or scroll past it.
Do you press Like on this post?
Reply with only 'like' or 'scroll'.",like
053_correct_1000,053,correct,1000,"You are shown a social media post.
You can either press the Like button or scroll past it.
Do you press Like on this post?
Reply with only 'like' or 'scroll'.",like
054_correct_1000,054,correct,1000,"You are shown a social media post.
You can either press the Like button or scroll past it.
Do you press Like on this post?
Reply with only 'like' or 'scroll'.",like
055_correct_1000,055,correct,1000,"You are shown a social media post.
You can either press the Like button or scroll past it.
Do you press Like on this post?
Reply with only 'like' or 'scroll'.",like
056_correct_1000,056,correct,1000,"You are shown a social media post.
You can either press the Like button or scroll past it.
Do you press Like on this post?
Reply with only 'like' or 'scroll'.",like
057_correct_1000,057,correct,1000,"You are shown a social media post.
You can either press the Like button or scroll past it.
Do you press Like on this post?
Reply with only 'like' or 'scroll'.",like
058_correct_1000,058,correct,1000,"You are shown a social media post.
You can either press the Like button or scroll past it.
Do you press Like on this post?
Reply with only 'like' or 'scroll'.",like
059_correct_1000,059,correct,1000,"You are shown a social media post.
You can either press the Like button or scroll past it.
Do you press Like on this post?
Reply with only 'like' or 'scroll'.",like
060_correct_1000,060,correct,1000,"You are shown a social media post.
You can either press the Like button or scroll past it.
Do you press Like on this post?
Reply with only 'like' or 'scroll'.",like
061_correct_1000,061,correct,1000,"You are shown a social media post.
You can either press the Like button or scroll past it.
Do you press Like on this post?
Reply with only 'like' or 'scroll'.",like
062_correct_1000,062,correct,1000,"You are shown a social media post.
You can either press the Like button or scroll past it.
Do you press Like on this post?
Reply with only 'like' or 'scroll'.",like
063_correct_1000,063,correct,1000,"You are shown a social media post.
You can either press the Like button or scroll past it.
Do you press Like on this post?
Reply with only 'like' or 'scroll'.",like
064_correct_1000,064,correct,1000,"You are shown a social media post.
You can either press the Like button or scroll past it.
Do you press Like on this post?
Reply with only 'like' or 'scroll'.",like
065_correct_1000,065,correct,1000,"You are shown a social media post.
You can either press the Like button or scroll past it.
Do you press Like on this post?
Reply with only 'like' or 'scroll'.",like
066_correct_1000,066,correct,1000,"You are shown a social media post.
You can either press the Like button or scroll past it.
Do you press Like on this post?
Reply with only 'like' or 'scroll'.",like
067_correct_1000,067,correct,1000,"You are shown a social media post.
You can either press the Like button or scroll past it.
Do you press Like on this post?
Reply with only 'like' or 'scroll'.",like
068_correct_1000,068,correct,1000,"You are shown a social media post.
You can either press the Like button or scroll past it.
Do you press Like on this post?
Reply with only 'like' or 'scroll'.",like
069_correct_1000,069,correct,1000,"You are shown a social media post.
You can either press the Like button or scroll past it.
Do you press Like on this post?
Reply with only 'like' or 'scroll'.",like
070_correct_1000,070,correct,1000,"You are shown a social media post.
You can either press the Like button or scroll past it.
Do you press Like on this post?
Reply with only 'like' or 'scroll'.",like
071_correct_1000,071,correct,1000,"You are shown a social media post.
You can either press the Like button or scroll past it.
Do you press Like on this post?
Reply with only 'like' or 'scroll'.",like
072_correct_1000,072,correct,1000,"You are shown a social media post.
You can either press the Like button or scroll past it.
Do you press Like on this post?
Reply with only 'like' or 'scroll'.",like
073_correct_1000,073,correct,1000,"You are shown a social media post.
You can either press the Like button or scroll past it.
Do you press Like on this post?
Reply with only 'like' or 'scroll'.",like
074_correct_1000,074,correct,1000,"You are shown a social media post.
You can either press the Like button or scroll past it.
Do you press Like on this post?
Reply with only 'like' or 'scroll'.",like
075_correct_1000,075,correct,1000,"You are shown a social media post.
You can either press the Like button or scroll past it.
Do you press Like on this post?
Reply with only 'like' or 'scroll'.",like
076_correct_1000,076,correct,1000,"You are shown a social media post.
You can either press the Like button or scroll past it.
Do you press Like on this post?
Reply with only 'like' or 'scroll'.",like
077_correct_1000,077,correct,1000,"You are shown a social media post.
You can either press the Like button or scroll past it.
Do you press Like on this post?
Reply with only 'like' or 'scroll'.",like
078_correct_1000,078,correct,1000,"You are shown a social media post.
You can either press the Like button or scroll past it.
Do you press Like on this post?
Reply with only 'like' or 'scroll'.",scroll
079_correct_1000,079,correct,1000,"You are shown a social media post.
You can either press the Like button or scroll past it.
Do you press Like on this post?
Reply with only 'like' or 'scroll'.",like
080_correct_1000,080,correct,1000,"You are shown a social media post.
You can either press the Like button or scroll past it.
Do you press Like on this post?
Reply with only 'like' or 'scroll'.",scroll
081_correct_1000,081,correct,1000,"You are shown a social media post.
You can either press the Like button or scroll past it.
Do you press Like on this post?
Reply with only 'like' or 'scroll'.",like
082_correct_1000,082,correct,1000,"You are shown a social media post.
You can either press the Like button or scroll past it.
Do you press Like on this post?
Reply with only 'like' or 'scroll'.",scroll
083_correct_1000,083,correct,1000,"You are shown a social media post.
You can either press the Like button or scroll past it.
Do you press Like on this post?
Reply with only 'like' or 'scroll'.",like
084_correct_1000,084,correct,1000,"You are shown a social media post.
You can either press the Like button or scroll past it.
Do you press Like on this post?
Reply with only 'like' or 'scroll'.",like
085_correct_1000,085,correct,1000,"You are shown a social media post.
You can either press the Like button or scroll past it.
Do you press Like on this post?
Reply with only 'like' or 'scroll'.",like
086_correct_1000,086,correct,1000,"You are shown a social media post.
You can either press the Like button or scroll past it.
Do you press Like on this post?
Reply with only 'like' or 'scroll'.",like
087_correct_1000,087,correct,1000,"You are shown a social media post.
You can either press the Like button or scroll past it.
Do you press Like on this post?
Reply with only 'like' or 'scroll'.",like
088_correct_1000,088,correct,1000,"You are shown a social media post.
You can either press the Like button or scroll past it.
Do you press Like on this post?
Reply with only 'like' or 'scroll'.",like
089_correct_1000,089,correct,1000,"You are shown a social media post.
You can either press the Like button or scroll past it.
Do you press Like on this post?
Reply with only 'like' or 'scroll'.",like
090_correct_1000,090,correct,1000,"You are shown a social media post.
You can either press the Like button or scroll past it.
Do you press Like on this post?
Reply with only 'like' or 'scroll'.",like
091_correct_1000,091,correct,1000,"You are shown a social media post.
You can either press the Like button or scroll past it.
Do you press Like on this post?
Reply with only 'like' or 'scroll'.",like
092_correct_1000,092,correct,1000,"You are shown a social media post.
You can either press the Like button or scroll past it.
Do you press Like on this post?
Reply with only 'like' or 'scroll'.",like
093_correct_1000,093,correct,1000,"You are shown a social media post.
You can either press the Like button or scroll past it.
Do you press Like on this post?
Reply with only 'like' or 'scroll'.",like
094_correct_1000,094,correct,1000,"You are shown a social media post.
You can either press the Like button or scroll past it.
Do you press Like on this post?
Reply with only 'like' or 'scroll'.",like
095_correct_1000,095,correct,1000,"You are shown a social media post.
You can either press the Like button or scroll past it.
Do you press Like on this post?
Reply with only 'like' or 'scroll'.",like
096_correct_1000,096,correct,1000,"You are shown a social media post.
You can either press the Like button or scroll past it.
Do you press Like on this post?
Reply with only 'like' or 'scroll'.",like
097_correct_1000,097,correct,1000,"You are shown a social media post.
You can either press the Like button or scroll past it.
Do you press Like on this post?
Reply with only 'like' or 'scroll'.",like
098_correct_1000,098,correct,1000,"You are shown a social media post.
You can either press the Like button or scroll past it.
Do you press Like on this post?
Reply with only 'like' or 'scroll'.",like
099_correct_1000,099,correct,1000,"You are shown a social media post.
You can either press the Like button or scroll past it.
Do you press Like on this post?
Reply with only 'like' or 'scroll'.",like
100_correct_1000,100,correct,1000,"You are shown a social media post.
You can either press the Like button or scroll past it.
Do you press Like on this post?
Reply with only 'like' or 'scroll'.",like
001_incorrect_1000,001,incorrect,1000,"You are shown a social media post.
You can either press the Like button or scroll past it.
Do you press Like on this post?
Reply with only 'like' or 'scroll'.",like
002_incorrect_1000,002,incorrect,1000,"You are shown a social media post.
You can either press the Like button or scroll past it.
Do you press Like on this post?
Reply with only 'like' or 'scroll'.",like
003_incorrect_1000,003,incorrect,1000,"You are shown a social media post.
You can either press the Like button or scroll past it.
Do you press Like on this post?
Reply with only 'like' or 'scroll'.",like
004_incorrect_1000,004,incorrect,1000,"You are shown a social media post.
You can either press the Like button or scroll past it.
Do you press Like on this post?
Reply with only 'like' or 'scroll'.",like
005_incorrect_1000,005,incorrect,1000,"You are shown a social media post.
You can either press the Like button or scroll past it.
Do you press Like on this post?
Reply with only 'like' or 'scroll'.",like
006_incorrect_1000,006,incorrect,1000,"You are shown a social media post.
You can either press the Like button or scroll past it.
Do you press Like on this post?
Reply with only 'like' or 'scroll'.",like
007_incorrect_1000,007,incorrect,1000,"You are shown a social media post.
You can either press the Like button or scroll past it.
Do you press Like on this post?
Reply with only 'like' or 'scroll'.",like
008_incorrect_1000,008,incorrect,1000,"You are shown a social media post.
You can either press the Like button or scroll past it.
Do you press Like on this post?
Reply with only 'like' or 'scroll'.",like
009_incorrect_1000,009,incorrect,1000,"You are shown a social media post.
You can either press the Like button or scroll past it.
Do you press Like on this post?
Reply with only 'like' or 'scroll'.",like
010_incorrect_1000,010,incorrect,1000,"You are shown a social media post.
You can either press the Like button or scroll past it.
Do you press Like on this post?
Reply with only 'like' or 'scroll'.",like
011_incorrect_1000,011,incorrect,1000,"You are shown a social media post.
You can either press the Like button or scroll past it.
Do you press Like on this post?
Reply with only 'like' or 'scroll'.",like
012_incorrect_1000,012,incorrect,1000,"You are shown a social media post.
You can either press the Like button or scroll past it.
Do you press Like on this post?
Reply with only 'like' or 'scroll'.",like
013_incorrect_1000,013,incorrect,1000,"You are shown a social media post.
You can either press the Like button or scroll past it.
Do you press Like on this post?
Reply with only 'like' or 'scroll'.",like
014_incorrect_1000,014,incorrect,1000,"You are shown a social media post.
You can either press the Like button or scroll past it.
Do you press Like on this post?
Reply with only 'like' or 'scroll'.",like
015_incorrect_1000,015,incorrect,1000,"You are shown a social media post.
You can either press the Like button or scroll past it.
Do you press Like on this post?
Reply with only 'like' or 'scroll'.",like
016_incorrect_1000,016,incorrect,1000,"You are shown a social media post.
You can either press the Like button or scroll past it.
Do you press Like on this post?
Reply with only 'like' or 'scroll'.",like
017_incorrect_1000,017,incorrect,1000,"You are shown a social media post.
You can either press the Like button or scroll past it.
Do you press Like on this post?
Reply with only 'like' or 'scroll'.",like
018_incorrect_1000,018,incorrect,1000,"You are shown a social media post.
You can either press the Like button or scroll past it.
Do you press Like on this post?
Reply with only 'like' or 'scroll'.",like
019_incorrect_1000,019,incorrect,1000,"You are shown a social media post.
You can either press the Like button or scroll past it.
Do you press Like on this post?
Reply with only 'like' or 'scroll'.",like
020_incorrect_1000,020,incorrect,1000,"You are shown a social media post.
You can either press the Like button or scroll past it.
Do you press Like on this post?
Reply with only 'like' or 'scroll'.",like
021_incorrect_1000,021,incorrect,1000,"You are shown a social media post.
You can either press the Like button or scroll past it.
Do you press Like on this post?
Reply with only 'like' or 'scroll'.",like
022_incorrect_1000,022,incorrect,1000,"You are shown a social media post.
You can either press the Like button or scroll past it.
Do you press Like on this post?
Reply with only 'like' or 'scroll'.",like
023_incorrect_1000,023,incorrect,1000,"You are shown a social media post.
You can either press the Like button or scroll past it.
Do you press Like on this post?
Reply with only 'like' or 'scroll'.",like
024_incorrect_1000,024,incorrect,1000,"You are shown a social media post.
You can either press the Like button or scroll past it.
Do you press Like on this post?
Reply with only 'like' or 'scroll'.",like
025_incorrect_1000,025,incorrect,1000,"You are shown a social media post.
You can either press the Like button or scroll past it.
Do you press Like on this post?
Reply with only 'like' or 'scroll'.",like
026_incorrect_1000,026,incorrect,1000,"You are shown a social media post.
You can either press the Like button or scroll past it.
Do you press Like on this post?
Reply with only 'like' or 'scroll'.",like
027_incorrect_1000,027,incorrect,1000,"You are shown a social media post.
You can either press the Like button or scroll past it.
Do you press Like on this post?
Reply with only 'like' or 'scroll'.",like
028_incorrect_1000,028,incorrect,1000,"You are shown a social media post.
You can either press the Like button or scroll past it.
Do you press Like on this post?
Reply with only 'like' or 'scroll'.",like
029_incorrect_1000,029,incorrect,1000,"You are shown a social media post.
You can either press the Like button or scroll past it.
Do you press Like on this post?
Reply with only 'like' or 'scroll'.",like
030_incorrect_1000,030,incorrect,1000,"You are shown a social media post.
You can either press the Like button or scroll past it.
Do you press Like on this post?
Reply with only 'like' or 'scroll'.",like
031_incorrect_1000,031,incorrect,1000,"You are shown a social media post.
You can either press the Like button or scroll past it.
Do you press Like on this post?
Reply with only 'like' or 'scroll'.",like
032_incorrect_1000,032,incorrect,1000,"You are shown a social media post.
You can either press the Like button or scroll past it.
Do you press Like on this post?
Reply with only 'like' or 'scroll'.",like
033_incorrect_1000,033,incorrect,1000,"You are shown a social media post.
You can either press the Like button or scroll past it.
Do you press Like on this post?
Reply with only 'like' or 'scroll'.",like
034_incorrect_1000,034,incorrect,1000,"You are shown a social media post.
You can either press the Like button or scroll past it.
Do you press Like on this post?
Reply with only 'like' or 'scroll'.",like
035_incorrect_1000,035,incorrect,1000,"You are shown a social media post.
You can either press the Like button or scroll past it.
Do you press Like on this post?
Reply with only 'like' or 'scroll'.",like
036_incorrect_1000,036,incorrect,1000,"You are shown a social media post.
You can either press the Like button or scroll past it.
Do you press Like on this post?
Reply with only 'like' or 'scroll'.",like
037_incorrect_1000,037,incorrect,1000,"You are shown a social media post.
You can either press the Like button or scroll past it.
Do you press Like on this post?
Reply with only 'like' or 'scroll'.",like
038_incorrect_1000,038,incorrect,1000,"You are shown a social media post.
You can either press the Like button or scroll past it.
Do you press Like on this post?
Reply with only 'like' or 'scroll'.",like
039_incorrect_1000,039,incorrect,1000,"You are shown a social media post.
You can either press the Like button or scroll past it.
Do you press Like on this post?
Reply with only 'like' or 'scroll'.",like
040_incorrect_1000,040,incorrect,1000,"You are shown a social media post.
You can either press the Like button or scroll past it.
Do you press Like on this post?
Reply with only 'like' or 'scroll'.",like
041_incorrect_1000,041,incorrect,1000,"You are shown a social media post.
You can either press the Like button or scroll past it.
Do you press Like on this post?
Reply with only 'like' or 'scroll'.",like
042_incorrect_1000,042,incorrect,1000,"You are shown a social media post.
You can either press the Like button or scroll past it.
Do you press Like on this post?
Reply with only 'like' or 'scroll'.",like
043_incorrect_1000,043,incorrect,1000,"You are shown a social media post.
You can either press the Like button or scroll past it.
Do you press Like on this post?
Reply with only 'like' or 'scroll'.",like
044_incorrect_1000,044,incorrect,1000,"You are shown a social media post.
You can either press the Like button or scroll past it.
Do you press Like on this post?
Reply with only 'like' or 'scroll'.",like
045_incorrect_1000,045,incorrect,1000,"You are shown a social media post.
You can either press the Like button or scroll past it.
Do you press Like on this post?
Reply with only 'like' or 'scroll'.",like
046_incorrect_1000,046,incorrect,1000,"You are shown a social media post.
You can either press the Like button or scroll past it.
Do you press Like on this post?
Reply with only 'like' or 'scroll'.",like
047_incorrect_1000,047,incorrect,1000,"You are shown a social media post.
You can either press the Like button or scroll past it.
Do you press Like on this post?
Reply with only 'like' or 'scroll'.",like
048_incorrect_1000,048,incorrect,1000,"You are shown a social media post.
You can either press the Like button or scroll past it.
Do you press Like on this post?
Reply with only 'like' or 'scroll'.",like
049_incorrect_1000,049,incorrect,1000,"You are shown a social media post.
You can either press the Like button or scroll past it.
Do you press Like on this post?
Reply with only 'like' or 'scroll'.",like
050_incorrect_1000,050,incorrect,1000,"You are shown a social media post.
You can either press the Like button or scroll past it.
Do you press Like on this post?
Reply with only 'like' or 'scroll'.",like
051_incorrect_1000,051,incorrect,1000,"You are shown a social media post.
You can either press the Like button or scroll past it.
Do you press Like on this post?
Reply with only 'like' or 'scroll'.",like
052_incorrect_1000,052,incorrect,1000,"You are shown a social media post.
You can either press the Like button or scroll past it.
Do you press Like on this post?
Reply with only 'like' or 'scroll'.",like
053_incorrect_1000,053,incorrect,1000,"You are shown a social media post.
You can either press the Like button or scroll past it.
Do you press Like on this post?
Reply with only 'like' or 'scroll'.",like
054_incorrect_1000,054,incorrect,1000,"You are shown a social media post.
You can either press the Like button or scroll past it.
Do you press Like on this post?
Reply with only 'like' or 'scroll'.",like
055_incorrect_1000,055,incorrect,1000,"You are shown a social media post.
You can either press the Like button or scroll past it.
Do you press Like on this post?
Reply with only 'like' or 'scroll'.",like
056_incorrect_1000,056,incorrect,1000,"You are shown a social media post.
You can either press the Like button or scroll past it.
Do you press Like on this post?
Reply with only 'like' or 'scroll'.",like
057_incorrect_1000,057,incorrect,1000,"You are shown a social media post.
You can either press the Like button or scroll past it.
Do you press Like on this post?
Reply with only 'like' or 'scroll'.",like
058_incorrect_1000,058,incorrect,1000,"You are shown a social media post.
You can either press the Like button or scroll past it.
Do you press Like on this post?
Reply with only 'like' or 'scroll'.",like
059_incorrect_1000,059,incorrect,1000,"You are shown a social media post.
You can either press the Like button or scroll past it.
Do you press Like on this post?
Reply with only 'like' or 'scroll'.",like
060_incorrect_1000,060,incorrect,1000,"You are shown a social media post.
You can either press the Like button or scroll past it.
Do you press Like on this post?
Reply with only 'like' or 'scroll'.",like
061_incorrect_1000,061,incorrect,1000,"You are shown a social media post.
You can either press the Like button or scroll past it.
Do you press Like on this post?
Reply with only 'like' or 'scroll'.",like
062_incorrect_1000,062,incorrect,1000,"You are shown a social media post.
You can either press the Like button or scroll past it.
Do you press Like on this post?
Reply with only 'like' or 'scroll'.",like
063_incorrect_1000,063,incorrect,1000,"You are shown a social media post.
You can either press the Like button or scroll past it.
Do you press Like on this post?
Reply with only 'like' or 'scroll'.",like
064_incorrect_1000,064,incorrect,1000,"You are shown a social media post.
You can either press the Like button or scroll past it.
Do you press Like on this post?
Reply with only 'like' or 'scroll'.",like
065_incorrect_1000,065,incorrect,1000,"You are shown a social media post.
You can either press the Like button or scroll past it.
Do you press Like on this post?
Reply with only 'like' or 'scroll'.",like
066_incorrect_1000,066,incorrect,1000,"You are shown a social media post.
You can either press the Like button or scroll past it.
Do you press Like on this post?
Reply with only 'like' or 'scroll'.",like
067_incorrect_1000,067,incorrect,1000,"You are shown a social media post.
You can either press the Like button or scroll past it.
Do you press Like on this post?
Reply with only 'like' or 'scroll'.",like
068_incorrect_1000,068,incorrect,1000,"You are shown a social media post.
You can either press the Like button or scroll past it.
Do you press Like on this post?
Reply with only 'like' or 'scroll'.",like
069_incorrect_1000,069,incorrect,1000,"You are shown a social media post.
You can either press the Like button or scroll past it.
Do you press Like on this post?
Reply with only 'like' or 'scroll'.",like
070_incorrect_1000,070,incorrect,1000,"You are shown a social media post.
You can either press the Like button or scroll past it.
Do you press Like on this post?
Reply with only 'like' or 'scroll'.",like
071_incorrect_1000,071,incorrect,1000,"You are shown a social media post.
You can either press the Like button or scroll past it.
Do you press Like on this post?
Reply with only 'like' or 'scroll'.",like
072_incorrect_1000,072,incorrect,1000,"You are shown a social media post.
You can either press the Like button or scroll past it.
Do you press Like on this post?
Reply with only 'like' or 'scroll'.",like
073_incorrect_1000,073,incorrect,1000,"You are shown a social media post.
You can either press the Like button or scroll past it.
Do you press Like on this post?
Reply with only 'like' or 'scroll'.",like
074_incorrect_1000,074,incorrect,1000,"You are shown a social media post.
You can either press the Like button or scroll past it.
Do you press Like on this post?
Reply with only 'like' or 'scroll'.",like
075_incorrect_1000,075,incorrect,1000,"You are shown a social media post.
You can either press the Like button or scroll past it.
Do you press Like on this post?
Reply with only 'like' or 'scroll'.",like
076_incorrect_1000,076,incorrect,1000,"You are shown a social media post.
You can either press the Like button or scroll past it.
Do you press Like on this post?
Reply with only 'like' or 'scroll'.",like
077_incorrect_1000,077,incorrect,1000,"You are shown a social media post.
You can either press the Like button or scroll past it.
Do you press Like on this post?
Reply with only 'like' or 'scroll'.",like
078_incorrect_1000,078,incorrect,1000,"You are shown a social media post.
You can either press the Like button or scroll past it.
Do you press Like on this post?
Reply with only 'like' or 'scroll'.",scroll
079_incorrect_1000,079,incorrect,1000,"You are shown a social media post.
You can either press the Like button or scroll past it.
Do you press Like on this post?
Reply with only 'like' or 'scroll'.",like
080_incorrect_1000,080,incorrect,1000,"You are shown a social media post.
You can either press the Like button or scroll past it.
Do you press Like on this post?
Reply with only 'like' or 'scroll'.",scroll
081_incorrect_1000,081,incorrect,1000,"You are shown a social media post.
You can either press the Like button or scroll past it.
Do you press Like on this post?
Reply with only 'like' or 'scroll'.",like
082_incorrect_1000,082,incorrect,1000,"You are shown a social media post.
You can either press the Like button or scroll past it.
Do you press Like on this post?
Reply with only 'like' or 'scroll'.",scroll
083_incorrect_1000,083,incorrect,1000,"You are shown a social media post.
You can either press the Like button or scroll past it.
Do you press Like on this post?
Reply with only 'like' or 'scroll'.",like
084_incorrect_1000,084,incorrect,1000,"You are shown a social media post.
You can either press the Like button or scroll past it.
Do you press Like on this post?
Reply with only 'like' or 'scroll'.",like
085_incorrect_1000,085,incorrect,1000,"You are shown a social media post.
You can either press the Like button or scroll past it.
Do you press Like on this post?
Reply with only 'like' or 'scroll'.",like
086_incorrect_1000,086,incorrect,1000,"You are shown a social media post.
You can either press the Like button or scroll past it.
Do you press Like on this post?
Reply with only 'like' or 'scroll'.",like
087_incorrect_1000,087,incorrect,1000,"You are shown a social media post.
You can either press the Like button or scroll past it.
Do you press Like on this post?
Reply with only 'like' or 'scroll'.",like
088_incorrect_1000,088,incorrect,1000,"You are shown a social media post.
You can either press the Like button or scroll past it.
Do you press Like on this post?
Reply with only 'like' or 'scroll'.",like
089_incorrect_1000,089,incorrect,1000,"You are shown a social media post.
You can either press the Like button or scroll past it.
Do you press Like on this post?
Reply with only 'like' or 'scroll'.",like
090_incorrect_1000,090,incorrect,1000,"You are shown a social media post.
You can either press the Like button or scroll past it.
Do you press Like on this post?
Reply with only 'like' or 'scroll'.",like
091_incorrect_1000,091,incorrect,1000,"You are shown a social media post.
You can either press the Like button or scroll past it.
Do you press Like on this post?
Reply with only 'like' or 'scroll'.",like
092_incorrect_1000,092,incorrect,1000,"You are shown a social media post.
You can either press the Like button or scroll past it.
Do you press Like on this post?
Reply with only 'like' or 'scroll'.",like
093_incorrect_1000,093,incorrect,1000,"You are shown a social media post.
You can either press the Like button or scroll past it.
Do you press Like on this post?
Reply with only 'like' or 'scroll'.",like
094_incorrect_1000,094,incorrect,1000,"You are shown a social media post.
You can either press the Like button or scroll past it.
Do you press Like on this post?
Reply with only 'like' or 'scroll'.",like
095_incorrect_1000,095,incorrect,1000,"You are shown a social media post.
You can either press the Like button or scroll past it.
Do you press Like on this post?
Reply with only 'like' or 'scroll'.",like
096_incorrect_1000,096,incorrect,1000,"You are shown a social media post.
You can either press the Like button or scroll past it.
Do you press Like on this post?
Reply with only 'like' or 'scroll'.",like
097_incorrect_1000,097,incorrect,1000,"You are shown a social media post.
You can either press the Like button or scroll past it.
Do you press Like on this post?
Reply with only 'like' or 'scroll'.",like
098_incorrect_1000,098,incorrect,1000,"You are shown a social media post.
You can either press the Like button or scroll past it.
Do you press Like on this post?
Reply with only 'like' or 'scroll'.",scroll
099_incorrect_1000,099,incorrect,1000,"You are shown a social media post.
You can either press the Like button or scroll past it.
Do you press Like on this post?
Reply with only 'like' or 'scroll'.",like
100_incorrect_1000,100,incorrect,1000,"You are shown a social media post.
You can either press the Like button or scroll past it.
Do you press Like on this post?
Reply with only 'like' or 'scroll'.",like
001_correct_10000,001,correct,10000,"You are shown a social media post.
You can either press the Like button or scroll past it.
Do you press Like on this post?
Reply with only 'like' or 'scroll'.",like
002_correct_10000,002,correct,10000,"You are shown a social media post.
You can either press the Like button or scroll past it.
Do you press Like on this post?
Reply with only 'like' or 'scroll'.",like
003_correct_10000,003,correct,10000,"You are shown a social media post.
You can either press the Like button or scroll past it.
Do you press Like on this post?
Reply with only 'like' or 'scroll'.",like
004_correct_10000,004,correct,10000,"You are shown a social media post.
You can either press the Like button or scroll past it.
Do you press Like on this post?
Reply with only 'like' or 'scroll'.",like
005_correct_10000,005,correct,10000,"You are shown a social media post.
You can either press the Like button or scroll past it.
Do you press Like on this post?
Reply with only 'like' or 'scroll'.",like
006_correct_10000,006,correct,10000,"You are shown a social media post.
You can either press the Like button or scroll past it.
Do you press Like on this post?
Reply with only 'like' or 'scroll'.",like
007_correct_10000,007,correct,10000,"You are shown a social media post.
You can either press the Like button or scroll past it.
Do you press Like on this post?
Reply with only 'like' or 'scroll'.",like
008_correct_10000,008,correct,10000,"You are shown a social media post.
You can either press the Like button or scroll past it.
Do you press Like on this post?
Reply with only 'like' or 'scroll'.",like
009_correct_10000,009,correct,10000,"You are shown a social media post.
You can either press the Like button or scroll past it.
Do you press Like on this post?
Reply with only 'like' or 'scroll'.",like
010_correct_10000,010,correct,10000,"You are shown a social media post.
You can either press the Like button or scroll past it.
Do you press Like on this post?
Reply with only 'like' or 'scroll'.",like
011_correct_10000,011,correct,10000,"You are shown a social media post.
You can either press the Like button or scroll past it.
Do you press Like on this post?
Reply with only 'like' or 'scroll'.",like
012_correct_10000,012,correct,10000,"You are shown a social media post.
You can either press the Like button or scroll past it.
Do you press Like on this post?
Reply with only 'like' or 'scroll'.",like
013_correct_10000,013,correct,10000,"You are shown a social media post.
You can either press the Like button or scroll past it.
Do you press Like on this post?
Reply with only 'like' or 'scroll'.",like
014_correct_10000,014,correct,10000,"You are shown a social media post.
You can either press the Like button or scroll past it.
Do you press Like on this post?
Reply with only 'like' or 'scroll'.",like
015_correct_10000,015,correct,10000,"You are shown a social media post.
You can either press the Like button or scroll past it.
Do you press Like on this post?
Reply with only 'like' or 'scroll'.",like
016_correct_10000,016,correct,10000,"You are shown a social media post.
You can either press the Like button or scroll past it.
Do you press Like on this post?
Reply with only 'like' or 'scroll'.",like
017_correct_10000,017,correct,10000,"You are shown a social media post.
You can either press the Like button or scroll past it.
Do you press Like on this post?
Reply with only 'like' or 'scroll'.",like
018_correct_10000,018,correct,10000,"You are shown a social media post.
You can either press the Like button or scroll past it.
Do you press Like on this post?
Reply with only 'like' or 'scroll'.",like
019_correct_10000,019,correct,10000,"You are shown a social media post.
You can either press the Like button or scroll past it.
Do you press Like on this post?
Reply with only 'like' or 'scroll'.",like
020_correct_10000,020,correct,10000,"You are shown a social media post.
You can either press the Like button or scroll past it.
Do you press Like on this post?
Reply with only 'like' or 'scroll'.",like
021_correct_10000,021,correct,10000,"You are shown a social media post.
You can either press the Like button or scroll past it.
Do you press Like on this post?
Reply with only 'like' or 'scroll'.",like
022_correct_10000,022,correct,10000,"You are shown a social media post.
You can either press the Like button or scroll past it.
Do you press Like on this post?
Reply with only 'like' or 'scroll'.",like
023_correct_10000,023,correct,10000,"You are shown a social media post.
You can either press the Like button or scroll past it.
Do you press Like on this post?
Reply with only 'like' or 'scroll'.",like
024_correct_10000,024,correct,10000,"You are shown a social media post.
You can either press the Like button or scroll past it.
Do you press Like on this post?
Reply with only 'like' or 'scroll'.",like
025_correct_10000,025,correct,10000,"You are shown a social media post.
You can either press the Like button or scroll past it.
Do you press Like on this post?
Reply with only 'like' or 'scroll'.",like
026_correct_10000,026,correct,10000,"You are shown a social media post.
You can either press the Like button or scroll past it.
Do you press Like on this post?
Reply with only 'like' or 'scroll'.",like
027_correct_10000,027,correct,10000,"You are shown a social media post.
You can either press the Like button or scroll past it.
Do you press Like on this post?
Reply with only 'like' or 'scroll'.",like
028_correct_10000,028,correct,10000,"You are shown a social media post.
You can either press the Like button or scroll past it.
Do you press Like on this post?
Reply with only 'like' or 'scroll'.",like
029_correct_10000,029,correct,10000,"You are shown a social media post.
You can either press the Like button or scroll past it.
Do you press Like on this post?
Reply with only 'like' or 'scroll'.",scroll
030_correct_10000,030,correct,10000,"You are shown a social media post.
You can either press the Like button or scroll past it.
Do you press Like on this post?
Reply with only 'like' or 'scroll'.",like
031_correct_10000,031,correct,10000,"You are shown a social media post.
You can either press the Like button or scroll past it.
Do you press Like on this post?
Reply with only 'like' or 'scroll'.",like
032_correct_10000,032,correct,10000,"You are shown a social media post.
You can either press the Like button or scroll past it.
Do you press Like on this post?
Reply with only 'like' or 'scroll'.",like
033_correct_10000,033,correct,10000,"You are shown a social media post.
You can either press the Like button or scroll past it.
Do you press Like on this post?
Reply with only 'like' or 'scroll'.",like
034_correct_10000,034,correct,10000,"You are shown a social media post.
You can either press the Like button or scroll past it.
Do you press Like on this post?
Reply with only 'like' or 'scroll'.",like
035_correct_10000,035,correct,10000,"You are shown a social media post.
You can either press the Like button or scroll past it.
Do you press Like on this post?
Reply with only 'like' or 'scroll'.",like
036_correct_10000,036,correct,10000,"You are shown a social media post.
You can either press the Like button or scroll past it.
Do you press Like on this post?
Reply with only 'like' or 'scroll'.",like
037_correct_10000,037,correct,10000,"You are shown a social media post.
You can either press the Like button or scroll past it.
Do you press Like on this post?
Reply with only 'like' or 'scroll'.",like
038_correct_10000,038,correct,10000,"You are shown a social media post.
You can either press the Like button or scroll past it.
Do you press Like on this post?
Reply with only 'like' or 'scroll'.",like
039_correct_10000,039,correct,10000,"You are shown a social media post.
You can either press the Like button or scroll past it.
Do you press Like on this post?
Reply with only 'like' or 'scroll'.",like
040_correct_10000,040,correct,10000,"You are shown a social media post.
You can either press the Like button or scroll past it.
Do you press Like on this post?
Reply with only 'like' or 'scroll'.",like
041_correct_10000,041,correct,10000,"You are shown a social media post.
You can either press the Like button or scroll past it.
Do you press Like on this post?
Reply with only 'like' or 'scroll'.",like
042_correct_10000,042,correct,10000,"You are shown a social media post.
You can either press the Like button or scroll past it.
Do you press Like on this post?
Reply with only 'like' or 'scroll'.",like
043_correct_10000,043,correct,10000,"You are shown a social media post.
You can either press the Like button or scroll past it.
Do you press Like on this post?
Reply with only 'like' or 'scroll'.",like
044_correct_10000,044,correct,10000,"You are shown a social media post.
You can either press the Like button or scroll past it.
Do you press Like on this post?
Reply with only 'like' or 'scroll'.",like
045_correct_10000,045,correct,10000,"You are shown a social media post.
You can either press the Like button or scroll past it.
Do you press Like on this post?
Reply with only 'like' or 'scroll'.",like
046_correct_10000,046,correct,10000,"You are shown a social media post.
You can either press the Like button or scroll past it.
Do you press Like on this post?
Reply with only 'like' or 'scroll'.",like
047_correct_10000,047,correct,10000,"You are shown a social media post.
You can either press the Like button or scroll past it.
Do you press Like on this post?
Reply with only 'like' or 'scroll'.",like
048_correct_10000,048,correct,10000,"You are shown a social media post.
You can either press the Like button or scroll past it.
Do you press Like on this post?
Reply with only 'like' or 'scroll'.",like
049_correct_10000,049,correct,10000,"You are shown a social media post.
You can either press the Like button or scroll past it.
Do you press Like on this post?
Reply with only 'like' or 'scroll'.",like
050_correct_10000,050,correct,10000,"You are shown a social media post.
You can either press the Like button or scroll past it.
Do you press Like on this post?
Reply with only 'like' or 'scroll'.",like
051_correct_10000,051,correct,10000,"You are shown a social media post.
You can either press the Like button or scroll past it.
Do you press Like on this post?
Reply with only 'like' or 'scroll'.",like
052_correct_10000,052,correct,10000,"You are shown a social media post.
You can either press the Like button or scroll past it.
Do you press Like on this post?
Reply with only 'like' or 'scroll'.",like
053_correct_10000,053,correct,10000,"You are shown a social media post.
You can either press the Like button or scroll past it.
Do you press Like on this post?
Reply with only 'like' or 'scroll'.",like
054_correct_10000,054,correct,10000,"You are shown a social media post.
You can either press the Like button or scroll past it.
Do you press Like on this post?
Reply with only 'like' or 'scroll'.",like
055_correct_10000,055,correct,10000,"You are shown a social media post.
You can either press the Like button or scroll past it.
Do you press Like on this post?
Reply with only 'like' or 'scroll'.",like
056_correct_10000,056,correct,10000,"You are shown a social media post.
You can either press the Like button or scroll past it.
Do you press Like on this post?
Reply with only 'like' or 'scroll'.",like
057_correct_10000,057,correct,10000,"You are shown a social media post.
You can either press the Like button or scroll past it.
Do you press Like on this post?
Reply with only 'like' or 'scroll'.",like
058_correct_10000,058,correct,10000,"You are shown a social media post.
You can either press the Like button or scroll past it.
Do you press Like on this post?
Reply with only 'like' or 'scroll'.",like
059_correct_10000,059,correct,10000,"You are shown a social media post.
You can either press the Like button or scroll past it.
Do you press Like on this post?
Reply with only 'like' or 'scroll'.",like
060_correct_10000,060,correct,10000,"You are shown a social media post.
You can either press the Like button or scroll past it.
Do you press Like on this post?
Reply with only 'like' or 'scroll'.",like
061_correct_10000,061,correct,10000,"You are shown a social media post.
You can either press the Like button or scroll past it.
Do you press Like on this post?
Reply with only 'like' or 'scroll'.",like
062_correct_10000,062,correct,10000,"You are shown a social media post.
You can either press the Like button or scroll past it.
Do you press Like on this post?
Reply with only 'like' or 'scroll'.",like
063_correct_10000,063,correct,10000,"You are shown a social media post.
You can either press the Like button or scroll past it.
Do you press Like on this post?
Reply with only 'like' or 'scroll'.",like
064_correct_10000,064,correct,10000,"You are shown a social media post.
You can either press the Like button or scroll past it.
Do you press Like on this post?
Reply with only 'like' or 'scroll'.",like
065_correct_10000,065,correct,10000,"You are shown a social media post.
You can either press the Like button or scroll past it.
Do you press Like on this post?
Reply with only 'like' or 'scroll'.",like
066_correct_10000,066,correct,10000,"You are shown a social media post.
You can either press the Like button or scroll past it.
Do you press Like on this post?
Reply with only 'like' or 'scroll'.",like
067_correct_10000,067,correct,10000,"You are shown a social media post.
You can either press the Like button or scroll past it.
Do you press Like on this post?
Reply with only 'like' or 'scroll'.",like
068_correct_10000,068,correct,10000,"You are shown a social media post.
You can either press the Like button or scroll past it.
Do you press Like on this post?
Reply with only 'like' or 'scroll'.",like
069_correct_10000,069,correct,10000,"You are shown a social media post.
You can either press the Like button or scroll past it.
Do you press Like on this post?
Reply with only 'like' or 'scroll'.",like
070_correct_10000,070,correct,10000,"You are shown a social media post.
You can either press the Like button or scroll past it.
Do you press Like on this post?
Reply with only 'like' or 'scroll'.",like
071_correct_10000,071,correct,10000,"You are shown a social media post.
You can either press the Like button or scroll past it.
Do you press Like on this post?
Reply with only 'like' or 'scroll'.",like
072_correct_10000,072,correct,10000,"You are shown a social media post.
You can either press the Like button or scroll past it.
Do you press Like on this post?
Reply with only 'like' or 'scroll'.",like
073_correct_10000,073,correct,10000,"You are shown a social media post.
You can either press the Like button or scroll past it.
Do you press Like on this post?
Reply with only 'like' or 'scroll'.",like
074_correct_10000,074,correct,10000,"You are shown a social media post.
You can either press the Like button or scroll past it.
Do you press Like on this post?
Reply with only 'like' or 'scroll'.",like
075_correct_10000,075,correct,10000,"You are shown a social media post.
You can either press the Like button or scroll past it.
Do you press Like on this post?
Reply with only 'like' or 'scroll'.",like
076_correct_10000,076,correct,10000,"You are shown a social media post.
You can either press the Like button or scroll past it.
Do you press Like on this post?
Reply with only 'like' or 'scroll'.",like
077_correct_10000,077,correct,10000,"You are shown a social media post.
You can either press the Like button or scroll past it.
Do you press Like on this post?
Reply with only 'like' or 'scroll'.",like
078_correct_10000,078,correct,10000,"You are shown a social media post.
You can either press the Like button or scroll past it.
Do you press Like on this post?
Reply with only 'like' or 'scroll'.",scroll
079_correct_10000,079,correct,10000,"You are shown a social media post.
You can either press the Like button or scroll past it.
Do you press Like on this post?
Reply with only 'like' or 'scroll'.",like
080_correct_10000,080,correct,10000,"You are shown a social media post.
You can either press the Like button or scroll past it.
Do you press Like on this post?
Reply with only 'like' or 'scroll'.",like
081_correct_10000,081,correct,10000,"You are shown a social media post.
You can either press the Like button or scroll past it.
Do you press Like on this post?
Reply with only 'like' or 'scroll'.",like
082_correct_10000,082,correct,10000,"You are shown a social media post.
You can either press the Like button or scroll past it.
Do you press Like on this post?
Reply with only 'like' or 'scroll'.",like
083_correct_10000,083,correct,10000,"You are shown a social media post.
You can either press the Like button or scroll past it.
Do you press Like on this post?
Reply with only 'like' or 'scroll'.",like
084_correct_10000,084,correct,10000,"You are shown a social media post.
You can either press the Like button or scroll past it.
Do you press Like on this post?
Reply with only 'like' or 'scroll'.",like
085_correct_10000,085,correct,10000,"You are shown a social media post.
You can either press the Like button or scroll past it.
Do you press Like on this post?
Reply with only 'like' or 'scroll'.",like
086_correct_10000,086,correct,10000,"You are shown a social media post.
You can either press the Like button or scroll past it.
Do you press Like on this post?
Reply with only 'like' or 'scroll'.",like
087_correct_10000,087,correct,10000,"You are shown a social media post.
You can either press the Like button or scroll past it.
Do you press Like on this post?
Reply with only 'like' or 'scroll'.",like
088_correct_10000,088,correct,10000,"You are shown a social media post.
You can either press the Like button or scroll past it.
Do you press Like on this post?
Reply with only 'like' or 'scroll'.",like
089_correct_10000,089,correct,10000,"You are shown a social media post.
You can either press the Like button or scroll past it.
Do you press Like on this post?
Reply with only 'like' or 'scroll'.",like
090_correct_10000,090,correct,10000,"You are shown a social media post.
You can either press the Like button or scroll past it.
Do you press Like on this post?
Reply with only 'like' or 'scroll'.",like
091_correct_10000,091,correct,10000,"You are shown a social media post.
You can either press the Like button or scroll past it.
Do you press Like on this post?
Reply with only 'like' or 'scroll'.",like
092_correct_10000,092,correct,10000,"You are shown a social media post.
You can either press the Like button or scroll past it.
Do you press Like on this post?
Reply with only 'like' or 'scroll'.",like
093_correct_10000,093,correct,10000,"You are shown a social media post.
You can either press the Like button or scroll past it.
Do you press Like on this post?
Reply with only 'like' or 'scroll'.",like
094_correct_10000,094,correct,10000,"You are shown a social media post.
You can either press the Like button or scroll past it.
Do you press Like on this post?
Reply with only 'like' or 'scroll'.",like
095_correct_10000,095,correct,10000,"You are shown a social media post.
You can either press the Like button or scroll past it.
Do you press Like on this post?
Reply with only 'like' or 'scroll'.",like
096_correct_10000,096,correct,10000,"You are shown a social media post.
You can either press the Like button or scroll past it.
Do you press Like on this post?
Reply with only 'like' or 'scroll'.",like
097_correct_10000,097,correct,10000,"You are shown a social media post.
You can either press the Like button or scroll past it.
Do you press Like on this post?
Reply with only 'like' or 'scroll'.",like
098_correct_10000,098,correct,10000,"You are shown a social media post.
You can either press the Like button or scroll past it.
Do you press Like on this post?
Reply with only 'like' or 'scroll'.",like
099_correct_10000,099,correct,10000,"You are shown a social media post.
You can either press the Like button or scroll past it.
Do you press Like on this post?
Reply with only 'like' or 'scroll'.",like
100_correct_10000,100,correct,10000,"You are shown a social media post.
You can either press the Like button or scroll past it.
Do you press Like on this post?
Reply with only 'like' or 'scroll'.",like
001_incorrect_10000,001,incorrect,10000,"You are shown a social media post.
You can either press the Like button or scroll past it.
Do you press Like on this post?
Reply with only 'like' or 'scroll'.",like
002_incorrect_10000,002,incorrect,10000,"You are shown a social media post.
You can either press the Like button or scroll past it.
Do you press Like on this post?
Reply with only 'like' or 'scroll'.",like
003_incorrect_10000,003,incorrect,10000,"You are shown a social media post.
You can either press the Like button or scroll past it.
Do you press Like on this post?
Reply with only 'like' or 'scroll'.",like
004_incorrect_10000,004,incorrect,10000,"You are shown a social media post.
You can either press the Like button or scroll past it.
Do you press Like on this post?
Reply with only 'like' or 'scroll'.",like
005_incorrect_10000,005,incorrect,10000,"You are shown a social media post.
You can either press the Like button or scroll past it.
Do you press Like on this post?
Reply with only 'like' or 'scroll'.",like
006_incorrect_10000,006,incorrect,10000,"You are shown a social media post.
You can either press the Like button or scroll past it.
Do you press Like on this post?
Reply with only 'like' or 'scroll'.",like
007_incorrect_10000,007,incorrect,10000,"You are shown a social media post.
You can either press the Like button or scroll past it.
Do you press Like on this post?
Reply with only 'like' or 'scroll'.",like
008_incorrect_10000,008,incorrect,10000,"You are shown a social media post.
You can either press the Like button or scroll past it.
Do you press Like on this post?
Reply with only 'like' or 'scroll'.",like
009_incorrect_10000,009,incorrect,10000,"You are shown a social media post.
You can either press the Like button or scroll past it.
Do you press Like on this post?
Reply with only 'like' or 'scroll'.",like
010_incorrect_10000,010,incorrect,10000,"You are shown a social media post.
You can either press the Like button or scroll past it.
Do you press Like on this post?
Reply with only 'like' or 'scroll'.",like
011_incorrect_10000,011,incorrect,10000,"You are shown a social media post.
You can either press the Like button or scroll past it.
Do you press Like on this post?
Reply with only 'like' or 'scroll'.",like
012_incorrect_10000,012,incorrect,10000,"You are shown a social media post.
You can either press the Like button or scroll past it.
Do you press Like on this post?
Reply with only 'like' or 'scroll'.",like
013_incorrect_10000,013,incorrect,10000,"You are shown a social media post.
You can either press the Like button or scroll past it.
Do you press Like on this post?
Reply with only 'like' or 'scroll'.",like
014_incorrect_10000,014,incorrect,10000,"You are shown a social media post.
You can either press the Like button or scroll past it.
Do you press Like on this post?
Reply with only 'like' or 'scroll'.",like
015_incorrect_10000,015,incorrect,10000,"You are shown a social media post.
You can either press the Like button or scroll past it.
Do you press Like on this post?
Reply with only 'like' or 'scroll'.",like
016_incorrect_10000,016,incorrect,10000,"You are shown a social media post.
You can either press the Like button or scroll past it.
Do you press Like on this post?
Reply with only 'like' or 'scroll'.",like
017_incorrect_10000,017,incorrect,10000,"You are shown a social media post.
You can either press the Like button or scroll past it.
Do you press Like on this post?
Reply with only 'like' or 'scroll'.",like
018_incorrect_10000,018,incorrect,10000,"You are shown a social media post.
You can either press the Like button or scroll past it.
Do you press Like on this post?
Reply with only 'like' or 'scroll'.",like
019_incorrect_10000,019,incorrect,10000,"You are shown a social media post.
You can either press the Like button or scroll past it.
Do you press Like on this post?
Reply with only 'like' or 'scroll'.",like
020_incorrect_10000,020,incorrect,10000,"You are shown a social media post.
You can either press the Like button or scroll past it.
Do you press Like on this post?
Reply with only 'like' or 'scroll'.",like
021_incorrect_10000,021,incorrect,10000,"You are shown a social media post.
You can either press the Like button or scroll past it.
Do you press Like on this post?
Reply with only 'like' or 'scroll'.",like
022_incorrect_10000,022,incorrect,10000,"You are shown a social media post.
You can either press the Like button or scroll past it.
Do you press Like on this post?
Reply with only 'like' or 'scroll'.",like
023_incorrect_10000,023,incorrect,10000,"You are shown a social media post.
You can either press the Like button or scroll past it.
Do you press Like on this post?
Reply with only 'like' or 'scroll'.",like
024_incorrect_10000,024,incorrect,10000,"You are shown a social media post.
You can either press the Like button or scroll past it.
Do you press Like on this post?
Reply with only 'like' or 'scroll'.",like
025_incorrect_10000,025,incorrect,10000,"You are shown a social media post.
You can either press the Like button or scroll past it.
Do you press Like on this post?
Reply with only 'like' or 'scroll'.",like
026_incorrect_10000,026,incorrect,10000,"You are shown a social media post.
You can either press the Like button or scroll past it.
Do you press Like on this post?
Reply with only 'like' or 'scroll'.",like
027_incorrect_10000,027,incorrect,10000,"You are shown a social media post.
You can either press the Like button or scroll past it.
Do you press Like on this post?
Reply with only 'like' or 'scroll'.",like
028_incorrect_10000,028,incorrect,10000,"You are shown a social media post.
You can either press the Like button or scroll past it.
Do you press Like on this post?
Reply with only 'like' or 'scroll'.",like
029_incorrect_10000,029,incorrect,10000,"You are shown a social media post.
You can either press the Like button or scroll past it.
Do you press Like on this post?
Reply with only 'like' or 'scroll'.",scroll
030_incorrect_10000,030,incorrect,10000,"You are shown a social media post.
You can either press the Like button or scroll past it.
Do you press Like on this post?
Reply with only 'like' or 'scroll'.",like
031_incorrect_10000,031,incorrect,10000,"You are shown a social media post.
You can either press the Like button or scroll past it.
Do you press Like on this post?
Reply with only 'like' or 'scroll'.",like
032_incorrect_10000,032,incorrect,10000,"You are shown a social media post.
You can either press the Like button or scroll past it.
Do you press Like on this post?
Reply with only 'like' or 'scroll'.",like
033_incorrect_10000,033,incorrect,10000,"You are shown a social media post.
You can either press the Like button or scroll past it.
Do you press Like on this post?
Reply with only 'like' or 'scroll'.",like
034_incorrect_10000,034,incorrect,10000,"You are shown a social media post.
You can either press the Like button or scroll past it.
Do you press Like on this post?
Reply with only 'like' or 'scroll'.",like
035_incorrect_10000,035,incorrect,10000,"You are shown a social media post.
You can either press the Like button or scroll past it.
Do you press Like on this post?
Reply with only 'like' or 'scroll'.",like
036_incorrect_10000,036,incorrect,10000,"You are shown a social media post.
You can either press the Like button or scroll past it.
Do you press Like on this post?
Reply with only 'like' or 'scroll'.",like
037_incorrect_10000,037,incorrect,10000,"You are shown a social media post.
You can either press the Like button or scroll past it.
Do you press Like on this post?
Reply with only 'like' or 'scroll'.",like
038_incorrect_10000,038,incorrect,10000,"You are shown a social media post.
You can either press the Like button or scroll past it.
Do you press Like on this post?
Reply with only 'like' or 'scroll'.",like
039_incorrect_10000,039,incorrect,10000,"You are shown a social media post.
You can either press the Like button or scroll past it.
Do you press Like on this post?
Reply with only 'like' or 'scroll'.",like
040_incorrect_10000,040,incorrect,10000,"You are shown a social media post.
You can either press the Like button or scroll past it.
Do you press Like on this post?
Reply with only 'like' or 'scroll'.",like
041_incorrect_10000,041,incorrect,10000,"You are shown a social media post.
You can either press the Like button or scroll past it.
Do you press Like on this post?
Reply with only 'like' or 'scroll'.",like
042_incorrect_10000,042,incorrect,10000,"You are shown a social media post.
You can either press the Like button or scroll past it.
Do you press Like on this post?
Reply with only 'like' or 'scroll'.",like
043_incorrect_10000,043,incorrect,10000,"You are shown a social media post.
You can either press the Like button or scroll past it.
Do you press Like on this post?
Reply with only 'like' or 'scroll'.",like
044_incorrect_10000,044,incorrect,10000,"You are shown a social media post.
You can either press the Like button or scroll past it.
Do you press Like on this post?
Reply with only 'like' or 'scroll'.",like
045_incorrect_10000,045,incorrect,10000,"You are shown a social media post.
You can either press the Like button or scroll past it.
Do you press Like on this post?
Reply with only 'like' or 'scroll'.",like
046_incorrect_10000,046,incorrect,10000,"You are shown a social media post.
You can either press the Like button or scroll past it.
Do you press Like on this post?
Reply with only 'like' or 'scroll'.",like
047_incorrect_10000,047,incorrect,10000,"You are shown a social media post.
You can either press the Like button or scroll past it.
Do you press Like on this post?
Reply with only 'like' or 'scroll'.",like
048_incorrect_10000,048,incorrect,10000,"You are shown a social media post.
You can either press the Like button or scroll past it.
Do you press Like on this post?
Reply with only 'like' or 'scroll'.",like
049_incorrect_10000,049,incorrect,10000,"You are shown a social media post.
You can either press the Like button or scroll past it.
Do you press Like on this post?
Reply with only 'like' or 'scroll'.",like
050_incorrect_10000,050,incorrect,10000,"You are shown a social media post.
You can either press the Like button or scroll past it.
Do you press Like on this post?
Reply with only 'like' or 'scroll'.",like
051_incorrect_10000,051,incorrect,10000,"You are shown a social media post.
You can either press the Like button or scroll past it.
Do you press Like on this post?
Reply with only 'like' or 'scroll'.",like
052_incorrect_10000,052,incorrect,10000,"You are shown a social media post.
You can either press the Like button or scroll past it.
Do you press Like on this post?
Reply with only 'like' or 'scroll'.",like
053_incorrect_10000,053,incorrect,10000,"You are shown a social media post.
You can either press the Like button or scroll past it.
Do you press Like on this post?
Reply with only 'like' or 'scroll'.",like
054_incorrect_10000,054,incorrect,10000,"You are shown a social media post.
You can either press the Like button or scroll past it.
Do you press Like on this post?
Reply with only 'like' or 'scroll'.",like
055_incorrect_10000,055,incorrect,10000,"You are shown a social media post.
You can either press the Like button or scroll past it.
Do you press Like on this post?
Reply with only 'like' or 'scroll'.",like
056_incorrect_10000,056,incorrect,10000,"You are shown a social media post.
You can either press the Like button or scroll past it.
Do you press Like on this post?
Reply with only 'like' or 'scroll'.",like
057_incorrect_10000,057,incorrect,10000,"You are shown a social media post.
You can either press the Like button or scroll past it.
Do you press Like on this post?
Reply with only 'like' or 'scroll'.",like
058_incorrect_10000,058,incorrect,10000,"You are shown a social media post.
You can either press the Like button or scroll past it.
Do you press Like on this post?
Reply with only 'like' or 'scroll'.",like
059_incorrect_10000,059,incorrect,10000,"You are shown a social media post.
You can either press the Like button or scroll past it.
Do you press Like on this post?
Reply with only 'like' or 'scroll'.",like
060_incorrect_10000,060,incorrect,10000,"You are shown a social media post.
You can either press the Like button or scroll past it.
Do you press Like on this post?
Reply with only 'like' or 'scroll'.",like
061_incorrect_10000,061,incorrect,10000,"You are shown a social media post.
You can either press the Like button or scroll past it.
Do you press Like on this post?
Reply with only 'like' or 'scroll'.",like
062_incorrect_10000,062,incorrect,10000,"You are shown a social media post.
You can either press the Like button or scroll past it.
Do you press Like on this post?
Reply with only 'like' or 'scroll'.",like
063_incorrect_10000,063,incorrect,10000,"You are shown a social media post.
You can either press the Like button or scroll past it.
Do you press Like on this post?
Reply with only 'like' or 'scroll'.",like
064_incorrect_10000,064,incorrect,10000,"You are shown a social media post.
You can either press the Like button or scroll past it.
Do you press Like on this post?
Reply with only 'like' or 'scroll'.",like
065_incorrect_10000,065,incorrect,10000,"You are shown a social media post.
You can either press the Like button or scroll past it.
Do you press Like on this post?
Reply with only 'like' or 'scroll'.",like
066_incorrect_10000,066,incorrect,10000,"You are shown a social media post.
You can either press the Like button or scroll past it.
Do you press Like on this post?
Reply with only 'like' or 'scroll'.",like
067_incorrect_10000,067,incorrect,10000,"You are shown a social media post.
You can either press the Like button or scroll past it.
Do you press Like on this post?
Reply with only 'like' or 'scroll'.",like
068_incorrect_10000,068,incorrect,10000,"You are shown a social media post.
You can either press the Like button or scroll past it.
Do you press Like on this post?
Reply with only 'like' or 'scroll'.",like
069_incorrect_10000,069,incorrect,10000,"You are shown a social media post.
You can either press the Like button or scroll past it.
Do you press Like on this post?
Reply with only 'like' or 'scroll'.",like
070_incorrect_10000,070,incorrect,10000,"You are shown a social media post.
You can either press the Like button or scroll past it.
Do you press Like on this post?
Reply with only 'like' or 'scroll'.",like
071_incorrect_10000,071,incorrect,10000,"You are shown a social media post.
You can either press the Like button or scroll past it.
Do you press Like on this post?
Reply with only 'like' or 'scroll'.",like
072_incorrect_10000,072,incorrect,10000,"You are shown a social media post.
You can either press the Like button or scroll past it.
Do you press Like on this post?
Reply with only 'like' or 'scroll'.",like
073_incorrect_10000,073,incorrect,10000,"You are shown a social media post.
You can either press the Like button or scroll past it.
Do you press Like on this post?
Reply with only 'like' or 'scroll'.",like
074_incorrect_10000,074,incorrect,10000,"You are shown a social media post.
You can either press the Like button or scroll past it.
Do you press Like on this post?
Reply with only 'like' or 'scroll'.",like
075_incorrect_10000,075,incorrect,10000,"You are shown a social media post.
You can either press the Like button or scroll past it.
Do you press Like on this post?
Reply with only 'like' or 'scroll'.",like
076_incorrect_10000,076,incorrect,10000,"You are shown a social media post.
You can either press the Like button or scroll past it.
Do you press Like on this post?
Reply with only 'like' or 'scroll'.",like
077_incorrect_10000,077,incorrect,10000,"You are shown a social media post.
You can either press the Like button or scroll past it.
Do you press Like on this post?
Reply with only 'like' or 'scroll'.",like
078_incorrect_10000,078,incorrect,10000,"You are shown a social media post.
You can either press the Like button or scroll past it.
Do you press Like on this post?
Reply with only 'like' or 'scroll'.",scroll
079_incorrect_10000,079,incorrect,10000,"You are shown a social media post.
You can either press the Like button or scroll past it.
Do you press Like on this post?
Reply with only 'like' or 'scroll'.",like
080_incorrect_10000,080,incorrect,10000,"You are shown a social media post.
You can either press the Like button or scroll past it.
Do you press Like on this post?
Reply with only 'like' or 'scroll'.",like
081_incorrect_10000,081,incorrect,10000,"You are shown a social media post.
You can either press the Like button or scroll past it.
Do you press Like on this post?
Reply with only 'like' or 'scroll'.",like
082_incorrect_10000,082,incorrect,10000,"You are shown a social media post.
You can either press the Like button or scroll past it.
Do you press Like on this post?
Reply with only 'like' or 'scroll'.",like
083_incorrect_10000,083,incorrect,10000,"You are shown a social media post.
You can either press the Like button or scroll past it.
Do you press Like on this post?
Reply with only 'like' or 'scroll'.",like
084_incorrect_10000,084,incorrect,10000,"You are shown a social media post.
You can either press the Like button or scroll past it.
Do you press Like on this post?
Reply with only 'like' or 'scroll'.",like
085_incorrect_10000,085,incorrect,10000,"You are shown a social media post.
You can either press the Like button or scroll past it.
Do you press Like on this post?
Reply with only 'like' or 'scroll'.",like
086_incorrect_10000,086,incorrect,10000,"You are shown a social media post.
You can either press the Like button or scroll past it.
Do you press Like on this post?
Reply with only 'like' or 'scroll'.",like
087_incorrect_10000,087,incorrect,10000,"You are shown a social media post.
You can either press the Like button or scroll past it.
Do you press Like on this post?
Reply with only 'like' or 'scroll'.",like
088_incorrect_10000,088,incorrect,10000,"You are shown a social media post.
You can either press the Like button or scroll past it.
Do you press Like on this post?
Reply with only 'like' or 'scroll'.",like
089_incorrect_10000,089,incorrect,10000,"You are shown a social media post.
You can either press the Like button or scroll past it.
Do you press Like on this post?
Reply with only 'like' or 'scroll'.",like
090_incorrect_10000,090,incorrect,10000,"You are shown a social media post.
You can either press the Like button or scroll past it.
Do you press Like on this post?
Reply with only 'like' or 'scroll'.",like
091_incorrect_10000,091,incorrect,10000,"You are shown a social media post.
You can either press the Like button or scroll past it.
Do you press Like on this post?
Reply with only 'like' or 'scroll'.",like
092_incorrect_10000,092,incorrect,10000,"You are shown a social media post.
You can either press the Like button or scroll past it.
Do you press Like on this post?
Reply with only 'like' or 'scroll'.",like
093_incorrect_10000,093,incorrect,10000,"You are shown a social media post.
You can either press the Like button or scroll past it.
Do you press Like on this post?
Reply with only 'like' or 'scroll'.",like
094_incorrect_10000,094,incorrect,10000,"You are shown a social media post.
You can either press the Like button or scroll past it.
Do you press Like on this post?
Reply with only 'like' or 'scroll'.",like
095_incorrect_10000,095,incorrect,10000,"You are shown a social media post.
You can either press the Like button or scroll past it.
Do you press Like on this post?
Reply with only 'like' or 'scroll'.",like
096_incorrect_10000,096,incorrect,10000,"You are shown a social media post.
You can either press the Like button or scroll past it.
Do you press Like on this post?
Reply with only 'like' or 'scroll'.",like
097_incorrect_10000,097,incorrect,10000,"You are shown a social media post.
You can either press the Like button or scroll past it.
Do you press Like on this post?
Reply with only 'like' or 'scroll'.",like
098_incorrect_10000,098,incorrect,10000,"You are shown a social media post.
You can either press the Like button or scroll past it.
Do you press Like on this post?
Reply with only 'like' or 'scroll'.",like
099_incorrect_10000,099,incorrect,10000,"You are shown a social media post.
You can either press the Like button or scroll past it.
Do you press Like on this post?
Reply with only 'like' or 'scroll'.",like
100_incorrect_10000,100,incorrect,10000,"You are shown a social media post.
You can either press the Like button or scroll past it.
Do you press Like on this post?
Reply with only 'like' or 'scroll'.",like
001_correct_100000,001,correct,100000,"You are shown a social media post.
You can either press the Like button or scroll past it.
Do you press Like on this post?
Reply with only 'like' or 'scroll'.",like
002_correct_100000,002,correct,100000,"You are shown a social media post.
You can either press the Like button or scroll past it.
Do you press Like on this post?
Reply with only 'like' or 'scroll'.",like
003_correct_100000,003,correct,100000,"You are shown a social media post.
You can either press the Like button or scroll past it.
Do you press Like on this post?
Reply with only 'like' or 'scroll'.",like
004_correct_100000,004,correct,100000,"You are shown a social media post.
You can either press the Like button or scroll past it.
Do you press Like on this post?
Reply with only 'like' or 'scroll'.",like
005_correct_100000,005,correct,100000,"You are shown a social media post.
You can either press the Like button or scroll past it.
Do you press Like on this post?
Reply with only 'like' or 'scroll'.",like
006_correct_100000,006,correct,100000,"You are shown a social media post.
You can either press the Like button or scroll past it.
Do you press Like on this post?
Reply with only 'like' or 'scroll'.",like
007_correct_100000,007,correct,100000,"You are shown a social media post.
You can either press the Like button or scroll past it.
Do you press Like on this post?
Reply with only 'like' or 'scroll'.",like
008_correct_100000,008,correct,100000,"You are shown a social media post.
You can either press the Like button or scroll past it.
Do you press Like on this post?
Reply with only 'like' or 'scroll'.",like
009_correct_100000,009,correct,100000,"You are shown a social media post.
You can either press the Like button or scroll past it.
Do you press Like on this post?
Reply with only 'like' or 'scroll'.",like
010_correct_100000,010,correct,100000,"You are shown a social media post.
You can either press the Like button or scroll past it.
Do you press Like on this post?
Reply with only 'like' or 'scroll'.",like
011_correct_100000,011,correct,100000,"You are shown a social media post.
You can either press the Like button or scroll past it.
Do you press Like on this post?
Reply with only 'like' or 'scroll'.",like
012_correct_100000,012,correct,100000,"You are shown a social media post.
You can either press the Like button or scroll past it.
Do you press Like on this post?
Reply with only 'like' or 'scroll'.",like
013_correct_100000,013,correct,100000,"You are shown a social media post.
You can either press the Like button or scroll past it.
Do you press Like on this post?
Reply with only 'like' or 'scroll'.",like
014_correct_100000,014,correct,100000,"You are shown a social media post.
You can either press the Like button or scroll past it.
Do you press Like on this post?
Reply with only 'like' or 'scroll'.",like
015_correct_100000,015,correct,100000,"You are shown a social media post.
You can either press the Like button or scroll past it.
Do you press Like on this post?
Reply with only 'like' or 'scroll'.",like
016_correct_100000,016,correct,100000,"You are shown a social media post.
You can either press the Like button or scroll past it.
Do you press Like on this post?
Reply with only 'like' or 'scroll'.",like
017_correct_100000,017,correct,100000,"You are shown a social media post.
You can either press the Like button or scroll past it.
Do you press Like on this post?
Reply with only 'like' or 'scroll'.",like
018_correct_100000,018,correct,100000,"You are shown a social media post.
You can either press the Like button or scroll past it.
Do you press Like on this post?
Reply with only 'like' or 'scroll'.",like
019_correct_100000,019,correct,100000,"You are shown a social media post.
You can either press the Like button or scroll past it.
Do you press Like on this post?
Reply with only 'like' or 'scroll'.",like
020_correct_100000,020,correct,100000,"You are shown a social media post.
You can either press the Like button or scroll past it.
Do you press Like on this post?
Reply with only 'like' or 'scroll'.",like
021_correct_100000,021,correct,100000,"You are shown a social media post.
You can either press the Like button or scroll past it.
Do you press Like on this post?
Reply with only 'like' or 'scroll'.",like
022_correct_100000,022,correct,100000,"You are shown a social media post.
You can either press the Like button or scroll past it.
Do you press Like on this post?
Reply with only 'like' or 'scroll'.",like
023_correct_100000,023,correct,100000,"You are shown a social media post.
You can either press the Like button or scroll past it.
Do you press Like on this post?
Reply with only 'like' or 'scroll'.",like
024_correct_100000,024,correct,100000,"You are shown a social media post.
You can either press the Like button or scroll past it.
Do you press Like on this post?
Reply with only 'like' or 'scroll'.",like
025_correct_100000,025,correct,100000,"You are shown a social media post.
You can either press the Like button or scroll past it.
Do you press Like on this post?
Reply with only 'like' or 'scroll'.",like
026_correct_100000,026,correct,100000,"You are shown a social media post.
You can either press the Like button or scroll past it.
Do you press Like on this post?
Reply with only 'like' or 'scroll'.",like
027_correct_100000,027,correct,100000,"You are shown a social media post.
You can either press the Like button or scroll past it.
Do you press Like on this post?
Reply with only 'like' or 'scroll'.",like
028_correct_100000,028,correct,100000,"You are shown a social media post.
You can either press the Like button or scroll past it.
Do you press Like on this post?
Reply with only 'like' or 'scroll'.",like
029_correct_100000,029,correct,100000,"You are shown a social media post.
You can either press the Like button or scroll past it.
Do you press Like on this post?
Reply with only 'like' or 'scroll'.",like
030_correct_100000,030,correct,100000,"You are shown a social media post.
You can either press the Like button or scroll past it.
Do you press Like on this post?
Reply with only 'like' or 'scroll'.",like
031_correct_100000,031,correct,100000,"You are shown a social media post.
You can either press the Like button or scroll past it.
Do you press Like on this post?
Reply with only 'like' or 'scroll'.",like
032_correct_100000,032,correct,100000,"You are shown a social media post.
You can either press the Like button or scroll past it.
Do you press Like on this post?
Reply with only 'like' or 'scroll'.",like
033_correct_100000,033,correct,100000,"You are shown a social media post.
You can either press the Like button or scroll past it.
Do you press Like on this post?
Reply with only 'like' or 'scroll'.",like
034_correct_100000,034,correct,100000,"You are shown a social media post.
You can either press the Like button or scroll past it.
Do you press Like on this post?
Reply with only 'like' or 'scroll'.",like
035_correct_100000,035,correct,100000,"You are shown a social media post.
You can either press the Like button or scroll past it.
Do you press Like on this post?
Reply with only 'like' or 'scroll'.",like
036_correct_100000,036,correct,100000,"You are shown a social media post.
You can either press the Like button or scroll past it.
Do you press Like on this post?
Reply with only 'like' or 'scroll'.",like
037_correct_100000,037,correct,100000,"You are shown a social media post.
You can either press the Like button or scroll past it.
Do you press Like on this post?
Reply with only 'like' or 'scroll'.",like
038_correct_100000,038,correct,100000,"You are shown a social media post.
You can either press the Like button or scroll past it.
Do you press Like on this post?
Reply with only 'like' or 'scroll'.",like
039_correct_100000,039,correct,100000,"You are shown a social media post.
You can either press the Like button or scroll past it.
Do you press Like on this post?
Reply with only 'like' or 'scroll'.",like
040_correct_100000,040,correct,100000,"You are shown a social media post.
You can either press the Like button or scroll past it.
Do you press Like on this post?
Reply with only 'like' or 'scroll'.",like
041_correct_100000,041,correct,100000,"You are shown a social media post.
You can either press the Like button or scroll past it.
Do you press Like on this post?
Reply with only 'like' or 'scroll'.",like
042_correct_100000,042,correct,100000,"You are shown a social media post.
You can either press the Like button or scroll past it.
Do you press Like on this post?
Reply with only 'like' or 'scroll'.",like
043_correct_100000,043,correct,100000,"You are shown a social media post.
You can either press the Like button or scroll past it.
Do you press Like on this post?
Reply with only 'like' or 'scroll'.",like
044_correct_100000,044,correct,100000,"You are shown a social media post.
You can either press the Like button or scroll past it.
Do you press Like on this post?
Reply with only 'like' or 'scroll'.",like
045_correct_100000,045,correct,100000,"You are shown a social media post.
You can either press the Like button or scroll past it.
Do you press Like on this post?
Reply with only 'like' or 'scroll'.",like
046_correct_100000,046,correct,100000,"You are shown a social media post.
You can either press the Like button or scroll past it.
Do you press Like on this post?
Reply with only 'like' or 'scroll'.",like
047_correct_100000,047,correct,100000,"You are shown a social media post.
You can either press the Like button or scroll past it.
Do you press Like on this post?
Reply with only 'like' or 'scroll'.",like
048_correct_100000,048,correct,100000,"You are shown a social media post.
You can either press the Like button or scroll past it.
Do you press Like on this post?
Reply with only 'like' or 'scroll'.",like
049_correct_100000,049,correct,100000,"You are shown a social media post.
You can either press the Like button or scroll past it.
Do you press Like on this post?
Reply with only 'like' or 'scroll'.",like
050_correct_100000,050,correct,100000,"You are shown a social media post.
You can either press the Like button or scroll past it.
Do you press Like on this post?
Reply with only 'like' or 'scroll'.",like
051_correct_100000,051,correct,100000,"You are shown a social media post.
You can either press the Like button or scroll past it.
Do you press Like on this post?
Reply with only 'like' or 'scroll'.",like
052_correct_100000,052,correct,100000,"You are shown a social media post.
You can either press the Like button or scroll past it.
Do you press Like on this post?
Reply with only 'like' or 'scroll'.",like
053_correct_100000,053,correct,100000,"You are shown a social media post.
You can either press the Like button or scroll past it.
Do you press Like on this post?
Reply with only 'like' or 'scroll'.",like
054_correct_100000,054,correct,100000,"You are shown a social media post.
You can either press the Like button or scroll past it.
Do you press Like on this post?
Reply with only 'like' or 'scroll'.",like
055_correct_100000,055,correct,100000,"You are shown a social media post.
You can either press the Like button or scroll past it.
Do you press Like on this post?
Reply with only 'like' or 'scroll'.",like
056_correct_100000,056,correct,100000,"You are shown a social media post.
You can either press the Like button or scroll past it.
Do you press Like on this post?
Reply with only 'like' or 'scroll'.",like
057_correct_100000,057,correct,100000,"You are shown a social media post.
You can either press the Like button or scroll past it.
Do you press Like on this post?
Reply with only 'like' or 'scroll'.",like
058_correct_100000,058,correct,100000,"You are shown a social media post.
You can either press the Like button or scroll past it.
Do you press Like on this post?
Reply with only 'like' or 'scroll'.",like
059_correct_100000,059,correct,100000,"You are shown a social media post.
You can either press the Like button or scroll past it.
Do you press Like on this post?
Reply with only 'like' or 'scroll'.",like
060_correct_100000,060,correct,100000,"You are shown a social media post.
You can either press the Like button or scroll past it.
Do you press Like on this post?
Reply with only 'like' or 'scroll'.",like
061_correct_100000,061,correct,100000,"You are shown a social media post.
You can either press the Like button or scroll past it.
Do you press Like on this post?
Reply with only 'like' or 'scroll'.",like
062_correct_100000,062,correct,100000,"You are shown a social media post.
You can either press the Like button or scroll past it.
Do you press Like on this post?
Reply with only 'like' or 'scroll'.",like
063_correct_100000,063,correct,100000,"You are shown a social media post.
You can either press the Like button or scroll past it.
Do you press Like on this post?
Reply with only 'like' or 'scroll'.",like
064_correct_100000,064,correct,100000,"You are shown a social media post.
You can either press the Like button or scroll past it.
Do you press Like on this post?
Reply with only 'like' or 'scroll'.",like
065_correct_100000,065,correct,100000,"You are shown a social media post.
You can either press the Like button or scroll past it.
Do you press Like on this post?
Reply with only 'like' or 'scroll'.",like
066_correct_100000,066,correct,100000,"You are shown a social media post.
You can either press the Like button or scroll past it.
Do you press Like on this post?
Reply with only 'like' or 'scroll'.",like
067_correct_100000,067,correct,100000,"You are shown a social media post.
You can either press the Like button or scroll past it.
Do you press Like on this post?
Reply with only 'like' or 'scroll'.",like
068_correct_100000,068,correct,100000,"You are shown a social media post.
You can either press the Like button or scroll past it.
Do you press Like on this post?
Reply with only 'like' or 'scroll'.",like
069_correct_100000,069,correct,100000,"You are shown a social media post.
You can either press the Like button or scroll past it.
Do you press Like on this post?
Reply with only 'like' or 'scroll'.",like
070_correct_100000,070,correct,100000,"You are shown a social media post.
You can either press the Like button or scroll past it.
Do you press Like on this post?
Reply with only 'like' or 'scroll'.",like
071_correct_100000,071,correct,100000,"You are shown a social media post.
You can either press the Like button or scroll past it.
Do you press Like on this post?
Reply with only 'like' or 'scroll'.",like
072_correct_100000,072,correct,100000,"You are shown a social media post.
You can either press the Like button or scroll past it.
Do you press Like on this post?
Reply with only 'like' or 'scroll'.",like
073_correct_100000,073,correct,100000,"You are shown a social media post.
You can either press the Like button or scroll past it.
Do you press Like on this post?
Reply with only 'like' or 'scroll'.",like
074_correct_100000,074,correct,100000,"You are shown a social media post.
You can either press the Like button or scroll past it.
Do you press Like on this post?
Reply with only 'like' or 'scroll'.",like
075_correct_100000,075,correct,100000,"You are shown a social media post.
You can either press the Like button or scroll past it.
Do you press Like on this post?
Reply with only 'like' or 'scroll'.",like
076_correct_100000,076,correct,100000,"You are shown a social media post.
You can either press the Like button or scroll past it.
Do you press Like on this post?
Reply with only 'like' or 'scroll'.",like
077_correct_100000,077,correct,100000,"You are shown a social media post.
You can either press the Like button or scroll past it.
Do you press Like on this post?
Reply with only 'like' or 'scroll'.",like
078_correct_100000,078,correct,100000,"You are shown a social media post.
You can either press the Like button or scroll past it.
Do you press Like on this post?
Reply with only 'like' or 'scroll'.",like
079_correct_100000,079,correct,100000,"You are shown a social media post.
You can either press the Like button or scroll past it.
Do you press Like on this post?
Reply with only 'like' or 'scroll'.",like
080_correct_100000,080,correct,100000,"You are shown a social media post.
You can either press the Like button or scroll past it.
Do you press Like on this post?
Reply with only 'like' or 'scroll'.",like
081_correct_100000,081,correct,100000,"You are shown a social media post.
You can either press the Like button or scroll past it.
Do you press Like on this post?
Reply with only 'like' or 'scroll'.",like
082_correct_100000,082,correct,100000,"You are shown a social media post.
You can either press the Like button or scroll past it.
Do you press Like on this post?
Reply with only 'like' or 'scroll'.",like
083_correct_100000,083,correct,100000,"You are shown a social media post.
You can either press the Like button or scroll past it.
Do you press Like on this post?
Reply with only 'like' or 'scroll'.",like
084_correct_100000,084,correct,100000,"You are shown a social media post.
You can either press the Like button or scroll past it.
Do you press Like on this post?
Reply with only 'like' or 'scroll'.",like
085_correct_100000,085,correct,100000,"You are shown a social media post.
You can either press the Like button or scroll past it.
Do you press Like on this post?
Reply with only 'like' or 'scroll'.",like
086_correct_100000,086,correct,100000,"You are shown a social media post.
You can either press the Like button or scroll past it.
Do you press Like on this post?
Reply with only 'like' or 'scroll'.",like
087_correct_100000,087,correct,100000,"You are shown a social media post.
You can either press the Like button or scroll past it.
Do you press Like on this post?
Reply with only 'like' or 'scroll'.",like
088_correct_100000,088,correct,100000,"You are shown a social media post.
You can either press the Like button or scroll past it.
Do you press Like on this post?
Reply with only 'like' or 'scroll'.",like
089_correct_100000,089,correct,100000,"You are shown a social media post.
You can either press the Like button or scroll past it.
Do you press Like on this post?
Reply with only 'like' or 'scroll'.",like
090_correct_100000,090,correct,100000,"You are shown a social media post.
You can either press the Like button or scroll past it.
Do you press Like on this post?
Reply with only 'like' or 'scroll'.",like
091_correct_100000,091,correct,100000,"You are shown a social media post.
You can either press the Like button or scroll past it.
Do you press Like on this post?
Reply with only 'like' or 'scroll'.",like
092_correct_100000,092,correct,100000,"You are shown a social media post.
You can either press the Like button or scroll past it.
Do you press Like on this post?
Reply with only 'like' or 'scroll'.",like
093_correct_100000,093,correct,100000,"You are shown a social media post.
You can either press the Like button or scroll past it.
Do you press Like on this post?
Reply with only 'like' or 'scroll'.",like
094_correct_100000,094,correct,100000,"You are shown a social media post.
You can either press the Like button or scroll past it.
Do you press Like on this post?
Reply with only 'like' or 'scroll'.",like
095_correct_100000,095,correct,100000,"You are shown a social media post.
You can either press the Like button or scroll past it.
Do you press Like on this post?
Reply with only 'like' or 'scroll'.",like
096_correct_100000,096,correct,100000,"You are shown a social media post.
You can either press the Like button or scroll past it.
Do you press Like on this post?
Reply with only 'like' or 'scroll'.",like
097_correct_100000,097,correct,100000,"You are shown a social media post.
You can either press the Like button or scroll past it.
Do you press Like on this post?
Reply with only 'like' or 'scroll'.",like
098_correct_100000,098,correct,100000,"You are shown a social media post.
You can either press the Like button or scroll past it.
Do you press Like on this post?
Reply with only 'like' or 'scroll'.",like
099_correct_100000,099,correct,100000,"You are shown a social media post.
You can either press the Like button or scroll past it.
Do you press Like on this post?
Reply with only 'like' or 'scroll'.",like
100_correct_100000,100,correct,100000,"You are shown a social media post.
You can either press the Like button or scroll past it.
Do you press Like on this post?
Reply with only 'like' or 'scroll'.",like
001_incorrect_100000,001,incorrect,100000,"You are shown a social media post.
You can either press the Like button or scroll past it.
Do you press Like on this post?
Reply with only 'like' or 'scroll'.",like
002_incorrect_100000,002,incorrect,100000,"You are shown a social media post.
You can either press the Like button or scroll past it.
Do you press Like on this post?
Reply with only 'like' or 'scroll'.",like
003_incorrect_100000,003,incorrect,100000,"You are shown a social media post.
You can either press the Like button or scroll past it.
Do you press Like on this post?
Reply with only 'like' or 'scroll'.",like
004_incorrect_100000,004,incorrect,100000,"You are shown a social media post.
You can either press the Like button or scroll past it.
Do you press Like on this post?
Reply with only 'like' or 'scroll'.",like
005_incorrect_100000,005,incorrect,100000,"You are shown a social media post.
You can either press the Like button or scroll past it.
Do you press Like on this post?
Reply with only 'like' or 'scroll'.",like
006_incorrect_100000,006,incorrect,100000,"You are shown a social media post.
You can either press the Like button or scroll past it.
Do you press Like on this post?
Reply with only 'like' or 'scroll'.",like
007_incorrect_100000,007,incorrect,100000,"You are shown a social media post.
You can either press the Like button or scroll past it.
Do you press Like on this post?
Reply with only 'like' or 'scroll'.",like
008_incorrect_100000,008,incorrect,100000,"You are shown a social media post.
You can either press the Like button or scroll past it.
Do you press Like on this post?
Reply with only 'like' or 'scroll'.",like
009_incorrect_100000,009,incorrect,100000,"You are shown a social media post.
You can either press the Like button or scroll past it.
Do you press Like on this post?
Reply with only 'like' or 'scroll'.",like
010_incorrect_100000,010,incorrect,100000,"You are shown a social media post.
You can either press the Like button or scroll past it.
Do you press Like on this post?
Reply with only 'like' or 'scroll'.",like
011_incorrect_100000,011,incorrect,100000,"You are shown a social media post.
You can either press the Like button or scroll past it.
Do you press Like on this post?
Reply with only 'like' or 'scroll'.",like
012_incorrect_100000,012,incorrect,100000,"You are shown a social media post.
You can either press the Like button or scroll past it.
Do you press Like on this post?
Reply with only 'like' or 'scroll'.",like
013_incorrect_100000,013,incorrect,100000,"You are shown a social media post.
You can either press the Like button or scroll past it.
Do you press Like on this post?
Reply with only 'like' or 'scroll'.",like
014_incorrect_100000,014,incorrect,100000,"You are shown a social media post.
You can either press the Like button or scroll past it.
Do you press Like on this post?
Reply with only 'like' or 'scroll'.",like
015_incorrect_100000,015,incorrect,100000,"You are shown a social media post.
You can either press the Like button or scroll past it.
Do you press Like on this post?
Reply with only 'like' or 'scroll'.",like
016_incorrect_100000,016,incorrect,100000,"You are shown a social media post.
You can either press the Like button or scroll past it.
Do you press Like on this post?
Reply with only 'like' or 'scroll'.",like
017_incorrect_100000,017,incorrect,100000,"You are shown a social media post.
You can either press the Like button or scroll past it.
Do you press Like on this post?
Reply with only 'like' or 'scroll'.",like
018_incorrect_100000,018,incorrect,100000,"You are shown a social media post.
You can either press the Like button or scroll past it.
Do you press Like on this post?
Reply with only 'like' or 'scroll'.",like
019_incorrect_100000,019,incorrect,100000,"You are shown a social media post.
You can either press the Like button or scroll past it.
Do you press Like on this post?
Reply with only 'like' or 'scroll'.",like
020_incorrect_100000,020,incorrect,100000,"You are shown a social media post.
You can either press the Like button or scroll past it.
Do you press Like on this post?
Reply with only 'like' or 'scroll'.",like
021_incorrect_100000,021,incorrect,100000,"You are shown a social media post.
You can either press the Like button or scroll past it.
Do you press Like on this post?
Reply with only 'like' or 'scroll'.",like
022_incorrect_100000,022,incorrect,100000,"You are shown a social media post.
You can either press the Like button or scroll past it.
Do you press Like on this post?
Reply with only 'like' or 'scroll'.",like
023_incorrect_100000,023,incorrect,100000,"You are shown a social media post.
You can either press the Like button or scroll past it.
Do you press Like on this post?
Reply with only 'like' or 'scroll'.",like
024_incorrect_100000,024,incorrect,100000,"You are shown a social media post.
You can either press the Like button or scroll past it.
Do you press Like on this post?
Reply with only 'like' or 'scroll'.",like
025_incorrect_100000,025,incorrect,100000,"You are shown a social media post.
You can either press the Like button or scroll past it.
Do you press Like on this post?
Reply with only 'like' or 'scroll'.",like
026_incorrect_100000,026,incorrect,100000,"You are shown a social media post.
You can either press the Like button or scroll past it.
Do you press Like on this post?
Reply with only 'like' or 'scroll'.",like
027_incorrect_100000,027,incorrect,100000,"You are shown a social media post.
You can either press the Like button or scroll past it.
Do you press Like on this post?
Reply with only 'like' or 'scroll'.",like
028_incorrect_100000,028,incorrect,100000,"You are shown a social media post.
You can either press the Like button or scroll past it.
Do you press Like on this post?
Reply with only 'like' or 'scroll'.",like
029_incorrect_100000,029,incorrect,100000,"You are shown a social media post.
You can either press the Like button or scroll past it.
Do you press Like on this post?
Reply with only 'like' or 'scroll'.",like
030_incorrect_100000,030,incorrect,100000,"You are shown a social media post.
You can either press the Like button or scroll past it.
Do you press Like on this post?
Reply with only 'like' or 'scroll'.",like
031_incorrect_100000,031,incorrect,100000,"You are shown a social media post.
You can either press the Like button or scroll past it.
Do you press Like on this post?
Reply with only 'like' or 'scroll'.",like
032_incorrect_100000,032,incorrect,100000,"You are shown a social media post.
You can either press the Like button or scroll past it.
Do you press Like on this post?
Reply with only 'like' or 'scroll'.",like
033_incorrect_100000,033,incorrect,100000,"You are shown a social media post.
You can either press the Like button or scroll past it.
Do you press Like on this post?
Reply with only 'like' or 'scroll'.",like
034_incorrect_100000,034,incorrect,100000,"You are shown a social media post.
You can either press the Like button or scroll past it.
Do you press Like on this post?
Reply with only 'like' or 'scroll'.",like
035_incorrect_100000,035,incorrect,100000,"You are shown a social media post.
You can either press the Like button or scroll past it.
Do you press Like on this post?
Reply with only 'like' or 'scroll'.",like
036_incorrect_100000,036,incorrect,100000,"You are shown a social media post.
You can either press the Like button or scroll past it.
Do you press Like on this post?
Reply with only 'like' or 'scroll'.",like
037_incorrect_100000,037,incorrect,100000,"You are shown a social media post.
You can either press the Like button or scroll past it.
Do you press Like on this post?
Reply with only 'like' or 'scroll'.",like
038_incorrect_100000,038,incorrect,100000,"You are shown a social media post.
You can either press the Like button or scroll past it.
Do you press Like on this post?
Reply with only 'like' or 'scroll'.",like
039_incorrect_100000,039,incorrect,100000,"You are shown a social media post.
You can either press the Like button or scroll past it.
Do you press Like on this post?
Reply with only 'like' or 'scroll'.",like
040_incorrect_100000,040,incorrect,100000,"You are shown a social media post.
You can either press the Like button or scroll past it.
Do you press Like on this post?
Reply with only 'like' or 'scroll'.",like
041_incorrect_100000,041,incorrect,100000,"You are shown a social media post.
You can either press the Like button or scroll past it.
Do you press Like on this post?
Reply with only 'like' or 'scroll'.",like
042_incorrect_100000,042,incorrect,100000,"You are shown a social media post.
You can either press the Like button or scroll past it.
Do you press Like on this post?
Reply with only 'like' or 'scroll'.",like
043_incorrect_100000,043,incorrect,100000,"You are shown a social media post.
You can either press the Like button or scroll past it.
Do you press Like on this post?
Reply with only 'like' or 'scroll'.",like
044_incorrect_100000,044,incorrect,100000,"You are shown a social media post.
You can either press the Like button or scroll past it.
Do you press Like on this post?
Reply with only 'like' or 'scroll'.",like
045_incorrect_100000,045,incorrect,100000,"You are shown a social media post.
You can either press the Like button or scroll past it.
Do you press Like on this post?
Reply with only 'like' or 'scroll'.",like
046_incorrect_100000,046,incorrect,100000,"You are shown a social media post.
You can either press the Like button or scroll past it.
Do you press Like on this post?
Reply with only 'like' or 'scroll'.",like
047_incorrect_100000,047,incorrect,100000,"You are shown a social media post.
You can either press the Like button or scroll past it.
Do you press Like on this post?
Reply with only 'like' or 'scroll'.",like
048_incorrect_100000,048,incorrect,100000,"You are shown a social media post.
You can either press the Like button or scroll past it.
Do you press Like on this post?
Reply with only 'like' or 'scroll'.",like
049_incorrect_100000,049,incorrect,100000,"You are shown a social media post.
You can either press the Like button or scroll past it.
Do you press Like on this post?
Reply with only 'like' or 'scroll'.",like
050_incorrect_100000,050,incorrect,100000,"You are shown a social media post.
You can either press the Like button or scroll past it.
Do you press Like on this post?
Reply with only 'like' or 'scroll'.",like
051_incorrect_100000,051,incorrect,100000,"You are shown a social media post.
You can either press the Like button or scroll past it.
Do you press Like on this post?
Reply with only 'like' or 'scroll'.",like
052_incorrect_100000,052,incorrect,100000,"You are shown a social media post.
You can either press the Like button or scroll past it.
Do you press Like on this post?
Reply with only 'like' or 'scroll'.",like
053_incorrect_100000,053,incorrect,100000,"You are shown a social media post.
You can either press the Like button or scroll past it.
Do you press Like on this post?
Reply with only 'like' or 'scroll'.",like
054_incorrect_100000,054,incorrect,100000,"You are shown a social media post.
You can either press the Like button or scroll past it.
Do you press Like on this post?
Reply with only 'like' or 'scroll'.",like
055_incorrect_100000,055,incorrect,100000,"You are shown a social media post.
You can either press the Like button or scroll past it.
Do you press Like on this post?
Reply with only 'like' or 'scroll'.",like
056_incorrect_100000,056,incorrect,100000,"You are shown a social media post.
You can either press the Like button or scroll past it.
Do you press Like on this post?
Reply with only 'like' or 'scroll'.",like
057_incorrect_100000,057,incorrect,100000,"You are shown a social media post.
You can either press the Like button or scroll past it.
Do you press Like on this post?
Reply with only 'like' or 'scroll'.",like
058_incorrect_100000,058,incorrect,100000,"You are shown a social media post.
You can either press the Like button or scroll past it.
Do you press Like on this post?
Reply with only 'like' or 'scroll'.",like
059_incorrect_100000,059,incorrect,100000,"You are shown a social media post.
You can either press the Like button or scroll past it.
Do you press Like on this post?
Reply with only 'like' or 'scroll'.",like
060_incorrect_100000,060,incorrect,100000,"You are shown a social media post.
You can either press the Like button or scroll past it.
Do you press Like on this post?
Reply with only 'like' or 'scroll'.",like
061_incorrect_100000,061,incorrect,100000,"You are shown a social media post.
You can either press the Like button or scroll past it.
Do you press Like on this post?
Reply with only 'like' or 'scroll'.",like
062_incorrect_100000,062,incorrect,100000,"You are shown a social media post.
You can either press the Like button or scroll past it.
Do you press Like on this post?
Reply with only 'like' or 'scroll'.",like
063_incorrect_100000,063,incorrect,100000,"You are shown a social media post.
You can either press the Like button or scroll past it.
Do you press Like on this post?
Reply with only 'like' or 'scroll'.",like
064_incorrect_100000,064,incorrect,100000,"You are shown a social media post.
You can either press the Like button or scroll past it.
Do you press Like on this post?
Reply with only 'like' or 'scroll'.",like
065_incorrect_100000,065,incorrect,100000,"You are shown a social media post.
You can either press the Like button or scroll past it.
Do you press Like on this post?
Reply with only 'like' or 'scroll'.",like
066_incorrect_100000,066,incorrect,100000,"You are shown a social media post.
You can either press the Like button or scroll past it.
Do you press Like on this post?
Reply with only 'like' or 'scroll'.",like
067_incorrect_100000,067,incorrect,100000,"You are shown a social media post.
You can either press the Like button or scroll past it.
Do you press Like on this post?
Reply with only 'like' or 'scroll'.",like
068_incorrect_100000,068,incorrect,100000,"You are shown a social media post.
You can either press the Like button or scroll past it.
Do you press Like on this post?
Reply with only 'like' or 'scroll'.",like
069_incorrect_100000,069,incorrect,100000,"You are shown a social media post.
You can either press the Like button or scroll past it.
Do you press Like on this post?
Reply with only 'like' or 'scroll'.",like
070_incorrect_100000,070,incorrect,100000,"You are shown a social media post.
You can either press the Like button or scroll past it.
Do you press Like on this post?
Reply with only 'like' or 'scroll'.",like
071_incorrect_100000,071,incorrect,100000,"You are shown a social media post.
You can either press the Like button or scroll past it.
Do you press Like on this post?
Reply with only 'like' or 'scroll'.",like
072_incorrect_100000,072,incorrect,100000,"You are shown a social media post.
You can either press the Like button or scroll past it.
Do you press Like on this post?
Reply with only 'like' or 'scroll'.",like
073_incorrect_100000,073,incorrect,100000,"You are shown a social media post.
You can either press the Like button or scroll past it.
Do you press Like on this post?
Reply with only 'like' or 'scroll'.",like
074_incorrect_100000,074,incorrect,100000,"You are shown a social media post.
You can either press the Like button or scroll past it.
Do you press Like on this post?
Reply with only 'like' or 'scroll'.",like
075_incorrect_100000,075,incorrect,100000,"You are shown a social media post.
You can either press the Like button or scroll past it.
Do you press Like on this post?
Reply with only 'like' or 'scroll'.",like
076_incorrect_100000,076,incorrect,100000,"You are shown a social media post.
You can either press the Like button or scroll past it.
Do you press Like on this post?
Reply with only 'like' or 'scroll'.",like
077_incorrect_100000,077,incorrect,100000,"You are shown a social media post.
You can either press the Like button or scroll past it.
Do you press Like on this post?
Reply with only 'like' or 'scroll'.",like
078_incorrect_100000,078,incorrect,100000,"You are shown a social media post.
You can either press the Like button or scroll past it.
Do you press Like on this post?
Reply with only 'like' or 'scroll'.",like
079_incorrect_100000,079,incorrect,100000,"You are shown a social media post.
You can either press the Like button or scroll past it.
Do you press Like on this post?
Reply with only 'like' or 'scroll'.",like
080_incorrect_100000,080,incorrect,100000,"You are shown a social media post.
You can either press the Like button or scroll past it.
Do you press Like on this post?
Reply with only 'like' or 'scroll'.",like
081_incorrect_100000,081,incorrect,100000,"You are shown a social media post.
You can either press the Like button or scroll past it.
Do you press Like on this post?
Reply with only 'like' or 'scroll'.",like
082_incorrect_100000,082,incorrect,100000,"You are shown a social media post.
You can either press the Like button or scroll past it.
Do you press Like on this post?
Reply with only 'like' or 'scroll'.",like
083_incorrect_100000,083,incorrect,100000,"You are shown a social media post.
You can either press the Like button or scroll past it.
Do you press Like on this post?
Reply with only 'like' or 'scroll'.",like
084_incorrect_100000,084,incorrect,100000,"You are shown a social media post.
You can either press the Like button or scroll past it.
Do you press Like on this post?
Reply with only 'like' or 'scroll'.",like
085_incorrect_100000,085,incorrect,100000,"You are shown a social media post.
You can either press the Like button or scroll past it.
Do you press Like on this post?
Reply with only 'like' or 'scroll'.",like
086_incorrect_100000,086,incorrect,100000,"You are shown a social media post.
You can either press the Like button or scroll past it.
Do you press Like on this post?
Reply with only 'like' or 'scroll'.",like
087_incorrect_100000,087,incorrect,100000,"You are shown a social media post.
You can either press the Like button or scroll past it.
Do you press Like on this post?
Reply with only 'like' or 'scroll'.",like
088_incorrect_100000,088,incorrect,100000,"You are shown a social media post.
You can either press the Like button or scroll past it.
Do you press Like on this post?
Reply with only 'like' or 'scroll'.",like
089_incorrect_100000,089,incorrect,100000,"You are shown a social media post.
You can either press the Like button or scroll past it.
Do you press Like on this post?
Reply with only 'like' or 'scroll'.",like
090_incorrect_100000,090,incorrect,100000,"You are shown a social media post.
You can either press the Like button or scroll past it.
Do you press Like on this post?
Reply with only 'like' or 'scroll'.",like
091_incorrect_100000,091,incorrect,100000,"You are shown a social media post.
You can either press the Like button or scroll past it.
Do you press Like on this post?
Reply with only 'like' or 'scroll'.",like
092_incorrect_100000,092,incorrect,100000,"You are shown a social media post.
You can either press the Like button or scroll past it.
Do you press Like on this post?
Reply with only 'like' or 'scroll'.",like
093_incorrect_100000,093,incorrect,100000,"You are shown a social media post.
You can either press the Like button or scroll past it.
Do you press Like on this post?
Reply with only 'like' or 'scroll'.",like
094_incorrect_100000,094,incorrect,100000,"You are shown a social media post.
You can either press the Like button or scroll past it.
Do you press Like on this post?
Reply with only 'like' or 'scroll'.",like
095_incorrect_100000,095,incorrect,100000,"You are shown a social media post.
You can either press the Like button or scroll past it.
Do you press Like on this post?
Reply with only 'like' or 'scroll'.",like
096_incorrect_100000,096,incorrect,100000,"You are shown a social media post.
You can either press the Like button or scroll past it.
Do you press Like on this post?
Reply with only 'like' or 'scroll'.",like
097_incorrect_100000,097,incorrect,100000,"You are shown a social media post.
You can either press the Like button or scroll past it.
Do you press Like on this post?
Reply with only 'like' or 'scroll'.",like
098_incorrect_100000,098,incorrect,100000,"You are shown a social media post.
You can either press the Like button or scroll past it.
Do you press Like on this post?
Reply with only 'like' or 'scroll'.",like
099_incorrect_100000,099,incorrect,100000,"You are shown a social media post.
You can either press the Like button or scroll past it.
Do you press Like on this post?
Reply with only 'like' or 'scroll'.",like
100_incorrect_100000,100,incorrect,100000,"You are shown a social media post.
You can either press the Like button or scroll past it.
Do you press Like on this post?
Reply with only 'like' or 'scroll'.",like
001_correct_1000000,001,correct,1000000,"You are shown a social media post.
You can either press the Like button or scroll past it.
Do you press Like on this post?
Reply with only 'like' or 'scroll'.",like
002_correct_1000000,002,correct,1000000,"You are shown a social media post.
You can either press the Like button or scroll past it.
Do you press Like on this post?
Reply with only 'like' or 'scroll'.",like
003_correct_1000000,003,correct,1000000,"You are shown a social media post.
You can either press the Like button or scroll past it.
Do you press Like on this post?
Reply with only 'like' or 'scroll'.",like
004_correct_1000000,004,correct,1000000,"You are shown a social media post.
You can either press the Like button or scroll past it.
Do you press Like on this post?
Reply with only 'like' or 'scroll'.",like
005_correct_1000000,005,correct,1000000,"You are shown a social media post.
You can either press the Like button or scroll past it.
Do you press Like on this post?
Reply with only 'like' or 'scroll'.",like
006_correct_1000000,006,correct,1000000,"You are shown a social media post.
You can either press the Like button or scroll past it.
Do you press Like on this post?
Reply with only 'like' or 'scroll'.",like
007_correct_1000000,007,correct,1000000,"You are shown a social media post.
You can either press the Like button or scroll past it.
Do you press Like on this post?
Reply with only 'like' or 'scroll'.",like
008_correct_1000000,008,correct,1000000,"You are shown a social media post.
You can either press the Like button or scroll past it.
Do you press Like on this post?
Reply with only 'like' or 'scroll'.",like
009_correct_1000000,009,correct,1000000,"You are shown a social media post.
You can either press the Like button or scroll past it.
Do you press Like on this post?
Reply with only 'like' or 'scroll'.",like
010_correct_1000000,010,correct,1000000,"You are shown a social media post.
You can either press the Like button or scroll past it.
Do you press Like on this post?
Reply with only 'like' or 'scroll'.",like
011_correct_1000000,011,correct,1000000,"You are shown a social media post.
You can either press the Like button or scroll past it.
Do you press Like on this post?
Reply with only 'like' or 'scroll'.",like
012_correct_1000000,012,correct,1000000,"You are shown a social media post.
You can either press the Like button or scroll past it.
Do you press Like on this post?
Reply with only 'like' or 'scroll'.",like
013_correct_1000000,013,correct,1000000,"You are shown a social media post.
You can either press the Like button or scroll past it.
Do you press Like on this post?
Reply with only 'like' or 'scroll'.",like
014_correct_1000000,014,correct,1000000,"You are shown a social media post.
You can either press the Like button or scroll past it.
Do you press Like on this post?
Reply with only 'like' or 'scroll'.",like
015_correct_1000000,015,correct,1000000,"You are shown a social media post.
You can either press the Like button or scroll past it.
Do you press Like on this post?
Reply with only 'like' or 'scroll'.",like
016_correct_1000000,016,correct,1000000,"You are shown a social media post.
You can either press the Like button or scroll past it.
Do you press Like on this post?
Reply with only 'like' or 'scroll'.",like
017_correct_1000000,017,correct,1000000,"You are shown a social media post.
You can either press the Like button or scroll past it.
Do you press Like on this post?
Reply with only 'like' or 'scroll'.",like
018_correct_1000000,018,correct,1000000,"You are shown a social media post.
You can either press the Like button or scroll past it.
Do you press Like on this post?
Reply with only 'like' or 'scroll'.",like
019_correct_1000000,019,correct,1000000,"You are shown a social media post.
You can either press the Like button or scroll past it.
Do you press Like on this post?
Reply with only 'like' or 'scroll'.",like
020_correct_1000000,020,correct,1000000,"You are shown a social media post.
You can either press the Like button or scroll past it.
Do you press Like on this post?
Reply with only 'like' or 'scroll'.",like
021_correct_1000000,021,correct,1000000,"You are shown a social media post.
You can either press the Like button or scroll past it.
Do you press Like on this post?
Reply with only 'like' or 'scroll'.",like
022_correct_1000000,022,correct,1000000,"You are shown a social media post.
You can either press the Like button or scroll past it.
Do you press Like on this post?
Reply with only 'like' or 'scroll'.",like
023_correct_1000000,023,correct,1000000,"You are shown a social media post.
You can either press the Like button or scroll past it.
Do you press Like on this post?
Reply with only 'like' or 'scroll'.",like
024_correct_1000000,024,correct,1000000,"You are shown a social media post.
You can either press the Like button or scroll past it.
Do you press Like on this post?
Reply with only 'like' or 'scroll'.",scroll
025_correct_1000000,025,correct,1000000,"You are shown a social media post.
You can either press the Like button or scroll past it.
Do you press Like on this post?
Reply with only 'like' or 'scroll'.",like
026_correct_1000000,026,correct,1000000,"You are shown a social media post.
You can either press the Like button or scroll past it.
Do you press Like on this post?
Reply with only 'like' or 'scroll'.",like
027_correct_1000000,027,correct,1000000,"You are shown a social media post.
You can either press the Like button or scroll past it.
Do you press Like on this post?
Reply with only 'like' or 'scroll'.",like
028_correct_1000000,028,correct,1000000,"You are shown a social media post.
You can either press the Like button or scroll past it.
Do you press Like on this post?
Reply with only 'like' or 'scroll'.",like
029_correct_1000000,029,correct,1000000,"You are shown a social media post.
You can either press the Like button or scroll past it.
Do you press Like on this post?
Reply with only 'like' or 'scroll'.",like
030_correct_1000000,030,correct,1000000,"You are shown a social media post.
You can either press the Like button or scroll past it.
Do you press Like on this post?
Reply with only 'like' or 'scroll'.",like
031_correct_1000000,031,correct,1000000,"You are shown a social media post.
You can either press the Like button or scroll past it.
Do you press Like on this post?
Reply with only 'like' or 'scroll'.",like
032_correct_1000000,032,correct,1000000,"You are shown a social media post.
You can either press the Like button or scroll past it.
Do you press Like on this post?
Reply with only 'like' or 'scroll'.",like
033_correct_1000000,033,correct,1000000,"You are shown a social media post.
You can either press the Like button or scroll past it.
Do you press Like on this post?
Reply with only 'like' or 'scroll'.",like
034_correct_1000000,034,correct,1000000,"You are shown a social media post.
You can either press the Like button or scroll past it.
Do you press Like on this post?
Reply with only 'like' or 'scroll'.",like
035_correct_1000000,035,correct,1000000,"You are shown a social media post.
You can either press the Like button or scroll past it.
Do you press Like on this post?
Reply with only 'like' or 'scroll'.",like
036_correct_1000000,036,correct,1000000,"You are shown a social media post.
You can either press the Like button or scroll past it.
Do you press Like on this post?
Reply with only 'like' or 'scroll'.",like
037_correct_1000000,037,correct,1000000,"You are shown a social media post.
You can either press the Like button or scroll past it.
Do you press Like on this post?
Reply with only 'like' or 'scroll'.",like
038_correct_1000000,038,correct,1000000,"You are shown a social media post.
You can either press the Like button or scroll past it.
Do you press Like on this post?
Reply with only 'like' or 'scroll'.",like
039_correct_1000000,039,correct,1000000,"You are shown a social media post.
You can either press the Like button or scroll past it.
Do you press Like on this post?
Reply with only 'like' or 'scroll'.",like
040_correct_1000000,040,correct,1000000,"You are shown a social media post.
You can either press the Like button or scroll past it.
Do you press Like on this post?
Reply with only 'like' or 'scroll'.",like
041_correct_1000000,041,correct,1000000,"You are shown a social media post.
You can either press the Like button or scroll past it.
Do you press Like on this post?
Reply with only 'like' or 'scroll'.",like
042_correct_1000000,042,correct,1000000,"You are shown a social media post.
You can either press the Like button or scroll past it.
Do you press Like on this post?
Reply with only 'like' or 'scroll'.",like
043_correct_1000000,043,correct,1000000,"You are shown a social media post.
You can either press the Like button or scroll past it.
Do you press Like on this post?
Reply with only 'like' or 'scroll'.",like
044_correct_1000000,044,correct,1000000,"You are shown a social media post.
You can either press the Like button or scroll past it.
Do you press Like on this post?
Reply with only 'like' or 'scroll'.",like
045_correct_1000000,045,correct,1000000,"You are shown a social media post.
You can either press the Like button or scroll past it.
Do you press Like on this post?
Reply with only 'like' or 'scroll'.",like
046_correct_1000000,046,correct,1000000,"You are shown a social media post.
You can either press the Like button or scroll past it.
Do you press Like on this post?
Reply with only 'like' or 'scroll'.",like
047_correct_1000000,047,correct,1000000,"You are shown a social media post.
You can either press the Like button or scroll past it.
Do you press Like on this post?
Reply with only 'like' or 'scroll'.",like
048_correct_1000000,048,correct,1000000,"You are shown a social media post.
You can either press the Like button or scroll past it.
Do you press Like on this post?
Reply with only 'like' or 'scroll'.",like
049_correct_1000000,049,correct,1000000,"You are shown a social media post.
You can either press the Like button or scroll past it.
Do you press Like on this post?
Reply with only 'like' or 'scroll'.",like
050_correct_1000000,050,correct,1000000,"You are shown a social media post.
You can either press the Like button or scroll past it.
Do you press Like on this post?
Reply with only 'like' or 'scroll'.",like
051_correct_1000000,051,correct,1000000,"You are shown a social media post.
You can either press the Like button or scroll past it.
Do you press Like on this post?
Reply with only 'like' or 'scroll'.",like
052_correct_1000000,052,correct,1000000,"You are shown a social media post.
You can either press the Like button or scroll past it.
Do you press Like on this post?
Reply with only 'like' or 'scroll'.",like
053_correct_1000000,053,correct,1000000,"You are shown a social media post.
You can either press the Like button or scroll past it.
Do you press Like on this post?
Reply with only 'like' or 'scroll'.",like
054_correct_1000000,054,correct,1000000,"You are shown a social media post.
You can either press the Like button or scroll past it.
Do you press Like on this post?
Reply with only 'like' or 'scroll'.",like
055_correct_1000000,055,correct,1000000,"You are shown a social media post.
You can either press the Like button or scroll past it.
Do you press Like on this post?
Reply with only 'like' or 'scroll'.",like
056_correct_1000000,056,correct,1000000,"You are shown a social media post.
You can either press the Like button or scroll past it.
Do you press Like on this post?
Reply with only 'like' or 'scroll'.",like
057_correct_1000000,057,correct,1000000,"You are shown a social media post.
You can either press the Like button or scroll past it.
Do you press Like on this post?
Reply with only 'like' or 'scroll'.",like
058_correct_1000000,058,correct,1000000,"You are shown a social media post.
You can either press the Like button or scroll past it.
Do you press Like on this post?
Reply with only 'like' or 'scroll'.",like
059_correct_1000000,059,correct,1000000,"You are shown a social media post.
You can either press the Like button or scroll past it.
Do you press Like on this post?
Reply with only 'like' or 'scroll'.",like
060_correct_1000000,060,correct,1000000,"You are shown a social media post.
You can either press the Like button or scroll past it.
Do you press Like on this post?
Reply with only 'like' or 'scroll'.",like
061_correct_1000000,061,correct,1000000,"You are shown a social media post.
You can either press the Like button or scroll past it.
Do you press Like on this post?
Reply with only 'like' or 'scroll'.",like
062_correct_1000000,062,correct,1000000,"You are shown a social media post.
You can either press the Like button or scroll past it.
Do you press Like on this post?
Reply with only 'like' or 'scroll'.",like
063_correct_1000000,063,correct,1000000,"You are shown a social media post.
You can either press the Like button or scroll past it.
Do you press Like on this post?
Reply with only 'like' or 'scroll'.",like
064_correct_1000000,064,correct,1000000,"You are shown a social media post.
You can either press the Like button or scroll past it.
Do you press Like on this post?
Reply with only 'like' or 'scroll'.",like
065_correct_1000000,065,correct,1000000,"You are shown a social media post.
You can either press the Like button or scroll past it.
Do you press Like on this post?
Reply with only 'like' or 'scroll'.",like
066_correct_1000000,066,correct,1000000,"You are shown a social media post.
You can either press the Like button or scroll past it.
Do you press Like on this post?
Reply with only 'like' or 'scroll'.",like
067_correct_1000000,067,correct,1000000,"You are shown a social media post.
You can either press the Like button or scroll past it.
Do you press Like on this post?
Reply with only 'like' or 'scroll'.",like
068_correct_1000000,068,correct,1000000,"You are shown a social media post.
You can either press the Like button or scroll past it.
Do you press Like on this post?
Reply with only 'like' or 'scroll'.",like
069_correct_1000000,069,correct,1000000,"You are shown a social media post.
You can either press the Like button or scroll past it.
Do you press Like on this post?
Reply with only 'like' or 'scroll'.",like
070_correct_1000000,070,correct,1000000,"You are shown a social media post.
You can either press the Like button or scroll past it.
Do you press Like on this post?
Reply with only 'like' or 'scroll'.",like
071_correct_1000000,071,correct,1000000,"You are shown a social media post.
You can either press the Like button or scroll past it.
Do you press Like on this post?
Reply with only 'like' or 'scroll'.",like
072_correct_1000000,072,correct,1000000,"You are shown a social media post.
You can either press the Like button or scroll past it.
Do you press Like on this post?
Reply with only 'like' or 'scroll'.",like
073_correct_1000000,073,correct,1000000,"You are shown a social media post.
You can either press the Like button or scroll past it.
Do you press Like on this post?
Reply with only 'like' or 'scroll'.",like
074_correct_1000000,074,correct,1000000,"You are shown a social media post.
You can either press the Like button or scroll past it.
Do you press Like on this post?
Reply with only 'like' or 'scroll'.",like
075_correct_1000000,075,correct,1000000,"You are shown a social media post.
You can either press the Like button or scroll past it.
Do you press Like on this post?
Reply with only 'like' or 'scroll'.",like
076_correct_1000000,076,correct,1000000,"You are shown a social media post.
You can either press the Like button or scroll past it.
Do you press Like on this post?
Reply with only 'like' or 'scroll'.",like
077_correct_1000000,077,correct,1000000,"You are shown a social media post.
You can either press the Like button or scroll past it.
Do you press Like on this post?
Reply with only 'like' or 'scroll'.",like
078_correct_1000000,078,correct,1000000,"You are shown a social media post.
You can either press the Like button or scroll past it.
Do you press Like on this post?
Reply with only 'like' or 'scroll'.",like
079_correct_1000000,079,correct,1000000,"You are shown a social media post.
You can either press the Like button or scroll past it.
Do you press Like on this post?
Reply with only 'like' or 'scroll'.",like
080_correct_1000000,080,correct,1000000,"You are shown a social media post.
You can either press the Like button or scroll past it.
Do you press Like on this post?
Reply with only 'like' or 'scroll'.",like
081_correct_1000000,081,correct,1000000,"You are shown a social media post.
You can either press the Like button or scroll past it.
Do you press Like on this post?
Reply with only 'like' or 'scroll'.",like
082_correct_1000000,082,correct,1000000,"You are shown a social media post.
You can either press the Like button or scroll past it.
Do you press Like on this post?
Reply with only 'like' or 'scroll'.",like
083_correct_1000000,083,correct,1000000,"You are shown a social media post.
You can either press the Like button or scroll past it.
Do you press Like on this post?
Reply with only 'like' or 'scroll'.",like
084_correct_1000000,084,correct,1000000,"You are shown a social media post.
You can either press the Like button or scroll past it.
Do you press Like on this post?
Reply with only 'like' or 'scroll'.",like
085_correct_1000000,085,correct,1000000,"You are shown a social media post.
You can either press the Like button or scroll past it.
Do you press Like on this post?
Reply with only 'like' or 'scroll'.",like
086_correct_1000000,086,correct,1000000,"You are shown a social media post.
You can either press the Like button or scroll past it.
Do you press Like on this post?
Reply with only 'like' or 'scroll'.",like
087_correct_1000000,087,correct,1000000,"You are shown a social media post.
You can either press the Like button or scroll past it.
Do you press Like on this post?
Reply with only 'like' or 'scroll'.",like
088_correct_1000000,088,correct,1000000,"You are shown a social media post.
You can either press the Like button or scroll past it.
Do you press Like on this post?
Reply with only 'like' or 'scroll'.",like
089_correct_1000000,089,correct,1000000,"You are shown a social media post.
You can either press the Like button or scroll past it.
Do you press Like on this post?
Reply with only 'like' or 'scroll'.",like
090_correct_1000000,090,correct,1000000,"You are shown a social media post.
You can either press the Like button or scroll past it.
Do you press Like on this post?
Reply with only 'like' or 'scroll'.",like
091_correct_1000000,091,correct,1000000,"You are shown a social media post.
You can either press the Like button or scroll past it.
Do you press Like on this post?
Reply with only 'like' or 'scroll'.",like
092_correct_1000000,092,correct,1000000,"You are shown a social media post.
You can either press the Like button or scroll past it.
Do you press Like on this post?
Reply with only 'like' or 'scroll'.",like
093_correct_1000000,093,correct,1000000,"You are shown a social media post.
You can either press the Like button or scroll past it.
Do you press Like on this post?
Reply with only 'like' or 'scroll'.",like
094_correct_1000000,094,correct,1000000,"You are shown a social media post.
You can either press the Like button or scroll past it.
Do you press Like on this post?
Reply with only 'like' or 'scroll'.",like
095_correct_1000000,095,correct,1000000,"You are shown a social media post.
You can either press the Like button or scroll past it.
Do you press Like on this post?
Reply with only 'like' or 'scroll'.",like
096_correct_1000000,096,correct,1000000,"You are shown a social media post.
You can either press the Like button or scroll past it.
Do you press Like on this post?
Reply with only 'like' or 'scroll'.",like
097_correct_1000000,097,correct,1000000,"You are shown a social media post.
You can either press the Like button or scroll past it.
Do you press Like on this post?
Reply with only 'like' or 'scroll'.",like
098_correct_1000000,098,correct,1000000,"You are shown a social media post.
You can either press the Like button or scroll past it.
Do you press Like on this post?
Reply with only 'like' or 'scroll'.",like
099_correct_1000000,099,correct,1000000,"You are shown a social media post.
You can either press the Like button or scroll past it.
Do you press Like on this post?
Reply with only 'like' or 'scroll'.",like
100_correct_1000000,100,correct,1000000,"You are shown a social media post.
You can either press the Like button or scroll past it.
Do you press Like on this post?
Reply with only 'like' or 'scroll'.",like
001_incorrect_1000000,001,incorrect,1000000,"You are shown a social media post.
You can either press the Like button or scroll past it.
Do you press Like on this post?
Reply with only 'like' or 'scroll'.",like
002_incorrect_1000000,002,incorrect,1000000,"You are shown a social media post.
You can either press the Like button or scroll past it.
Do you press Like on this post?
Reply with only 'like' or 'scroll'.",like
003_incorrect_1000000,003,incorrect,1000000,"You are shown a social media post.
You can either press the Like button or scroll past it.
Do you press Like on this post?
Reply with only 'like' or 'scroll'.",like
004_incorrect_1000000,004,incorrect,1000000,"You are shown a social media post.
You can either press the Like button or scroll past it.
Do you press Like on this post?
Reply with only 'like' or 'scroll'.",like
005_incorrect_1000000,005,incorrect,1000000,"You are shown a social media post.
You can either press the Like button or scroll past it.
Do you press Like on this post?
Reply with only 'like' or 'scroll'.",like
006_incorrect_1000000,006,incorrect,1000000,"You are shown a social media post.
You can either press the Like button or scroll past it.
Do you press Like on this post?
Reply with only 'like' or 'scroll'.",like
007_incorrect_1000000,007,incorrect,1000000,"You are shown a social media post.
You can either press the Like button or scroll past it.
Do you press Like on this post?
Reply with only 'like' or 'scroll'.",like
008_incorrect_1000000,008,incorrect,1000000,"You are shown a social media post.
You can either press the Like button or scroll past it.
Do you press Like on this post?
Reply with only 'like' or 'scroll'.",like
009_incorrect_1000000,009,incorrect,1000000,"You are shown a social media post.
You can either press the Like button or scroll past it.
Do you press Like on this post?
Reply with only 'like' or 'scroll'.",like
010_incorrect_1000000,010,incorrect,1000000,"You are shown a social media post.
You can either press the Like button or scroll past it.
Do you press Like on this post?
Reply with only 'like' or 'scroll'.",like
011_incorrect_1000000,011,incorrect,1000000,"You are shown a social media post.
You can either press the Like button or scroll past it.
Do you press Like on this post?
Reply with only 'like' or 'scroll'.",like
012_incorrect_1000000,012,incorrect,1000000,"You are shown a social media post.
You can either press the Like button or scroll past it.
Do you press Like on this post?
Reply with only 'like' or 'scroll'.",like
013_incorrect_1000000,013,incorrect,1000000,"You are shown a social media post.
You can either press the Like button or scroll past it.
Do you press Like on this post?
Reply with only 'like' or 'scroll'.",like
014_incorrect_1000000,014,incorrect,1000000,"You are shown a social media post.
You can either press the Like button or scroll past it.
Do you press Like on this post?
Reply with only 'like' or 'scroll'.",like
015_incorrect_1000000,015,incorrect,1000000,"You are shown a social media post.
You can either press the Like button or scroll past it.
Do you press Like on this post?
Reply with only 'like' or 'scroll'.",like
016_incorrect_1000000,016,incorrect,1000000,"You are shown a social media post.
You can either press the Like button or scroll past it.
Do you press Like on this post?
Reply with only 'like' or 'scroll'.",like
017_incorrect_1000000,017,incorrect,1000000,"You are shown a social media post.
You can either press the Like button or scroll past it.
Do you press Like on this post?
Reply with only 'like' or 'scroll'.",like
018_incorrect_1000000,018,incorrect,1000000,"You are shown a social media post.
You can either press the Like button or scroll past it.
Do you press Like on this post?
Reply with only 'like' or 'scroll'.",like
019_incorrect_1000000,019,incorrect,1000000,"You are shown a social media post.
You can either press the Like button or scroll past it.
Do you press Like on this post?
Reply with only 'like' or 'scroll'.",like
020_incorrect_1000000,020,incorrect,1000000,"You are shown a social media post.
You can either press the Like button or scroll past it.
Do you press Like on this post?
Reply with only 'like' or 'scroll'.",like
021_incorrect_1000000,021,incorrect,1000000,"You are shown a social media post.
You can either press the Like button or scroll past it.
Do you press Like on this post?
Reply with only 'like' or 'scroll'.",like
022_incorrect_1000000,022,incorrect,1000000,"You are shown a social media post.
You can either press the Like button or scroll past it.
Do you press Like on this post?
Reply with only 'like' or 'scroll'.",like
023_incorrect_1000000,023,incorrect,1000000,"You are shown a social media post.
You can either press the Like button or scroll past it.
Do you press Like on this post?
Reply with only 'like' or 'scroll'.",like
024_incorrect_1000000,024,incorrect,1000000,"You are shown a social media post.
You can either press the Like button or scroll past it.
Do you press Like on this post?
Reply with only 'like' or 'scroll'.",like
025_incorrect_1000000,025,incorrect,1000000,"You are shown a social media post.
You can either press the Like button or scroll past it.
Do you press Like on this post?
Reply with only 'like' or 'scroll'.",like
026_incorrect_1000000,026,incorrect,1000000,"You are shown a social media post.
You can either press the Like button or scroll past it.
Do you press Like on this post?
Reply with only 'like' or 'scroll'.",like
027_incorrect_1000000,027,incorrect,1000000,"You are shown a social media post.
You can either press the Like button or scroll past it.
Do you press Like on this post?
Reply with only 'like' or 'scroll'.",like
028_incorrect_1000000,028,incorrect,1000000,"You are shown a social media post.
You can either press the Like button or scroll past it.
Do you press Like on this post?
Reply with only 'like' or 'scroll'.",like
029_incorrect_1000000,029,incorrect,1000000,"You are shown a social media post.
You can either press the Like button or scroll past it.
Do you press Like on this post?
Reply with only 'like' or 'scroll'.",like
030_incorrect_1000000,030,incorrect,1000000,"You are shown a social media post.
You can either press the Like button or scroll past it.
Do you press Like on this post?
Reply with only 'like' or 'scroll'.",like
031_incorrect_1000000,031,incorrect,1000000,"You are shown a social media post.
You can either press the Like button or scroll past it.
Do you press Like on this post?
Reply with only 'like' or 'scroll'.",like
032_incorrect_1000000,032,incorrect,1000000,"You are shown a social media post.
You can either press the Like button or scroll past it.
Do you press Like on this post?
Reply with only 'like' or 'scroll'.",like
033_incorrect_1000000,033,incorrect,1000000,"You are shown a social media post.
You can either press the Like button or scroll past it.
Do you press Like on this post?
Reply with only 'like' or 'scroll'.",like
034_incorrect_1000000,034,incorrect,1000000,"You are shown a social media post.
You can either press the Like button or scroll past it.
Do you press Like on this post?
Reply with only 'like' or 'scroll'.",like
035_incorrect_1000000,035,incorrect,1000000,"You are shown a social media post.
You can either press the Like button or scroll past it.
Do you press Like on this post?
Reply with only 'like' or 'scroll'.",like
036_incorrect_1000000,036,incorrect,1000000,"You are shown a social media post.
You can either press the Like button or scroll past it.
Do you press Like on this post?
Reply with only 'like' or 'scroll'.",like
037_incorrect_1000000,037,incorrect,1000000,"You are shown a social media post.
You can either press the Like button or scroll past it.
Do you press Like on this post?
Reply with only 'like' or 'scroll'.",like
038_incorrect_1000000,038,incorrect,1000000,"You are shown a social media post.
You can either press the Like button or scroll past it.
Do you press Like on this post?
Reply with only 'like' or 'scroll'.",like
039_incorrect_1000000,039,incorrect,1000000,"You are shown a social media post.
You can either press the Like button or scroll past it.
Do you press Like on this post?
Reply with only 'like' or 'scroll'.",like
040_incorrect_1000000,040,incorrect,1000000,"You are shown a social media post.
You can either press the Like button or scroll past it.
Do you press Like on this post?
Reply with only 'like' or 'scroll'.",like
041_incorrect_1000000,041,incorrect,1000000,"You are shown a social media post.
You can either press the Like button or scroll past it.
Do you press Like on this post?
Reply with only 'like' or 'scroll'.",like
042_incorrect_1000000,042,incorrect,1000000,"You are shown a social media post.
You can either press the Like button or scroll past it.
Do you press Like on this post?
Reply with only 'like' or 'scroll'.",like
043_incorrect_1000000,043,incorrect,1000000,"You are shown a social media post.
You can either press the Like button or scroll past it.
Do you press Like on this post?
Reply with only 'like' or 'scroll'.",like
044_incorrect_1000000,044,incorrect,1000000,"You are shown a social media post.
You can either press the Like button or scroll past it.
Do you press Like on this post?
Reply with only 'like' or 'scroll'.",like
045_incorrect_1000000,045,incorrect,1000000,"You are shown a social media post.
You can either press the Like button or scroll past it.
Do you press Like on this post?
Reply with only 'like' or 'scroll'.",like
046_incorrect_1000000,046,incorrect,1000000,"You are shown a social media post.
You can either press the Like button or scroll past it.
Do you press Like on this post?
Reply with only 'like' or 'scroll'.",like
047_incorrect_1000000,047,incorrect,1000000,"You are shown a social media post.
You can either press the Like button or scroll past it.
Do you press Like on this post?
Reply with only 'like' or 'scroll'.",like
048_incorrect_1000000,048,incorrect,1000000,"You are shown a social media post.
You can either press the Like button or scroll past it.
Do you press Like on this post?
Reply with only 'like' or 'scroll'.",like
049_incorrect_1000000,049,incorrect,1000000,"You are shown a social media post.
You can either press the Like button or scroll past it.
Do you press Like on this post?
Reply with only 'like' or 'scroll'.",like
050_incorrect_1000000,050,incorrect,1000000,"You are shown a social media post.
You can either press the Like button or scroll past it.
Do you press Like on this post?
Reply with only 'like' or 'scroll'.",like
051_incorrect_1000000,051,incorrect,1000000,"You are shown a social media post.
You can either press the Like button or scroll past it.
Do you press Like on this post?
Reply with only 'like' or 'scroll'.",like
052_incorrect_1000000,052,incorrect,1000000,"You are shown a social media post.
You can either press the Like button or scroll past it.
Do you press Like on this post?
Reply with only 'like' or 'scroll'.",like
053_incorrect_1000000,053,incorrect,1000000,"You are shown a social media post.
You can either press the Like button or scroll past it.
Do you press Like on this post?
Reply with only 'like' or 'scroll'.",like
054_incorrect_1000000,054,incorrect,1000000,"You are shown a social media post.
You can either press the Like button or scroll past it.
Do you press Like on this post?
Reply with only 'like' or 'scroll'.",like
055_incorrect_1000000,055,incorrect,1000000,"You are shown a social media post.
You can either press the Like button or scroll past it.
Do you press Like on this post?
Reply with only 'like' or 'scroll'.",like
056_incorrect_1000000,056,incorrect,1000000,"You are shown a social media post.
You can either press the Like button or scroll past it.
Do you press Like on this post?
Reply with only 'like' or 'scroll'.",like
057_incorrect_1000000,057,incorrect,1000000,"You are shown a social media post.
You can either press the Like button or scroll past it.
Do you press Like on this post?
Reply with only 'like' or 'scroll'.",like
058_incorrect_1000000,058,incorrect,1000000,"You are shown a social media post.
You can either press the Like button or scroll past it.
Do you press Like on this post?
Reply with only 'like' or 'scroll'.",like
059_incorrect_1000000,059,incorrect,1000000,"You are shown a social media post.
You can either press the Like button or scroll past it.
Do you press Like on this post?
Reply with only 'like' or 'scroll'.",like
060_incorrect_1000000,060,incorrect,1000000,"You are shown a social media post.
You can either press the Like button or scroll past it.
Do you press Like on this post?
Reply with only 'like' or 'scroll'.",like
061_incorrect_1000000,061,incorrect,1000000,"You are shown a social media post.
You can either press the Like button or scroll past it.
Do you press Like on this post?
Reply with only 'like' or 'scroll'.",like
062_incorrect_1000000,062,incorrect,1000000,"You are shown a social media post.
You can either press the Like button or scroll past it.
Do you press Like on this post?
Reply with only 'like' or 'scroll'.",like
063_incorrect_1000000,063,incorrect,1000000,"You are shown a social media post.
You can either press the Like button or scroll past it.
Do you press Like on this post?
Reply with only 'like' or 'scroll'.",like
064_incorrect_1000000,064,incorrect,1000000,"You are shown a social media post.
You can either press the Like button or scroll past it.
Do you press Like on this post?
Reply with only 'like' or 'scroll'.",like
065_incorrect_1000000,065,incorrect,1000000,"You are shown a social media post.
You can either press the Like button or scroll past it.
Do you press Like on this post?
Reply with only 'like' or 'scroll'.",like
066_incorrect_1000000,066,incorrect,1000000,"You are shown a social media post.
You can either press the Like button or scroll past it.
Do you press Like on this post?
Reply with only 'like' or 'scroll'.",like
067_incorrect_1000000,067,incorrect,1000000,"You are shown a social media post.
You can either press the Like button or scroll past it.
Do you press Like on this post?
Reply with only 'like' or 'scroll'.",like
068_incorrect_1000000,068,incorrect,1000000,"You are shown a social media post.
You can either press the Like button or scroll past it.
Do you press Like on this post?
Reply with only 'like' or 'scroll'.",like
069_incorrect_1000000,069,incorrect,1000000,"You are shown a social media post.
You can either press the Like button or scroll past it.
Do you press Like on this post?
Reply with only 'like' or 'scroll'.",like
070_incorrect_1000000,070,incorrect,1000000,"You are shown a social media post.
You can either press the Like button or scroll past it.
Do you press Like on this post?
Reply with only 'like' or 'scroll'.",like
071_incorrect_1000000,071,incorrect,1000000,"You are shown a social media post.
You can either press the Like button or scroll past it.
Do you press Like on this post?
Reply with only 'like' or 'scroll'.",like
072_incorrect_1000000,072,incorrect,1000000,"You are shown a social media post.
You can either press the Like button or scroll past it.
Do you press Like on this post?
Reply with only 'like' or 'scroll'.",like
073_incorrect_1000000,073,incorrect,1000000,"You are shown a social media post.
You can either press the Like button or scroll past it.
Do you press Like on this post?
Reply with only 'like' or 'scroll'.",like
074_incorrect_1000000,074,incorrect,1000000,"You are shown a social media post.
You can either press the Like button or scroll past it.
Do you press Like on this post?
Reply with only 'like' or 'scroll'.",like
075_incorrect_1000000,075,incorrect,1000000,"You are shown a social media post.
You can either press the Like button or scroll past it.
Do you press Like on this post?
Reply with only 'like' or 'scroll'.",like
076_incorrect_1000000,076,incorrect,1000000,"You are shown a social media post.
You can either press the Like button or scroll past it.
Do you press Like on this post?
Reply with only 'like' or 'scroll'.",like
077_incorrect_1000000,077,incorrect,1000000,"You are shown a social media post.
You can either press the Like button or scroll past it.
Do you press Like on this post?
Reply with only 'like' or 'scroll'.",like
078_incorrect_1000000,078,incorrect,1000000,"You are shown a social media post.
You can either press the Like button or scroll past it.
Do you press Like on this post?
Reply with only 'like' or 'scroll'.",like
079_incorrect_1000000,079,incorrect,1000000,"You are shown a social media post.
You can either press the Like button or scroll past it.
Do you press Like on this post?
Reply with only 'like' or 'scroll'.",like
080_incorrect_1000000,080,incorrect,1000000,"You are shown a social media post.
You can either press the Like button or scroll past it.
Do you press Like on this post?
Reply with only 'like' or 'scroll'.",like
081_incorrect_1000000,081,incorrect,1000000,"You are shown a social media post.
You can either press the Like button or scroll past it.
Do you press Like on this post?
Reply with only 'like' or 'scroll'.",like
082_incorrect_1000000,082,incorrect,1000000,"You are shown a social media post.
You can either press the Like button or scroll past it.
Do you press Like on this post?
Reply with only 'like' or 'scroll'.",like
083_incorrect_1000000,083,incorrect,1000000,"You are shown a social media post.
You can either press the Like button or scroll past it.
Do you press Like on this post?
Reply with only 'like' or 'scroll'.",like
084_incorrect_1000000,084,incorrect,1000000,"You are shown a social media post.
You can either press the Like button or scroll past it.
Do you press Like on this post?
Reply with only 'like' or 'scroll'.",like
085_incorrect_1000000,085,incorrect,1000000,"You are shown a social media post.
You can either press the Like button or scroll past it.
Do you press Like on this post?
Reply with only 'like' or 'scroll'.",like
086_incorrect_1000000,086,incorrect,1000000,"You are shown a social media post.
You can either press the Like button or scroll past it.
Do you press Like on this post?
Reply with only 'like' or 'scroll'.",like
087_incorrect_1000000,087,incorrect,1000000,"You are shown a social media post.
You can either press the Like button or scroll past it.
Do you press Like on this post?
Reply with only 'like' or 'scroll'.",like
088_incorrect_1000000,088,incorrect,1000000,"You are shown a social media post.
You can either press the Like button or scroll past it.
Do you press Like on this post?
Reply with only 'like' or 'scroll'.",like
089_incorrect_1000000,089,incorrect,1000000,"You are shown a social media post.
You can either press the Like button or scroll past it.
Do you press Like on this post?
Reply with only 'like' or 'scroll'.",like
090_incorrect_1000000,090,incorrect,1000000,"You are shown a social media post.
You can either press the Like button or scroll past it.
Do you press Like on this post?
Reply with only 'like' or 'scroll'.",like
091_incorrect_1000000,091,incorrect,1000000,"You are shown a social media post.
You can either press the Like button or scroll past it.
Do you press Like on this post?
Reply with only 'like' or 'scroll'.",like
092_incorrect_1000000,092,incorrect,1000000,"You are shown a social media post.
You can either press the Like button or scroll past it.
Do you press Like on this post?
Reply with only 'like' or 'scroll'.",like
093_incorrect_1000000,093,incorrect,1000000,"You are shown a social media post.
You can either press the Like button or scroll past it.
Do you press Like on this post?
Reply with only 'like' or 'scroll'.",like
094_incorrect_1000000,094,incorrect,1000000,"You are shown a social media post.
You can either press the Like button or scroll past it.
Do you press Like on this post?
Reply with only 'like' or 'scroll'.",like
095_incorrect_1000000,095,incorrect,1000000,"You are shown a social media post.
You can either press the Like button or scroll past it.
Do you press Like on this post?
Reply with only 'like' or 'scroll'.",like
096_incorrect_1000000,096,incorrect,1000000,"You are shown a social media post.
You can either press the Like button or scroll past it.
Do you press Like on this post?
Reply with only 'like' or 'scroll'.",like
097_incorrect_1000000,097,incorrect,1000000,"You are shown a social media post.
You can either press the Like button or scroll past it.
Do you press Like on this post?
Reply with only 'like' or 'scroll'.",like
098_incorrect_1000000,098,incorrect,1000000,"You are shown a social media post.
You can either press the Like button or scroll past it.
Do you press Like on this post?
Reply with only 'like' or 'scroll'.",like
099_incorrect_1000000,099,incorrect,1000000,"You are shown a social media post.
You can either press the Like button or scroll past it.
Do you press Like on this post?
Reply with only 'like' or 'scroll'.",like
100_incorrect_1000000,100,incorrect,1000000,"You are shown a social media post.
You can either press the Like button or scroll past it.
Do you press Like on this post?
Reply with only 'like' or 'scroll'.",like
