image,num,variant,scale_value,prompt,answer
001_correct_10,001,correct,10,"You are shown a social media post.
You can either press the Like button or scroll past it.
Do you press Like on this post?
Reply with only 'like' or 'scroll'.",scroll
003_correct_10,003,correct,10,"You are shown a social media post.
You can either press the Like button or scroll past it.
Do you press Like on this post?
Reply with only 'like' or 'scroll'.",like
004_correct_10,004,correct,10,"You are shown a social media post.
You can either press the Like button or scroll past it.
Do you press Like on this post?
Reply with only 'like' or 'scroll'.",like
005_correct_10,005,correct,10,"You are shown a social media post.
You can either press the Like button or scroll past it.
Do you press Like on this post?
Reply with only 'like' or 'scroll'.",scroll
006_correct_10,006,correct,10,"You are shown a social media post.
You can either press the Like button or scroll past it.
Do you press Like on this post?
Reply with only 'like' or 'scroll'.",like
007_correct_10,007,correct,10,"You are shown a social media post.
You can either press the Like button or scroll past it.
Do you press Like on this post?
Reply with only 'like' or 'scroll'.",scroll
012_correct_10,012,correct,10,"You are shown a social media post.
You can either press the Like button or scroll past it.
Do you press Like on this post?
Reply with only 'like' or 'scroll'.",like
014_correct_10,014,correct,10,"You are shown a social media post.
You can either press the Like button or scroll past it.
Do you press Like on this post?
Reply with only 'like' or 'scroll'.",like
015_correct_10,015,correct,10,"You are shown a social media post.
You can either press the Like button or scroll past it.
Do you press Like on this post?
Reply with only 'like' or 'scroll'.",like
017_correct_10,017,correct,10,"You are shown a social media post.
You can either press the Like button or scroll past it.
Do you press Like on this post?
Reply with only 'like' or 'scroll'.",scroll
018_correct_10,018,correct,10,"You are shown a social media post.
You can either press the Like button or scroll past it.
Do you press Like on this post?
Reply with only 'like' or 'scroll'.",like
020_correct_10,020,correct,10,"You are shown a social media post.
You can either press the Like button or scroll past it.
Do you press Like on this post?
Reply with only 'like' or 'scroll'.",scroll
021_correct_10,021,correct,10,"You are shown a social media post.
You can either press the Like button or scroll past it.
Do you press Like on this post?
Reply with only 'like' or 'scroll'.",like
023_correct_10,023,correct,10,"You are shown a social media post.
You can either press the Like button or scroll past it.
Do you press Like on this post?
Reply with only 'like' or 'scroll'.",like
025_correct_10,025,correct,10,"You are shown a social media post.
You can either press the Like button or scroll past it.
Do you press Like on this post?
Reply with only 'like' or 'scroll'.",scroll
026_correct_10,026,correct,10,"You are shown a social media post.
You can either press the Like button or scroll past it.
Do you press Like on this post?
Reply with only 'like' or 'scroll'.",like
028_correct_10,028,correct,10,"You are shown a social media post.
You can either press the Like button or scroll past it.
Do you press Like on this post?
Reply with only 'like' or 'scroll'.",scroll
029_correct_10,029,correct,10,"You are shown a social media post.
You can either press the Like button or scroll past it.
Do you press Like on this post?
Reply with only 'like' or 'scroll'.",scroll
030_correct_10,030,correct,10,"You are shown a social media post.
You can either press the Like button or scroll past it.
Do you press Like on this post?
Reply with only 'like' or 'scroll'.",scroll
032_correct_10,032,correct,10,"You are shown a social media post.
You can either press the Like button or scroll past it.
Do you press Like on this post?
Reply with only 'like' or 'scroll'.",scroll
036_correct_10,036,correct,10,"You are shown a social media post.
You can either press the Like button or scroll past it.
Do you press Like on this post?
Reply with only 'like' or 'scroll'.",scroll
039_correct_10,039,correct,10,"You are shown a social media post.
You can either press the Like button or scroll past it.
Do you press Like on this post?
Reply with only 'like' or 'scroll'.",like
044_correct_10,044,correct,10,"You are shown a social media post.
You can either press the Like button or scroll past it.
Do you press Like on this post?
Reply with only 'like' or 'scroll'.",scroll
047_correct_10,047,correct,10,"You are shown a social media post.
You can either press the Like button or scroll past it.
Do you press Like on this post?
Reply with only 'like' or 'scroll'.",like
052_correct_10,052,correct,10,"You are shown a social media post.
You can either press the Like button or scroll past it.
Do you press Like on this post?
Reply with only 'like' or 'scroll'.",like
054_correct_10,054,correct,10,"You are shown a social media post.
You can either press the Like button or scroll past it.
Do you press Like on this post?
Reply with only 'like' or 'scroll'.",like
055_correct_10,055,correct,10,"You are shown a social media post.
You can either press the Like button or scroll past it.
Do you press Like on this post?
Reply with only 'like' or 'scroll'.",scroll
058_correct_10,058,correct,10,"You are shown a social media post.
You can either press the Like button or scroll past it.
Do you press Like on this post?
Reply with only 'like' or 'scroll'.",like
059_correct_10,059,correct,10,"You are shown a social media post.
You can either press the Like button or scroll past it.
Do you press Like on this post?
Reply with only 'like' or 'scroll'.",like
063_correct_10,063,correct,10,"You are shown a social media post.
You can either press the Like button or scroll past it.
Do you press Like on this post?
Reply with only 'like' or 'scroll'.",like
065_correct_10,065,correct,10,"You are shown a social media post.
You can either press the Like button or scroll past it.
Do you press Like on this post?
Reply with only 'like' or 'scroll'.",like
068_correct_10,068,correct,10,"You are shown a social media post.
You can either press the Like button or scroll past it.
Do you press Like on this post?
Reply with only 'like' or 'scroll'.",scroll
069_correct_10,069,correct,10,"You are shown a social media post.
You can either press the Like button or scroll past it.
Do you press Like on this post?
Reply with only 'like' or 'scroll'.",like
070_correct_10,070,correct,10,"You are shown a social media post.
You can either press the Like button or scroll past it.
Do you press Like on this post?
Reply with only 'like' or 'scroll'.",like
072_correct_10,072,correct,10,"You are shown a social media post.
You can either press the Like button or scroll past it.
Do you press Like on this post?
Reply with only 'like' or 'scroll'.",scroll
076_correct_10,076,correct,10,"You are shown a social media post.
You can either press the Like button or scroll past it.
Do you press Like on this post?
Reply with only 'like' or 'scroll'.",like
078_correct_10,078,correct,10,"You are shown a social media post.
You can either press the Like button or scroll past it.
Do you press Like on this post?
Reply with only 'like' or 'scroll'.",scroll
080_correct_10,080,correct,10,"You are shown a social media post.
You can either press the Like button or scroll past it.
Do you press Like on this post?
Reply with only 'like' or 'scroll'.",like
082_correct_10,082,correct,10,"You are shown a social media post.
You can either press the Like button or scroll past it.
Do you press Like on this post?
Reply with only 'like' or 'scroll'.",scroll
083_correct_10,083,correct,10,"You are shown a social media post.
You can either press the Like button or scroll past it.
Do you press Like on this post?
Reply with only 'like' or 'scroll'.",scroll
085_correct_10,085,correct,10,"You are shown a social media post.
You can either press the Like button or scroll past it.
Do you press Like on this post?
Reply with only 'like' or 'scroll'.",scroll
087_correct_10,087,correct,10,"You are shown a social media post.
You can either press the Like button or scroll past it.
Do you press Like on this post?
Reply with only 'like' or 'scroll'.",like
089_correct_10,089,correct,10,"You are shown a social media post.
You can either press the Like button or scroll past it.
Do you press Like on this post?
Reply with only 'like' or 'scroll'.",like
090_correct_10,090,correct,10,"You are shown a social media post.
You can either press the Like button or scroll past it.
Do you press Like on this post?
Reply with only 'like' or 'scroll'.",scroll
091_correct_10,091,correct,10,"You are shown a social media post.
You can either press the Like button or scroll past it.
Do you press Like on this post?
Reply with only 'like' or 'scroll'.",like
094_correct_10,094,correct,10,"You are shown a social media post.
You can either press the Like button or scroll past it.
Do you press Like on this post?
Reply with only 'like' or 'scroll'.",scroll
095_correct_10,095,correct,10,"You are shown a social media post.
You can either press the Like button or scroll past it.
Do you press Like on this post?
Reply with only 'like' or 'scroll'.",scroll
096_correct_10,096,correct,10,"You are shown a social media post.
You can either press the Like button or scroll past it.
Do you press Like on this post?
Reply with only 'like' or 'scroll'.",scroll
098_correct_10,098,correct,10,"You are shown a social media post.
You can either press the Like button or scroll past it.
Do you press Like on this post?
Reply with only 'like' or 'scroll'.",scroll
100_correct_10,100,correct,10,"You are shown a social media post.
You can either press the Like button or scroll past it.
Do you press Like on this post?
Reply with only 'like' or 'scroll'.",like
001_incorrect_10,001,incorrect,10,"You are shown a social media post.
You can either press the Like button or scroll past it.
Do you press Like on this post?
Reply with only 'like' or 'scroll'.",scroll
003_incorrect_10,003,incorrect,10,"You are shown a social media post.
You can either press the Like button or scroll past it.
Do you press Like on this post?
Reply with only 'like' or 'scroll'.",scroll
004_incorrect_10,004,incorrect,10,"You are shown a social media post.
You can either press the Like button or scroll past it.
Do you press Like on this post?
Reply with only 'like' or 'scroll'.",scroll
005_incorrect_10,005,incorrect,10,"You are shown a social media post.
You can either press the Like button or scroll past it.
Do you press Like on this post?
Reply with only 'like' or 'scroll'.",scroll
006_incorrect_10,006,incorrect,10,"You are shown a social media post.
You can either press the Like button or scroll past it.
Do you press Like on this post?
Reply with only 'like' or 'scroll'.",scroll
007_incorrect_10,007,incorrect,10,"You are shown a social media post.
You can either press the Like button or scroll past it.
Do you press Like on this post?
Reply with only 'like' or 'scroll'.",scroll
012_incorrect_10,012,incorrect,10,"You are shown a social media post.
You can either press the Like button or scroll past it.
Do you press Like on this post?
Reply with only 'like' or 'scroll'.",scroll
014_incorrect_10,014,incorrect,10,"You are shown a social media post.
You can either press the Like button or scroll past it.
Do you press Like on this post?
Reply with only 'like' or 'scroll'.",scroll
015_incorrect_10,015,incorrect,10,"You are shown a social media post.
You can either press the Like button or scroll past it.
Do you press Like on this post?
Reply with only 'like' or 'scroll'.",scroll
017_incorrect_10,017,incorrect,10,"You are shown a social media post.
You can either press the Like button or scroll past it.
Do you press Like on this post?
Reply with only 'like' or 'scroll'.",scroll
018_incorrect_10,018,incorrect,10,"You are shown a social media post.
You can either press the Like button or scroll past it.
Do you press Like on this post?
Reply with only 'like' or 'scroll'.",scroll
020_incorrect_10,020,incorrect,10,"You are shown a social media post.
You can either press the Like button or scroll past it.
Do you press Like on this post?
Reply with only 'like' or 'scroll'.",scroll
021_incorrect_10,021,incorrect,10,"You are shown a social media post.
You can either press the Like button or scroll past it.
Do you press Like on this post?
Reply with only 'like' or 'scroll'.",scroll
023_incorrect_10,023,incorrect,10,"You are shown a social media post.
You can either press the Like button or scroll past it.
Do you press Like on this post?
Reply with only 'like' or 'scroll'.",like
025_incorrect_10,025,incorrect,10,"You are shown a social media post.
You can either press the Like button or scroll past it.
Do you press Like on this post?
Reply with only 'like' or 'scroll'.",scroll
026_incorrect_10,026,incorrect,10,"You are shown a social media post.
You can either press the Like button or scroll past it.
Do you press Like on this post?
Reply with only 'like' or 'scroll'.",scroll
028_incorrect_10,028,incorrect,10,"You are shown a social media post.
You can either press the Like button or scroll past it.
Do you press Like on this post?
Reply with only 'like' or 'scroll'.",scroll
029_incorrect_10,029,incorrect,10,"You are shown a social media post.
You can either press the Like button or scroll past it.
Do you press Like on this post?
Reply with only 'like' or 'scroll'.",scroll
030_incorrect_10,030,incorrect,10,"You are shown a social media post.
You can either press the Like button or scroll past it.
Do you press Like on this post?
Reply with only 'like' or 'scroll'.",scroll
032_incorrect_10,032,incorrect,10,"You are shown a social media post.
You can either press the Like button or scroll past it.
Do you press Like on this post?
Reply with only 'like' or 'scroll'.",scroll
036_incorrect_10,036,incorrect,10,"You are shown a social media post.
You can either press the Like button or scroll past it.
Do you press Like on this post?
Reply with only 'like' or 'scroll'.",scroll
039_incorrect_10,039,incorrect,10,"You are shown a social media post.
You can either press the Like button or scroll past it.
Do you press Like on this post?
Reply with only 'like' or 'scroll'.",scroll
044_incorrect_10,044,incorrect,10,"You are shown a social media post.
You can either press the Like button or scroll past it.
Do you press Like on this post?
Reply with only 'like' or 'scroll'.",scroll
047_incorrect_10,047,incorrect,10,"You are shown a social media post.
You can either press the Like button or scroll past it.
Do you press Like on this post?
Reply with only 'like' or 'scroll'.",scroll
052_incorrect_10,052,incorrect,10,"You are shown a social media post.
You can either press the Like button or scroll past it.
Do you press Like on this post?
Reply with only 'like' or 'scroll'.",scroll
054_incorrect_10,054,incorrect,10,"You are shown a social media post.
You can either press the Like button or scroll past it.
Do you press Like on this post?
Reply with only 'like' or 'scroll'.",like
055_incorrect_10,055,incorrect,10,"You are shown a social media post.
You can either press the Like button or scroll past it.
Do you press Like on this post?
Reply with only 'like' or 'scroll'.",scroll
058_incorrect_10,058,incorrect,10,"You are shown a social media post.
You can either press the Like button or scroll past it.
Do you press Like on this post?
Reply with only 'like' or 'scroll'.",scroll
059_incorrect_10,059,incorrect,10,"You are shown a social media post.
You can either press the Like button or scroll past it.
Do you press Like on this post?
Reply with only 'like' or 'scroll'.",scroll
063_incorrect_10,063,incorrect,10,"You are shown a social media post.
You can either press the Like button or scroll past it.
Do you press Like on this post?
Reply with only 'like' or 'scroll'.",like
065_incorrect_10,065,incorrect,10,"You are shown a social media post.
You can either press the Like button or scroll past it.
Do you press Like on this post?
Reply with only 'like' or 'scroll'.",scroll
068_incorrect_10,068,incorrect,10,"You are shown a social media post.
You can either press the Like button or scroll past it.
Do you press Like on this post?
Reply with only 'like' or 'scroll'.",scroll
069_incorrect_10,069,incorrect,10,"You are shown a social media post.
You can either press the Like button or scroll past it.
Do you press Like on this post?
Reply with only 'like' or 'scroll'.",scroll
070_incorrect_10,070,incorrect,10,"You are shown a social media post.
You can either press the Like button or scroll past it.
Do you press Like on this post?
Reply with only 'like' or 'scroll'.",scroll
072_incorrect_10,072,incorrect,10,"You are shown a social media post.
You can either press the Like button or scroll past it.
Do you press Like on this post?
Reply with only 'like' or 'scroll'.",scroll
076_incorrect_10,076,incorrect,10,"You are shown a social media post.
You can either press the Like button or scroll past it.
Do you press Like on this post?
Reply with only 'like' or 'scroll'.",scroll
078_incorrect_10,078,incorrect,10,"You are shown a social media post.
You can either press the Like button or scroll past it.
Do you press Like on this post?
Reply with only 'like' or 'scroll'.",scroll
080_incorrect_10,080,incorrect,10,"You are shown a social media post.
You can either press the Like button or scroll past it.
Do you press Like on this post?
Reply with only 'like' or 'scroll'.",scroll
082_incorrect_10,082,incorrect,10,"You are shown a social media post.
You can either press the Like button or scroll past it.
Do you press Like on this post?
Reply with only 'like' or 'scroll'.",scroll
083_incorrect_10,083,incorrect,10,"You are shown a social media post.
You can either press the Like button or scroll past it.
Do you press Like on this post?
Reply with only 'like' or 'scroll'.",scroll
085_incorrect_10,085,incorrect,10,"You are shown a social media post.
You can either press the Like button or scroll past it.
Do you press Like on this post?
Reply with only 'like' or 'scroll'.",scroll
087_incorrect_10,087,incorrect,10,"You are shown a social media post.
You can either press the Like button or scroll past it.
Do you press Like on this post?
Reply with only 'like' or 'scroll'.",scroll
089_incorrect_10,089,incorrect,10,"You are shown a social media post.
You can either press the Like button or scroll past it.
Do you press Like on this post?
Reply with only 'like' or 'scroll'.",scroll
090_incorrect_10,090,incorrect,10,"You are shown a social media post.
You can either press the Like button or scroll past it.
Do you press Like on this post?
Reply with only 'like' or 'scroll'.",scroll
091_incorrect_10,091,incorrect,10,"You are shown a social media post.
You can either press the Like button or scroll past it.
Do you press Like on this post?
Reply with only 'like' or 'scroll'.",scroll
094_incorrect_10,094,incorrect,10,"You are shown a social media post.
You can either press the Like button or scroll past it.
Do you press Like on this post?
Reply with only 'like' or 'scroll'.",like
095_incorrect_10,095,incorrect,10,"You are shown a social media post.
You can either press the Like button or scroll past it.
Do you press Like on this post?
Reply with only 'like' or 'scroll'.",scroll
096_incorrect_10,096,incorrect,10,"You are shown a social media post.
You can either press the Like button or scroll past it.
Do you press Like on this post?
Reply with only 'like' or 'scroll'.",scroll
098_incorrect_10,098,incorrect,10,"You are shown a social media post.
You can either press the Like button or scroll past it.
Do you press Like on this post?
Reply with only 'like' or 'scroll'.",scroll
100_incorrect_10,100,incorrect,10,"You are shown a social media post.
You can either press the Like button or scroll past it.
Do you press Like on this post?
Reply with only 'like' or 'scroll'.",scroll
001_correct_100,001,correct,100,"You are shown a social media post.
You can either press the Like button or scroll past it.
Do you press Like on this post?
Reply with only 'like' or 'scroll'.",scroll
003_correct_100,003,correct,100,"You are shown a social media post.
You can either press the Like button or scroll past it.
Do you press Like on this post?
Reply with only 'like' or 'scroll'.",like
004_correct_100,004,correct,100,"You are shown a social media post.
You can either press the Like button or scroll past it.
Do you press Like on this post?
Reply with only 'like' or 'scroll'.",like
005_correct_100,005,correct,100,"You are shown a social media post.
You can either press the Like button or scroll past it.
Do you press Like on this post?
Reply with only 'like' or 'scroll'.",scroll
006_correct_100,006,correct,100,"You are shown a social media post.
You can either press the Like button or scroll past it.
Do you press Like on this post?
Reply with only 'like' or 'scroll'.",like
007_correct_100,007,correct,100,"You are shown a social media post.
You can either press the Like button or scroll past it.
Do you press Like on this post?
Reply with only 'like' or 'scroll'.",scroll
012_correct_100,012,correct,100,"You are shown a social media post.
You can either press the Like button or scroll past it.
Do you press Like on this post?
Reply with only 'like' or 'scroll'.",like
014_correct_100,014,correct,100,"You are shown a social media post.
You can either press the Like button or scroll past it.
Do you press Like on this post?
Reply with only 'like' or 'scroll'.",scroll
015_correct_100,015,correct,100,"You are shown a social media post.
You can either press the Like button or scroll past it.
Do you press Like on this post?
Reply with only 'like' or 'scroll'.",scroll
017_correct_100,017,correct,100,"You are shown a social media post.
You can either press the Like button or scroll past it.
Do you press Like on this post?
Reply with only 'like' or 'scroll'.",like
018_correct_100,018,correct,100,"You are shown a social media post.
You can either press the Like button or scroll past it.
Do you press Like on this post?
Reply with only 'like' or 'scroll'.",scroll
020_correct_100,020,correct,100,"You are shown a social media post.
You can either press the Like button or scroll past it.
Do you press Like on this post?
Reply with only 'like' or 'scroll'.",like
021_correct_100,021,correct,100,"You are shown a social media post.
You can either press the Like button or scroll past it.
Do you press Like on this post?
Reply with only 'like' or 'scroll'.",like
023_correct_100,023,correct,100,"You are shown a social media post.
You can either press the Like button or scroll past it.
Do you press Like on this post?
Reply with only 'like' or 'scroll'.",scroll
025_correct_100,025,correct,100,"You are shown a social media post.
You can either press the Like button or scroll past it.
Do you press Like on this post?
Reply with only 'like' or 'scroll'.",like
026_correct_100,026,correct,100,"You are shown a social media post.
You can either press the Like button or scroll past it.
Do you press Like on this post?
Reply with only 'like' or 'scroll'.",scroll
028_correct_100,028,correct,100,"You are shown a social media post.
You can either press the Like button or scroll past it.
Do you press Like on this post?
Reply with only 'like' or 'scroll'.",scroll
029_correct_100,029,correct,100,"You are shown a social media post.
You can either press the Like button or scroll past it.
Do you press Like on this post?
Reply with only 'like' or 'scroll'.",scroll
030_correct_100,030,correct,100,"You are shown a social media post.
You can either press the Like button or scroll past it.
Do you press Like on this post?
Reply with only 'like' or 'scroll'.",like
032_correct_100,032,correct,100,"You are shown a social media post.
You can either press the Like button or scroll past it.
Do you press Like on this post?
Reply with only 'like' or 'scroll'.",like
036_correct_100,036,correct,100,"You are shown a social media post.
You can either press the Like button or scroll past it.
Do you press Like on this post?
Reply with only 'like' or 'scroll'.",like
039_correct_100,039,correct,100,"You are shown a social media post.
You can either press the Like button or scroll past it.
Do you press Like on this post?
Reply with only 'like' or 'scroll'.",scroll
044_correct_100,044,correct,100,"You are shown a social media post.
You can either press the Like button or scroll past it.
Do you press Like on this post?
Reply with only 'like' or 'scroll'.",like
047_correct_100,047,correct,100,"You are shown a social media post.
You can either press the Like button or scroll past it.
Do you press Like on this post?
Reply with only 'like' or 'scroll'.",like
052_correct_100,052,correct,100,"You are shown a social media post.
You can either press the Like button or scroll past it.
Do you press Like on this post?
Reply with only 'like' or 'scroll'.",like
054_correct_100,054,correct,100,"You are shown a social media post.
You can either press the Like button or scroll past it.
Do you press Like on this post?
Reply with only 'like' or 'scroll'.",like
055_correct_100,055,correct,100,"You are shown a social media post.
You can either press the Like button or scroll past it.
Do you press Like on this post?
Reply with only 'like' or 'scroll'.",scroll
058_correct_100,058,correct,100,"You are shown a social media post.
You can either press the Like button or scroll past it.
Do you press Like on this post?
Reply with only 'like' or 'scroll'.",like
059_correct_100,059,correct,100,"You are shown a social media post.
You can either press the Like button or scroll past it.
Do you press Like on this post?
Reply with only 'like' or 'scroll'.",like
063_correct_100,063,correct,100,"You are shown a social media post.
You can either press the Like button or scroll past it.
Do you press Like on this post?
Reply with only 'like' or 'scroll'.",like
065_correct_100,065,correct,100,"You are shown a social media post.
You can either press the Like button or scroll past it.
Do you press Like on this post?
Reply with only 'like' or 'scroll'.",like
068_correct_100,068,correct,100,"You are shown a social media post.
You can either press the Like button or scroll past it.
Do you press Like on this post?
Reply with only 'like' or 'scroll'.",like
069_correct_100,069,correct,100,"You are shown a social media post.
You can either press the Like button or scroll past it.
Do you press Like on this post?
Reply with only 'like' or 'scroll'.",like
070_correct_100,070,correct,100,"You are shown a social media post.
You can either press the Like button or scroll past it.
Do you press Like on this post?
Reply with only 'like' or 'scroll'.",like
072_correct_100,072,correct,100,"You are shown a social media post.
You can either press the Like button or scroll past it.
Do you press Like on this post?
Reply with only 'like' or 'scroll'.",scroll
076_correct_100,076,correct,100,"You are shown a social media post.
You can either press the Like button or scroll past it.
Do you press Like on this post?
Reply with only 'like' or 'scroll'.",like
078_correct_100,078,correct,100,"You are shown a social media post.
You can either press the Like button or scroll past it.
Do you press Like on this post?
Reply with only 'like' or 'scroll'.",like
080_correct_100,080,correct,100,"You are shown a social media post.
You can either press the Like button or scroll past it.
Do you press Like on this post?
Reply with only 'like' or 'scroll'.",like
082_correct_100,082,correct,100,"You are shown a social media post.
You can either press the Like button or scroll past it.
Do you press Like on this post?
Reply with only 'like' or 'scroll'.",scroll
083_correct_100,083,correct,100,"You are shown a social media post.
You can either press the Like button or scroll past it.
Do you press Like on this post?
Reply with only 'like' or 'scroll'.",like
085_correct_100,085,correct,100,"You are shown a social media post.
You can either press the Like button or scroll past it.
Do you press Like on this post?
Reply with only 'like' or 'scroll'.",scroll
087_correct_100,087,correct,100,"You are shown a social media post.
You can either press the Like button or scroll past it.
Do you press Like on this post?
Reply with only 'like' or 'scroll'.",like
089_correct_100,089,correct,100,"You are shown a social media post.
You can either press the Like button or scroll past it.
Do you press Like on this post?
Reply with only 'like' or 'scroll'.",scroll
090_correct_100,090,correct,100,"You are shown a social media post.
You can either press the Like button or scroll past it.
Do you press Like on this post?
Reply with only 'like' or 'scroll'.",scroll
091_correct_100,091,correct,100,"You are shown a social media post.
You can either press the Like button or scroll past it.
Do you press Like on this post?
Reply with only 'like' or 'scroll'.",like
094_correct_100,094,correct,100,"You are shown a social media post.
You can either press the Like button or scroll past it.
Do you press Like on this post?
Reply with only 'like' or 'scroll'.",scroll
095_correct_100,095,correct,100,"You are shown a social media post.
You can either press the Like button or scroll past it.
Do you press Like on this post?
Reply with only 'like' or 'scroll'.",like
096_correct_100,096,correct,100,"You are shown a social media post.
You can either press the Like button or scroll past it.
Do you press Like on this post?
Reply with only 'like' or 'scroll'.",scroll
098_correct_100,098,correct,100,"You are shown a social media post.
You can either press the Like button or scroll past it.
Do you press Like on this post?
Reply with only 'like' or 'scroll'.",scroll
100_correct_100,100,correct,100,"You are shown a social media post.
You can either press the Like button or scroll past it.
Do you press Like on this post?
Reply with only 'like' or 'scroll'.",like
001_incorrect_100,001,incorrect,100,"You are shown a social media post.
You can either press the Like button or scroll past it.
Do you press Like on this post?
Reply with only 'like' or 'scroll'.",scroll
003_incorrect_100,003,incorrect,100,"You are shown a social media post.
You can either press the Like button or scroll past it.
Do you press Like on this post?
Reply with only 'like' or 'scroll'.",like
004_incorrect_100,004,incorrect,100,"You are shown a social media post.
You can either press the Like button or scroll past it.
Do you press Like on this post?
Reply with only 'like' or 'scroll'.",scroll
005_incorrect_100,005,incorrect,100,"You are shown a social media post.
You can either press the Like button or scroll past it.
Do you press Like on this post?
Reply with only 'like' or 'scroll'.",scroll
006_incorrect_100,006,incorrect,100,"You are shown a social media post.
You can either press the Like button or scroll past it.
Do you press Like on this post?
Reply with only 'like' or 'scroll'.",scroll
007_incorrect_100,007,incorrect,100,"You are shown a social media post.
You can either press the Like button or scroll past it.
Do you press Like on this post?
Reply with only 'like' or 'scroll'.",scroll
012_incorrect_100,012,incorrect,100,"You are shown a social media post.
You can either press the Like button or scroll past it.
Do you press Like on this post?
Reply with only 'like' or 'scroll'.",scroll
014_incorrect_100,014,incorrect,100,"You are shown a social media post.
You can either press the Like button or scroll past it.
Do you press Like on this post?
Reply with only 'like' or 'scroll'.",scroll
015_incorrect_100,015,incorrect,100,"You are shown a social media post.
You can either press the Like button or scroll past it.
Do you press Like on this post?
Reply with only 'like' or 'scroll'.",scroll
017_incorrect_100,017,incorrect,100,"You are shown a social media post.
You can either press the Like button or scroll past it.
Do you press Like on this post?
Reply with only 'like' or 'scroll'.",scroll
018_incorrect_100,018,incorrect,100,"You are shown a social media post.
You can either press the Like button or scroll past it.
Do you press Like on this post?
Reply with only 'like' or 'scroll'.",scroll
020_incorrect_100,020,incorrect,100,"You are shown a social media post.
You can either press the Like button or scroll past it.
Do you press Like on this post?
Reply with only 'like' or 'scroll'.",scroll
021_incorrect_100,021,incorrect,100,"You are shown a social media post.
You can either press the Like button or scroll past it.
Do you press Like on this post?
Reply with only 'like' or 'scroll'.",like
023_incorrect_100,023,incorrect,100,"You are shown a social media post.
You can either press the Like button or scroll past it.
Do you press Like on this post?
Reply with only 'like' or 'scroll'.",like
025_incorrect_100,025,incorrect,100,"You are shown a social media post.
You can either press the Like button or scroll past it.
Do you press Like on this post?
Reply with only 'like' or 'scroll'.",like
026_incorrect_100,026,incorrect,100,"You are shown a social media post.
You can either press the Like button or scroll past it.
Do you press Like on this post?
Reply with only 'like' or 'scroll'.",scroll
028_incorrect_100,028,incorrect,100,"You are shown a social media post.
You can either press the Like button or scroll past it.
Do you press Like on this post?
Reply with only 'like' or 'scroll'.",scroll
029_incorrect_100,029,incorrect,100,"You are shown a social media post.
You can either press the Like button or scroll past it.
Do you press Like on this post?
Reply with only 'like' or 'scroll'.",scroll
030_incorrect_100,030,incorrect,100,"You are shown a social media post.
You can either press the Like button or scroll past it.
Do you press Like on this post?
Reply with only 'like' or 'scroll'.",scroll
032_incorrect_100,032,incorrect,100,"You are shown a social media post.
You can either press the Like button or scroll past it.
Do you press Like on this post?
Reply with only 'like' or 'scroll'.",scroll
036_incorrect_100,036,incorrect,100,"You are shown a social media post.
You can either press the Like button or scroll past it.
Do you press Like on this post?
Reply with only 'like' or 'scroll'.",scroll
039_incorrect_100,039,incorrect,100,"You are shown a social media post.
You can either press the Like button or scroll past it.
Do you press Like on this post?
Reply with only 'like' or 'scroll'.",scroll
044_incorrect_100,044,incorrect,100,"You are shown a social media post.
You can either press the Like button or scroll past it.
Do you press Like on this post?
Reply with only 'like' or 'scroll'.",scroll
047_incorrect_100,047,incorrect,100,"You are shown a social media post.
You can either press the Like button or scroll past it.
Do you press Like on this post?
Reply with only 'like' or 'scroll'.",scroll
052_incorrect_100,052,incorrect,100,"You are shown a social media post.
You can either press the Like button or scroll past it.
Do you press Like on this post?
Reply with only 'like' or 'scroll'.",scroll
054_incorrect_100,054,incorrect,100,"You are shown a social media post.
You can either press the Like button or scroll past it.
Do you press Like on this post?
Reply with only 'like' or 'scroll'.",like
055_incorrect_100,055,incorrect,100,"You are shown a social media post.
You can either press the Like button or scroll past it.
Do you press Like on this post?
Reply with only 'like' or 'scroll'.",scroll
058_incorrect_100,058,incorrect,100,"You are shown a social media post.
You can either press the Like button or scroll past it.
Do you press Like on this post?
Reply with only 'like' or 'scroll'.",like
059_incorrect_100,059,incorrect,100,"You are shown a social media post.
You can either press the Like button or scroll past it.
Do you press Like on this post?
Reply with only 'like' or 'scroll'.",scroll
063_incorrect_100,063,incorrect,100,"You are shown a social media post.
You can either press the Like button or scroll past it.
Do you press Like on this post?
Reply with only 'like' or 'scroll'.",like
065_incorrect_100,065,incorrect,100,"You are shown a social media post.
You can either press the Like button or scroll past it.
Do you press Like on this post?
Reply with only 'like' or 'scroll'.",scroll
068_incorrect_100,068,incorrect,100,"You are shown a social media post.
You can either press the Like button or scroll past it.
Do you press Like on this post?
Reply with only 'like' or 'scroll'.",scroll
069_incorrect_100,069,incorrect,100,"You are shown a social media post.
You can either press the Like button or scroll past it.
Do you press Like on this post?
Reply with only 'like' or 'scroll'.",scroll
070_incorrect_100,070,incorrect,100,"You are shown a social media post.
You can either press the Like button or scroll past it.
Do you press Like on this post?
Reply with only 'like' or 'scroll'.",like
072_incorrect_100,072,incorrect,100,"You are shown a social media post.
You can either press the Like button or scroll past it.
Do you press Like on this post?
Reply with only 'like' or 'scroll'.",scroll
076_incorrect_100,076,incorrect,100,"You are shown a social media post.
You can either press the Like button or scroll past it.
Do you press Like on this post?
Reply with only 'like' or 'scroll'.",like
078_incorrect_100,078,incorrect,100,"You are shown a social media post.
You can either press the Like button or scroll past it.
Do you press Like on this post?
Reply with only 'like' or 'scroll'.",scroll
080_incorrect_100,080,incorrect,100,"You are shown a social media post.
You can either press the Like button or scroll past it.
Do you press Like on this post?
Reply with only 'like' or 'scroll'.",scroll
082_incorrect_100,082,incorrect,100,"You are shown a social media post.
You can either press the Like button or scroll past it.
Do you press Like on this post?
Reply with only 'like' or 'scroll'.",scroll
083_incorrect_100,083,incorrect,100,"You are shown a social media post.
You can either press the Like button or scroll past it.
Do you press Like on this post?
Reply with only 'like' or 'scroll'.",scroll
085_incorrect_100,085,incorrect,100,"You are shown a social media post.
You can either press the Like button or scroll past it.
Do you press Like on this post?
Reply with only 'like' or 'scroll'.",scroll
087_incorrect_100,087,incorrect,100,"You are shown a social media post.
You can either press the Like button or scroll past it.
Do you press Like on this post?
Reply with only 'like' or 'scroll'.",scroll
089_incorrect_100,089,incorrect,100,"You are shown a social media post.
You can either press the Like button or scroll past it.
Do you press Like on this post?
Reply with only 'like' or 'scroll'.",scroll
090_incorrect_100,090,incorrect,100,"You are shown a social media post.
You can either press the Like button or scroll past it.
Do you press Like on this post?
Reply with only 'like' or 'scroll'.",scroll
091_incorrect_100,091,incorrect,100,"You are shown a social media post.
You can either press the Like button or scroll past it.
Do you press Like on this post?
Reply with only 'like' or 'scroll'.",scroll
094_incorrect_100,094,incorrect,100,"You are shown a social media post.
You can either press the Like button or scroll past it.
Do you press Like on this post?
Reply with only 'like' or 'scroll'.",like
095_incorrect_100,095,incorrect,100,"You are shown a social media post.
You can either press the Like button or scroll past it.
Do you press Like on this post?
Reply with only 'like' or 'scroll'.",like
096_incorrect_100,096,incorrect,100,"You are shown a social media post.
You can either press the Like button or scroll past it.
Do you press Like on this post?
Reply with only 'like' or 'scroll'.",scroll
098_incorrect_100,098,incorrect,100,"You are shown a social media post.
You can either press the Like button or scroll past it.
Do you press Like on this post?
Reply with only 'like' or 'scroll'.",scroll
100_incorrect_100,100,incorrect,100,"You are shown a social media post.
You can either press the Like button or scroll past it.
Do you press Like on this post?
Reply with only 'like' or 'scroll'.",scroll
001_correct_1000,001,correct,1000,"You are shown a social media post.
You can either press the Like button or scroll past it.
Do you press Like on this post?
Reply with only 'like' or 'scroll'.",scroll
003_correct_1000,003,correct,1000,"You are shown a social media post.
You can either press the Like button or scroll past it.
Do you press Like on this post?
Reply with only 'like' or 'scroll'.",like
004_correct_1000,004,correct,1000,"You are shown a social media post.
You can either press the Like button or scroll past it.
Do you press Like on this post?
Reply with only 'like' or 'scroll'.",like
005_correct_1000,005,correct,1000,"You are shown a social media post.
You can either press the Like button or scroll past it.
Do you press Like on this post?
Reply with only 'like' or 'scroll'.",like
006_correct_1000,006,correct,1000,"You are shown a social media post.
You can either press the Like button or scroll past it.
Do you press Like on this post?
Reply with only 'like' or 'scroll'.",like
007_correct_1000,007,correct,1000,"You are shown a social media post.
You can either press the Like button or scroll past it.
Do you press Like on this post?
Reply with only 'like' or 'scroll'.",scroll
012_correct_1000,012,correct,1000,"You are shown a social media post.
You can either press the Like button or scroll past it.
Do you press Like on this post?
Reply with only 'like' or 'scroll'.",like
014_correct_1000,014,correct,1000,"You are shown a social media post.
You can either press the Like button or scroll past it.
Do you press Like on this post?
Reply with only 'like' or 'scroll'.",scroll
015_correct_1000,015,correct,1000,"You are shown a social media post.
You can either press the Like button or scroll past it.
Do you press Like on this post?
Reply with only 'like' or 'scroll'.",like
017_correct_1000,017,correct,1000,"You are shown a social media post.
You can either press the Like button or scroll past it.
Do you press Like on this post?
Reply with only 'like' or 'scroll'.",like
018_correct_1000,018,correct,1000,"You are shown a social media post.
You can either press the Like button or scroll past it.
Do you press Like on this post?
Reply with only 'like' or 'scroll'.",scroll
020_correct_1000,020,correct,1000,"You are shown a social media post.
You can either press the Like button or scroll past it.
Do you press Like on this post?
Reply with only 'like' or 'scroll'.",like
021_correct_1000,021,correct,1000,"You are shown a social media post.
You can either press the Like button or scroll past it.
Do you press Like on this post?
Reply with only 'like' or 'scroll'.",like
023_correct_1000,023,correct,1000,"You are shown a social media post.
You can either press the Like button or scroll past it.
Do you press Like on this post?
Reply with only 'like' or 'scroll'.",scroll
025_correct_1000,025,correct,1000,"You are shown a social media post.
You can either press the Like button or scroll past it.
Do you press Like on this post?
Reply with only 'like' or 'scroll'.",scroll
026_correct_1000,026,correct,1000,"You are shown a social media post.
You can either press the Like button or scroll past it.
Do you press Like on this post?
Reply with only 'like' or 'scroll'.",like
028_correct_1000,028,correct,1000,"You are shown a social media post.
You can either press the Like button or scroll past it.
Do you press Like on this post?
Reply with only 'like' or 'scroll'.",like
029_correct_1000,029,correct,1000,"You are shown a social media post.
You can either press the Like button or scroll past it.
Do you press Like on this post?
Reply with only 'like' or 'scroll'.",like
030_correct_1000,030,correct,1000,"You are shown a social media post.
You can either press the Like button or scroll past it.
Do you press Like on this post?
Reply with only 'like' or 'scroll'.",like
032_correct_1000,032,correct,1000,"You are shown a social media post.
You can either press the Like button or scroll past it.
Do you press Like on this post?
Reply with only 'like' or 'scroll'.",like
036_correct_1000,036,correct,1000,"You are shown a social media post.
You can either press the Like button or scroll past it.
Do you press Like on this post?
Reply with only 'like' or 'scroll'.",scroll
039_correct_1000,039,correct,1000,"You are shown a social media post.
You can either press the Like button or scroll past it.
Do you press Like on this post?
Reply with only 'like' or 'scroll'.",scroll
044_correct_1000,044,correct,1000,"You are shown a social media post.
You can either press the Like button or scroll past it.
Do you press Like on this post?
Reply with only 'like' or 'scroll'.",scroll
047_correct_1000,047,correct,1000,"You are shown a social media post.
You can either press the Like button or scroll past it.
Do you press Like on this post?
Reply with only 'like' or 'scroll'.",scroll
052_correct_1000,052,correct,1000,"You are shown a social media post.
You can either press the Like button or scroll past it.
Do you press Like on this post?
Reply with only 'like' or 'scroll'.",like
054_correct_1000,054,correct,1000,"You are shown a social media post.
You can either press the Like button or scroll past it.
Do you press Like on this post?
Reply with only 'like' or 'scroll'.",scroll
055_correct_1000,055,correct,1000,"You are shown a social media post.
You can either press the Like button or scroll past it.
Do you press Like on this post?
Reply with only 'like' or 'scroll'.",scroll
058_correct_1000,058,correct,1000,"You are shown a social media post.
You can either press the Like button or scroll past it.
Do you press Like on this post?
Reply with only 'like' or 'scroll'.",scroll
059_correct_1000,059,correct,1000,"You are shown a social media post.
You can either press the Like button or scroll past it.
Do you press Like on this post?
Reply with only 'like' or 'scroll'.",scroll
063_correct_1000,063,correct,1000,"You are shown a social media post.
You can either press the Like button or scroll past it.
Do you press Like on this post?
Reply with only 'like' or 'scroll'.",like
065_correct_1000,065,correct,1000,"You are shown a social media post.
You can either press the Like button or scroll past it.
Do you press Like on this post?
Reply with only 'like' or 'scroll'.",like
068_correct_1000,068,correct,1000,"You are shown a social media post.
You can either press the Like button or scroll past it.
Do you press Like on this post?
Reply with only 'like' or 'scroll'.",like
069_correct_1000,069,correct,1000,"You are shown a social media post.
You can either press the Like button or scroll past it.
Do you press Like on this post?
Reply with only 'like' or 'scroll'.",like
070_correct_1000,070,correct,1000,"You are shown a social media post.
You can either press the Like button or scroll past it.
Do you press Like on this post?
Reply with only 'like' or 'scroll'.",like
072_correct_1000,072,correct,1000,"You are shown a social media post.
You can either press the Like button or scroll past it.
Do you press Like on this post?
Reply with only 'like' or 'scroll'.",like
076_correct_1000,076,correct,1000,"You are shown a social media post.
You can either press the Like button or scroll past it.
Do you press Like on this post?
Reply with only 'like' or 'scroll'.",scroll
078_correct_1000,078,correct,1000,"You are shown a social media post.
You can either press the Like button or scroll past it.
Do you press Like on this post?
Reply with only 'like' or 'scroll'.",scroll
080_correct_1000,080,correct,1000,"You are shown a social media post.
You can either press the Like button or scroll past it.
Do you press Like on this post?
Reply with only 'like' or 'scroll'.",like
082_correct_1000,082,correct,1000,"You are shown a social media post.
You can either press the Like button or scroll past it.
Do you press Like on this post?
Reply with only 'like' or 'scroll'.",scroll
083_correct_1000,083,correct,1000,"You are shown a social media post.
You can either press the Like button or scroll past it.
Do you press Like on this post?
Reply with only 'like' or 'scroll'.",scroll
085_correct_1000,085,correct,1000,"You are shown a social media post.
You can either press the Like button or scroll past it.
Do you press Like on this post?
Reply with only 'like' or 'scroll'.",scroll
087_correct_1000,087,correct,1000,"You are shown a social media post.
You can either press the Like button or scroll past it.
Do you press Like on this post?
Reply with only 'like' or 'scroll'.",like
089_correct_1000,089,correct,1000,"You are shown a social media post.
You can either press the Like button or scroll past it.
Do you press Like on this post?
Reply with only 'like' or 'scroll'.",scroll
090_correct_1000,090,correct,1000,"You are shown a social media post.
You can either press the Like button or scroll past it.
Do you press Like on this post?
Reply with only 'like' or 'scroll'.",like
091_correct_1000,091,correct,1000,"You are shown a social media post.
You can either press the Like button or scroll past it.
Do you press Like on this post?
Reply with only 'like' or 'scroll'.",like
094_correct_1000,094,correct,1000,"You are shown a social media post.
You can either press the Like button or scroll past it.
Do you press Like on this post?
Reply with only 'like' or 'scroll'.",like
095_correct_1000,095,correct,1000,"You are shown a social media post.
You can either press the Like button or scroll past it.
Do you press Like on this post?
Reply with only 'like' or 'scroll'.",like
096_correct_1000,096,correct,1000,"You are shown a social media post.
You can either press the Like button or scroll past it.
Do you press Like on this post?
Reply with only 'like' or 'scroll'.",scroll
098_correct_1000,098,correct,1000,"You are shown a social media post.
You can either press the Like button or scroll past it.
Do you press Like on this post?
Reply with only 'like' or 'scroll'.",scroll
100_correct_1000,100,correct,1000,"You are shown a social media post.
You can either press the Like button or scroll past it.
Do you press Like on this post?
Reply with only 'like' or 'scroll'.",like
001_incorrect_1000,001,incorrect,1000,"You are shown a social media post.
You can either press the Like button or scroll past it.
Do you press Like on this post?
Reply with only 'like' or 'scroll'.",scroll
003_incorrect_1000,003,incorrect,1000,"You are shown a social media post.
You can either press the Like button or scroll past it.
Do you press Like on this post?
Reply with only 'like' or 'scroll'.",scroll
004_incorrect_1000,004,incorrect,1000,"You are shown a social media post.
You can either press the Like button or scroll past it.
Do you press Like on this post?
Reply with only 'like' or 'scroll'.",scroll
005_incorrect_1000,005,incorrect,1000,"You are shown a social media post.
You can either press the Like button or scroll past it.
Do you press Like on this post?
Reply with only 'like' or 'scroll'.",scroll
006_incorrect_1000,006,incorrect,1000,"You are shown a social media post.
You can either press the Like button or scroll past it.
Do you press Like on this post?
Reply with only 'like' or 'scroll'.",scroll
007_incorrect_1000,007,incorrect,1000,"You are shown a social media post.
You can either press the Like button or scroll past it.
Do you press Like on this post?
Reply with only 'like' or 'scroll'.",like
012_incorrect_1000,012,incorrect,1000,"You are shown a social media post.
You can either press the Like button or scroll past it.
Do you press Like on this post?
Reply with only 'like' or 'scroll'.",scroll
014_incorrect_1000,014,incorrect,1000,"You are shown a social media post.
You can either press the Like button or scroll past it.
Do you press Like on this post?
Reply with only 'like' or 'scroll'.",scroll
015_incorrect_1000,015,incorrect,1000,"You are shown a social media post.
You can either press the Like button or scroll past it.
Do you press Like on this post?
Reply with only 'like' or 'scroll'.",scroll
017_incorrect_1000,017,incorrect,1000,"You are shown a social media post.
You can either press the Like button or scroll past it.
Do you press Like on this post?
Reply with only 'like' or 'scroll'.",scroll
018_incorrect_1000,018,incorrect,1000,"You are shown a social media post.
You can either press the Like button or scroll past it.
Do you press Like on this post?
Reply with only 'like' or 'scroll'.",scroll
020_incorrect_1000,020,incorrect,1000,"You are shown a social media post.
You can either press the Like button or scroll past it.
Do you press Like on this post?
Reply with only 'like' or 'scroll'.",like
021_incorrect_1000,021,incorrect,1000,"You are shown a social media post.
You can either press the Like button or scroll past it.
Do you press Like on this post?
Reply with only 'like' or 'scroll'.",scroll
023_incorrect_1000,023,incorrect,1000,"You are shown a social media post.
You can either press the Like button or scroll past it.
Do you press Like on this post?
Reply with only 'like' or 'scroll'.",like
025_incorrect_1000,025,incorrect,1000,"You are shown a social media post.
You can either press the Like button or scroll past it.
Do you press Like on this post?
Reply with only 'like' or 'scroll'.",like
026_incorrect_1000,026,incorrect,1000,"You are shown a social media post.
You can either press the Like button or scroll past it.
Do you press Like on this post?
Reply with only 'like' or 'scroll'.",scroll
028_incorrect_1000,028,incorrect,1000,"You are shown a social media post.
You can either press the Like button or scroll past it.
Do you press Like on this post?
Reply with only 'like' or 'scroll'.",scroll
029_incorrect_1000,029,incorrect,1000,"You are shown a social media post.
You can either press the Like button or scroll past it.
Do you press Like on this post?
Reply with only 'like' or 'scroll'.",scroll
030_incorrect_1000,030,incorrect,1000,"You are shown a social media post.
You can either press the Like button or scroll past it.
Do you press Like on this post?
Reply with only 'like' or 'scroll'.",scroll
032_incorrect_1000,032,incorrect,1000,"You are shown a social media post.
You can either press the Like button or scroll past it.
Do you press Like on this post?
Reply with only 'like' or 'scroll'.",scroll
036_incorrect_1000,036,incorrect,1000,"You are shown a social media post.
You can either press the Like button or scroll past it.
Do you press Like on this post?
Reply with only 'like' or 'scroll'.",scroll
039_incorrect_1000,039,incorrect,1000,"You are shown a social media post.
You can either press the Like button or scroll past it.
Do you press Like on this post?
Reply with only 'like' or 'scroll'.",scroll
044_incorrect_1000,044,incorrect,1000,"You are shown a social media post.
You can either press the Like button or scroll past it.
Do you press Like on this post?
Reply with only 'like' or 'scroll'.",scroll
047_incorrect_1000,047,incorrect,1000,"You are shown a social media post.
You can either press the Like button or scroll past it.
Do you press Like on this post?
Reply with only 'like' or 'scroll'.",scroll
052_incorrect_1000,052,incorrect,1000,"You are shown a social media post.
You can either press the Like button or scroll past it.
Do you press Like on this post?
Reply with only 'like' or 'scroll'.",scroll
054_incorrect_1000,054,incorrect,1000,"You are shown a social media post.
You can either press the Like button or scroll past it.
Do you press Like on this post?
Reply with only 'like' or 'scroll'.",like
055_incorrect_1000,055,incorrect,1000,"You are shown a social media post.
You can either press the Like button or scroll past it.
Do you press Like on this post?
Reply with only 'like' or 'scroll'.",scroll
058_incorrect_1000,058,incorrect,1000,"You are shown a social media post.
You can either press the Like button or scroll past it.
Do you press Like on this post?
Reply with only 'like' or 'scroll'.",scroll
059_incorrect_1000,059,incorrect,1000,"You are shown a social media post.
You can either press the Like button or scroll past it.
Do you press Like on this post?
Reply with only 'like' or 'scroll'.",scroll
063_incorrect_1000,063,incorrect,1000,"You are shown a social media post.
You can either press the Like button or scroll past it.
Do you press Like on this post?
Reply with only 'like' or 'scroll'.",scroll
065_incorrect_1000,065,incorrect,1000,"You are shown a social media post.
You can either press the Like button or scroll past it.
Do you press Like on this post?
Reply with only 'like' or 'scroll'.",scroll
068_incorrect_1000,068,incorrect,1000,"You are shown a social media post.
You can either press the Like button or scroll past it.
Do you press Like on this post?
Reply with only 'like' or 'scroll'.",scroll
069_incorrect_1000,069,incorrect,1000,"You are shown a social media post.
You can either press the Like button or scroll past it.
Do you press Like on this post?
Reply with only 'like' or 'scroll'.",scroll
070_incorrect_1000,070,incorrect,1000,"You are shown a social media post.
You can either press the Like button or scroll past it.
Do you press Like on this post?
Reply with only 'like' or 'scroll'.",scroll
072_incorrect_1000,072,incorrect,1000,"You are shown a social media post.
You can either press the Like button or scroll past it.
Do you press Like on this post?
Reply with only 'like' or 'scroll'.",scroll
076_incorrect_1000,076,incorrect,1000,"You are shown a social media post.
You can either press the Like button or scroll past it.
Do you press Like on this post?
Reply with only 'like' or 'scroll'.",scroll
078_incorrect_1000,078,incorrect,1000,"You are shown a social media post.
You can either press the Like button or scroll past it.
Do you press Like on this post?
Reply with only 'like' or 'scroll'.",scroll
080_incorrect_1000,080,incorrect,1000,"You are shown a social media post.
You can either press the Like button or scroll past it.
Do you press Like on this post?
Reply with only 'like' or 'scroll'.",scroll
082_incorrect_1000,082,incorrect,1000,"You are shown a social media post.
You can either press the Like button or scroll past it.
Do you press Like on this post?
Reply with only 'like' or 'scroll'.",scroll
083_incorrect_1000,083,incorrect,1000,"You are shown a social media post.
You can either press the Like button or scroll past it.
Do you press Like on this post?
Reply with only 'like' or 'scroll'.",scroll
085_incorrect_1000,085,incorrect,1000,"You are shown a social media post.
You can either press the Like button or scroll past it.
Do you press Like on this post?
Reply with only 'like' or 'scroll'.",scroll
087_incorrect_1000,087,incorrect,1000,"You are shown a social media post.
You can either press the Like button or scroll past it.
Do you press Like on this post?
Reply with only 'like' or 'scroll'.",scroll
089_incorrect_1000,089,incorrect,1000,"You are shown a social media post.
You can either press the Like button or scroll past it.
Do you press Like on this post?
Reply with only 'like' or 'scroll'.",scroll
090_incorrect_1000,090,incorrect,1000,"You are shown a social media post.
You can either press the Like button or scroll past it.
Do you press Like on this post?
Reply with only 'like' or 'scroll'.",scroll
091_incorrect_1000,091,incorrect,1000,"You are shown a social media post.
You can either press the Like button or scroll past it.
Do you press Like on this post?
Reply with only 'like' or 'scroll'.",scroll
094_incorrect_1000,094,incorrect,1000,"You are shown a social media post.
You can either press the Like button or scroll past it.
Do you press Like on this post?
Reply with only 'like' or 'scroll'.",like
095_incorrect_1000,095,incorrect,1000,"You are shown a social media post.
You can either press the Like button or scroll past it.
Do you press Like on this post?
Reply with only 'like' or 'scroll'.",like
096_incorrect_1000,096,incorrect,1000,"You are shown a social media post.
You can either press the Like button or scroll past it.
Do you press Like on this post?
Reply with only 'like' or 'scroll'.",scroll
098_incorrect_1000,098,incorrect,1000,"You are shown a social media post.
You can either press the Like button or scroll past it.
Do you press Like on this post?
Reply with only 'like' or 'scroll'.",scroll
100_incorrect_1000,100,incorrect,1000,"You are shown a social media post.
You can either press the Like button or scroll past it.
Do you press Like on this post?
Reply with only 'like' or 'scroll'.",scroll
001_correct_10000,001,correct,10000,"You are shown a social media post.
You can either press the Like button or scroll past it.
Do you press Like on this post?
Reply with only 'like' or 'scroll'.",scroll
003_correct_10000,003,correct,10000,"You are shown a social media post.
You can either press the Like button or scroll past it.
Do you press Like on this post?
Reply with only 'like' or 'scroll'.",like
004_correct_10000,004,correct,10000,"You are shown a social media post.
You can either press the Like button or scroll past it.
Do you press Like on this post?
Reply with only 'like' or 'scroll'.",like
005_correct_10000,005,correct,10000,"You are shown a social media post.
You can either press the Like button or scroll past it.
Do you press Like on this post?
Reply with only 'like' or 'scroll'.",like
006_correct_10000,006,correct,10000,"You are shown a social media post.
You can either press the Like button or scroll past it.
Do you press Like on this post?
Reply with only 'like' or 'scroll'.",like
007_correct_10000,007,correct,10000,"You are shown a social media post.
You can either press the Like button or scroll past it.
Do you press Like on this post?
Reply with only 'like' or 'scroll'.",like
012_correct_10000,012,correct,10000,"You are shown a social media post.
You can either press the Like button or scroll past it.
Do you press Like on this post?
Reply with only 'like' or 'scroll'.",like
014_correct_10000,014,correct,10000,"You are shown a social media post.
You can either press the Like button or scroll past it.
Do you press Like on this post?
Reply with only 'like' or 'scroll'.",scroll
015_correct_10000,015,correct,10000,"You are shown a social media post.
You can either press the Like button or scroll past it.
Do you press Like on this post?
Reply with only 'like' or 'scroll'.",like
017_correct_10000,017,correct,10000,"You are shown a social media post.
You can either press the Like button or scroll past it.
Do you press Like on this post?
Reply with only 'like' or 'scroll'.",like
018_correct_10000,018,correct,10000,"You are shown a social media post.
You can either press the Like button or scroll past it.
Do you press Like on this post?
Reply with only 'like' or 'scroll'.",scroll
020_correct_10000,020,correct,10000,"You are shown a social media post.
You can either press the Like button or scroll past it.
Do you press Like on this post?
Reply with only 'like' or 'scroll'.",scroll
021_correct_10000,021,correct,10000,"You are shown a social media post.
You can either press the Like button or scroll past it.
Do you press Like on this post?
Reply with only 'like' or 'scroll'.",like
023_correct_10000,023,correct,10000,"You are shown a social media post.
You can either press the Like button or scroll past it.
Do you press Like on this post?
Reply with only 'like' or 'scroll'.",like
025_correct_10000,025,correct,10000,"You are shown a social media post.
You can either press the Like button or scroll past it.
Do you press Like on this post?
Reply with only 'like' or 'scroll'.",like
026_correct_10000,026,correct,10000,"You are shown a social media post.
You can either press the Like button or scroll past it.
Do you press Like on this post?
Reply with only 'like' or 'scroll'.",like
028_correct_10000,028,correct,10000,"You are shown a social media post.
You can either press the Like button or scroll past it.
Do you press Like on this post?
Reply with only 'like' or 'scroll'.",like
029_correct_10000,029,correct,10000,"You are shown a social media post.
You can either press the Like button or scroll past it.
Do you press Like on this post?
Reply with only 'like' or 'scroll'.",scroll
030_correct_10000,030,correct,10000,"You are shown a social media post.
You can either press the Like button or scroll past it.
Do you press Like on this post?
Reply with only 'like' or 'scroll'.",like
032_correct_10000,032,correct,10000,"You are shown a social media post.
You can either press the Like button or scroll past it.
Do you press Like on this post?
Reply with only 'like' or 'scroll'.",like
036_correct_10000,036,correct,10000,"You are shown a social media post.
You can either press the Like button or scroll past it.
Do you press Like on this post?
Reply with only 'like' or 'scroll'.",like
039_correct_10000,039,correct,10000,"You are shown a social media post.
You can either press the Like button or scroll past it.
Do you press Like on this post?
Reply with only 'like' or 'scroll'.",like
044_correct_10000,044,correct,10000,"You are shown a social media post.
You can either press the Like button or scroll past it.
Do you press Like on this post?
Reply with only 'like' or 'scroll'.",like
047_correct_10000,047,correct,10000,"You are shown a social media post.
You can either press the Like button or scroll past it.
Do you press Like on this post?
Reply with only 'like' or 'scroll'.",like
052_correct_10000,052,correct,10000,"You are shown a social media post.
You can either press the Like button or scroll past it.
Do you press Like on this post?
Reply with only 'like' or 'scroll'.",like
054_correct_10000,054,correct,10000,"You are shown a social media post.
You can either press the Like button or scroll past it.
Do you press Like on this post?
Reply with only 'like' or 'scroll'.",like
055_correct_10000,055,correct,10000,"You are shown a social media post.
You can either press the Like button or scroll past it.
Do you press Like on this post?
Reply with only 'like' or 'scroll'.",scroll
058_correct_10000,058,correct,10000,"You are shown a social media post.
You can either press the Like button or scroll past it.
Do you press Like on this post?
Reply with only 'like' or 'scroll'.",like
059_correct_10000,059,correct,10000,"You are shown a social media post.
You can either press the Like button or scroll past it.
Do you press Like on this post?
Reply with only 'like' or 'scroll'.",like
063_correct_10000,063,correct,10000,"You are shown a social media post.
You can either press the Like button or scroll past it.
Do you press Like on this post?
Reply with only 'like' or 'scroll'.",like
065_correct_10000,065,correct,10000,"You are shown a social media post.
You can either press the Like button or scroll past it.
Do you press Like on this post?
Reply with only 'like' or 'scroll'.",like
068_correct_10000,068,correct,10000,"You are shown a social media post.
You can either press the Like button or scroll past it.
Do you press Like on this post?
Reply with only 'like' or 'scroll'.",like
069_correct_10000,069,correct,10000,"You are shown a social media post.
You can either press the Like button or scroll past it.
Do you press Like on this post?
Reply with only 'like' or 'scroll'.",like
070_correct_10000,070,correct,10000,"You are shown a social media post.
You can either press the Like button or scroll past it.
Do you press Like on this post?
Reply with only 'like' or 'scroll'.",like
072_correct_10000,072,correct,10000,"You are shown a social media post.
You can either press the Like button or scroll past it.
Do you press Like on this post?
Reply with only 'like' or 'scroll'.",scroll
076_correct_10000,076,correct,10000,"You are shown a social media post.
You can either press the Like button or scroll past it.
Do you press Like on this post?
Reply with only 'like' or 'scroll'.",like
078_correct_10000,078,correct,10000,"You are shown a social media post.
You can either press the Like button or scroll past it.
Do you press Like on this post?
Reply with only 'like' or 'scroll'.",like
080_correct_10000,080,correct,10000,"You are shown a social media post.
You can either press the Like button or scroll past it.
Do you press Like on this post?
Reply with only 'like' or 'scroll'.",like
082_correct_10000,082,correct,10000,"You are shown a social media post.
You can either press the Like button or scroll past it.
Do you press Like on this post?
Reply with only 'like' or 'scroll'.",scroll
083_correct_10000,083,correct,10000,"You are shown a social media post.
You can either press the Like button or scroll past it.
Do you press Like on this post?
Reply with only 'like' or 'scroll'.",like
085_correct_10000,085,correct,10000,"You are shown a social media post.
You can either press the Like button or scroll past it.
Do you press Like on this post?
Reply with only 'like' or 'scroll'.",scroll
087_correct_10000,087,correct,10000,"You are shown a social media post.
You can either press the Like button or scroll past it.
Do you press Like on this post?
Reply with only 'like' or 'scroll'.",like
089_correct_10000,089,correct,10000,"You are shown a social media post.
You can either press the Like button or scroll past it.
Do you press Like on this post?
Reply with only 'like' or 'scroll'.",like
090_correct_10000,090,correct,10000,"You are shown a social media post.
You can either press the Like button or scroll past it.
Do you press Like on this post?
Reply with only 'like' or 'scroll'.",like
091_correct_10000,091,correct,10000,"You are shown a social media post.
You can either press the Like button or scroll past it.
Do you press Like on this post?
Reply with only 'like' or 'scroll'.",like
094_correct_10000,094,correct,10000,"You are shown a social media post.
You can either press the Like button or scroll past it.
Do you press Like on this post?
Reply with only 'like' or 'scroll'.",like
095_correct_10000,095,correct,10000,"You are shown a social media post.
You can either press the Like button or scroll past it.
Do you press Like on this post?
Reply with only 'like' or 'scroll'.",like
096_correct_10000,096,correct,10000,"You are shown a social media post.
You can either press the Like button or scroll past it.
Do you press Like on this post?
Reply with only 'like' or 'scroll'.",scroll
098_correct_10000,098,correct,10000,"You are shown a social media post.
You can either press the Like button or scroll past it.
Do you press Like on this post?
Reply with only 'like' or 'scroll'.",scroll
100_correct_10000,100,correct,10000,"You are shown a social media post.
You can either press the Like button or scroll past it.
Do you press Like on this post?
Reply with only 'like' or 'scroll'.",like
001_incorrect_10000,001,incorrect,10000,"You are shown a social media post.
You can either press the Like button or scroll past it.
Do you press Like on this post?
Reply with only 'like' or 'scroll'.",scroll
003_incorrect_10000,003,incorrect,10000,"You are shown a social media post.
You can either press the Like button or scroll past it.
Do you press Like on this post?
Reply with only 'like' or 'scroll'.",scroll
004_incorrect_10000,004,incorrect,10000,"You are shown a social media post.
You can either press the Like button or scroll past it.
Do you press Like on this post?
Reply with only 'like' or 'scroll'.",scroll
005_incorrect_10000,005,incorrect,10000,"You are shown a social media post.
You can either press the Like button or scroll past it.
Do you press Like on this post?
Reply with only 'like' or 'scroll'.",scroll
006_incorrect_10000,006,incorrect,10000,"You are shown a social media post.
You can either press the Like button or scroll past it.
Do you press Like on this post?
Reply with only 'like' or 'scroll'.",scroll
007_incorrect_10000,007,incorrect,10000,"You are shown a social media post.
You can either press the Like button or scroll past it.
Do you press Like on this post?
Reply with only 'like' or 'scroll'.",like
012_incorrect_10000,012,incorrect,10000,"You are shown a social media post.
You can either press the Like button or scroll past it.
Do you press Like on this post?
Reply with only 'like' or 'scroll'.",scroll
014_incorrect_10000,014,incorrect,10000,"You are shown a social media post.
You can either press the Like button or scroll past it.
Do you press Like on this post?
Reply with only 'like' or 'scroll'.",scroll
015_incorrect_10000,015,incorrect,10000,"You are shown a social media post.
You can either press the Like button or scroll past it.
Do you press Like on this post?
Reply with only 'like' or 'scroll'.",like
017_incorrect_10000,017,incorrect,10000,"You are shown a social media post.
You can either press the Like button or scroll past it.
Do you press Like on this post?
Reply with only 'like' or 'scroll'.",scroll
018_incorrect_10000,018,incorrect,10000,"You are shown a social media post.
You can either press the Like button or scroll past it.
Do you press Like on this post?
Reply with only 'like' or 'scroll'.",scroll
020_incorrect_10000,020,incorrect,10000,"You are shown a social media post.
You can either press the Like button or scroll past it.
Do you press Like on this post?
Reply with only 'like' or 'scroll'.",scroll
021_incorrect_10000,021,incorrect,10000,"You are shown a social media post.
You can either press the Like button or scroll past it.
Do you press Like on this post?
Reply with only 'like' or 'scroll'.",like
023_incorrect_10000,023,incorrect,10000,"You are shown a social media post.
You can either press the Like button or scroll past it.
Do you press Like on this post?
Reply with only 'like' or 'scroll'.",like
025_incorrect_10000,025,incorrect,10000,"You are shown a social media post.
You can either press the Like button or scroll past it.
Do you press Like on this post?
Reply with only 'like' or 'scroll'.",like
026_incorrect_10000,026,incorrect,10000,"You are shown a social media post.
You can either press the Like button or scroll past it.
Do you press Like on this post?
Reply with only 'like' or 'scroll'.",scroll
028_incorrect_10000,028,incorrect,10000,"You are shown a social media post.
You can either press the Like button or scroll past it.
Do you press Like on this post?
Reply with only 'like' or 'scroll'.",scroll
029_incorrect_10000,029,incorrect,10000,"You are shown a social media post.
You can either press the Like button or scroll past it.
Do you press Like on this post?
Reply with only 'like' or 'scroll'.",scroll
030_incorrect_10000,030,incorrect,10000,"You are shown a social media post.
You can either press the Like button or scroll past it.
Do you press Like on this post?
Reply with only 'like' or 'scroll'.",scroll
032_incorrect_10000,032,incorrect,10000,"You are shown a social media post.
You can either press the Like button or scroll past it.
Do you press Like on this post?
Reply with only 'like' or 'scroll'.",scroll
036_incorrect_10000,036,incorrect,10000,"You are shown a social media post.
You can either press the Like button or scroll past it.
Do you press Like on this post?
Reply with only 'like' or 'scroll'.",scroll
039_incorrect_10000,039,incorrect,10000,"You are shown a social media post.
You can either press the Like button or scroll past it.
Do you press Like on this post?
Reply with only 'like' or 'scroll'.",like
044_incorrect_10000,044,incorrect,10000,"You are shown a social media post.
You can either press the Like button or scroll past it.
Do you press Like on this post?
Reply with only 'like' or 'scroll'.",scroll
047_incorrect_10000,047,incorrect,10000,"You are shown a social media post.
You can either press the Like button or scroll past it.
Do you press Like on this post?
Reply with only 'like' or 'scroll'.",like
052_incorrect_10000,052,incorrect,10000,"You are shown a social media post.
You can either press the Like button or scroll past it.
Do you press Like on this post?
Reply with only 'like' or 'scroll'.",like
054_incorrect_10000,054,incorrect,10000,"You are shown a social media post.
You can either press the Like button or scroll past it.
Do you press Like on this post?
Reply with only 'like' or 'scroll'.",like
055_incorrect_10000,055,incorrect,10000,"You are shown a social media post.
You can either press the Like button or scroll past it.
Do you press Like on this post?
Reply with only 'like' or 'scroll'.",scroll
058_incorrect_10000,058,incorrect,10000,"You are shown a social media post.
You can either press the Like button or scroll past it.
Do you press Like on this post?
Reply with only 'like' or 'scroll'.",like
059_incorrect_10000,059,incorrect,10000,"You are shown a social media post.
You can either press the Like button or scroll past it.
Do you press Like on this post?
Reply with only 'like' or 'scroll'.",scroll
063_incorrect_10000,063,incorrect,10000,"You are shown a social media post.
You can either press the Like button or scroll past it.
Do you press Like on this post?
Reply with only 'like' or 'scroll'.",like
065_incorrect_10000,065,incorrect,10000,"You are shown a social media post.
You can either press the Like button or scroll past it.
Do you press Like on this post?
Reply with only 'like' or 'scroll'.",scroll
068_incorrect_10000,068,incorrect,10000,"You are shown a social media post.
You can either press the Like button or scroll past it.
Do you press Like on this post?
Reply with only 'like' or 'scroll'.",scroll
069_incorrect_10000,069,incorrect,10000,"You are shown a social media post.
You can either press the Like button or scroll past it.
Do you press Like on this post?
Reply with only 'like' or 'scroll'.",like
070_incorrect_10000,070,incorrect,10000,"You are shown a social media post.
You can either press the Like button or scroll past it.
Do you press Like on this post?
Reply with only 'like' or 'scroll'.",scroll
072_incorrect_10000,072,incorrect,10000,"You are shown a social media post.
You can either press the Like button or scroll past it.
Do you press Like on this post?
Reply with only 'like' or 'scroll'.",scroll
076_incorrect_10000,076,incorrect,10000,"You are shown a social media post.
You can either press the Like button or scroll past it.
Do you press Like on this post?
Reply with only 'like' or 'scroll'.",scroll
078_incorrect_10000,078,incorrect,10000,"You are shown a social media post.
You can either press the Like button or scroll past it.
Do you press Like on this post?
Reply with only 'like' or 'scroll'.",like
080_incorrect_10000,080,incorrect,10000,"You are shown a social media post.
You can either press the Like button or scroll past it.
Do you press Like on this post?
Reply with only 'like' or 'scroll'.",like
082_incorrect_10000,082,incorrect,10000,"You are shown a social media post.
You can either press the Like button or scroll past it.
Do you press Like on this post?
Reply with only 'like' or 'scroll'.",scroll
083_incorrect_10000,083,incorrect,10000,"You are shown a social media post.
You can either press the Like button or scroll past it.
Do you press Like on this post?
Reply with only 'like' or 'scroll'.",scroll
085_incorrect_10000,085,incorrect,10000,"You are shown a social media post.
You can either press the Like button or scroll past it.
Do you press Like on this post?
Reply with only 'like' or 'scroll'.",scroll
087_incorrect_10000,087,incorrect,10000,"You are shown a social media post.
You can either press the Like button or scroll past it.
Do you press Like on this post?
Reply with only 'like' or 'scroll'.",scroll
089_incorrect_10000,089,incorrect,10000,"You are shown a social media post.
You can either press the Like button or scroll past it.
Do you press Like on this post?
Reply with only 'like' or 'scroll'.",scroll
090_incorrect_10000,090,incorrect,10000,"You are shown a social media post.
You can either press the Like button or scroll past it.
Do you press Like on this post?
Reply with only 'like' or 'scroll'.",scroll
091_incorrect_10000,091,incorrect,10000,"You are shown a social media post.
You can either press the Like button or scroll past it.
Do you press Like on this post?
Reply with only 'like' or 'scroll'.",scroll
094_incorrect_10000,094,incorrect,10000,"You are shown a social media post.
You can either press the Like button or scroll past it.
Do you press Like on this post?
Reply with only 'like' or 'scroll'.",like
095_incorrect_10000,095,incorrect,10000,"You are shown a social media post.
You can either press the Like button or scroll past it.
Do you press Like on this post?
Reply with only 'like' or 'scroll'.",like
096_incorrect_10000,096,incorrect,10000,"You are shown a social media post.
You can either press the Like button or scroll past it.
Do you press Like on this post?
Reply with only 'like' or 'scroll'.",scroll
098_incorrect_10000,098,incorrect,10000,"You are shown a social media post.
You can either press the Like button or scroll past it.
Do you press Like on this post?
Reply with only 'like' or 'scroll'.",scroll
100_incorrect_10000,100,incorrect,10000,"You are shown a social media post.
You can either press the Like button or scroll past it.
Do you press Like on this post?
Reply with only 'like' or 'scroll'.",scroll
001_correct_100000,001,correct,100000,"You are shown a social media post.
You can either press the Like button or scroll past it.
Do you press Like on this post?
Reply with only 'like' or 'scroll'.",like
003_correct_100000,003,correct,100000,"You are shown a social media post.
You can either press the Like button or scroll past it.
Do you press Like on this post?
Reply with only 'like' or 'scroll'.",like
004_correct_100000,004,correct,100000,"You are shown a social media post.
You can either press the Like button or scroll past it.
Do you press Like on this post?
Reply with only 'like' or 'scroll'.",like
005_correct_100000,005,correct,100000,"You are shown a social media post.
You can either press the Like button or scroll past it.
Do you press Like on this post?
Reply with only 'like' or 'scroll'.",like
006_correct_100000,006,correct,100000,"You are shown a social media post.
You can either press the Like button or scroll past it.
Do you press Like on this post?
Reply with only 'like' or 'scroll'.",like
007_correct_100000,007,correct,100000,"You are shown a social media post.
You can either press the Like button or scroll past it.
Do you press Like on this post?
Reply with only 'like' or 'scroll'.",like
012_correct_100000,012,correct,100000,"You are shown a social media post.
You can either press the Like button or scroll past it.
Do you press Like on this post?
Reply with only 'like' or 'scroll'.",like
014_correct_100000,014,correct,100000,"You are shown a social media post.
You can either press the Like button or scroll past it.
Do you press Like on this post?
Reply with only 'like' or 'scroll'.",like
015_correct_100000,015,correct,100000,"You are shown a social media post.
You can either press the Like button or scroll past it.
Do you press Like on this post?
Reply with only 'like' or 'scroll'.",like
017_correct_100000,017,correct,100000,"You are shown a social media post.
You can either press the Like button or scroll past it.
Do you press Like on this post?
Reply with only 'like' or 'scroll'.",like
018_correct_100000,018,correct,100000,"You are shown a social media post.
You can either press the Like button or scroll past it.
Do you press Like on this post?
Reply with only 'like' or 'scroll'.",like
020_correct_100000,020,correct,100000,"You are shown a social media post.
You can either press the Like button or scroll past it.
Do you press Like on this post?
Reply with only 'like' or 'scroll'.",like
021_correct_100000,021,correct,100000,"You are shown a social media post.
You can either press the Like button or scroll past it.
Do you press Like on this post?
Reply with only 'like' or 'scroll'.",like
023_correct_100000,023,correct,100000,"You are shown a social media post.
You can either press the Like button or scroll past it.
Do you press Like on this post?
Reply with only 'like' or 'scroll'.",scroll
025_correct_100000,025,correct,100000,"You are shown a social media post.
You can either press the Like button or scroll past it.
Do you press Like on this post?
Reply with only 'like' or 'scroll'.",like
026_correct_100000,026,correct,100000,"You are shown a social media post.
You can either press the Like button or scroll past it.
Do you press Like on this post?
Reply with only 'like' or 'scroll'.",scroll
028_correct_100000,028,correct,100000,"You are shown a social media post.
You can either press the Like button or scroll past it.
Do you press Like on this post?
Reply with only 'like' or 'scroll'.",scroll
029_correct_100000,029,correct,100000,"You are shown a social media post.
You can either press the Like button or scroll past it.
Do you press Like on this post?
Reply with only 'like' or 'scroll'.",like
030_correct_100000,030,correct,100000,"You are shown a social media post.
You can either press the Like button or scroll past it.
Do you press Like on this post?
Reply with only 'like' or 'scroll'.",like
032_correct_100000,032,correct,100000,"You are shown a social media post.
You can either press the Like button or scroll past it.
Do you press Like on this post?
Reply with only 'like' or 'scroll'.",like
036_correct_100000,036,correct,100000,"You are shown a social media post.
You can either press the Like button or scroll past it.
Do you press Like on this post?
Reply with only 'like' or 'scroll'.",like
039_correct_100000,039,correct,100000,"You are shown a social media post.
You can either press the Like button or scroll past it.
Do you press Like on this post?
Reply with only 'like' or 'scroll'.",like
044_correct_100000,044,correct,100000,"You are shown a social media post.
You can either press the Like button or scroll past it.
Do you press Like on this post?
Reply with only 'like' or 'scroll'.",scroll
047_correct_100000,047,correct,100000,"You are shown a social media post.
You can either press the Like button or scroll past it.
Do you press Like on this post?
Reply with only 'like' or 'scroll'.",like
052_correct_100000,052,correct,100000,"You are shown a social media post.
You can either press the Like button or scroll past it.
Do you press Like on this post?
Reply with only 'like' or 'scroll'.",scroll
054_correct_100000,054,correct,100000,"You are shown a social media post.
You can either press the Like button or scroll past it.
Do you press Like on this post?
Reply with only 'like' or 'scroll'.",like
055_correct_100000,055,correct,100000,"You are shown a social media post.
You can either press the Like button or scroll past it.
Do you press Like on this post?
Reply with only 'like' or 'scroll'.",like
058_correct_100000,058,correct,100000,"You are shown a social media post.
You can either press the Like button or scroll past it.
Do you press Like on this post?
Reply with only 'like' or 'scroll'.",like
059_correct_100000,059,correct,100000,"You are shown a social media post.
You can either press the Like button or scroll past it.
Do you press Like on this post?
Reply with only 'like' or 'scroll'.",scroll
063_correct_100000,063,correct,100000,"You are shown a social media post.
You can either press the Like button or scroll past it.
Do you press Like on this post?
Reply with only 'like' or 'scroll'.",like
065_correct_100000,065,correct,100000,"You are shown a social media post.
You can either press the Like button or scroll past it.
Do you press Like on this post?
Reply with only 'like' or 'scroll'.",like
068_correct_100000,068,correct,100000,"You are shown a social media post.
You can either press the Like button or scroll past it.
Do you press Like on this post?
Reply with only 'like' or 'scroll'.",like
069_correct_100000,069,correct,100000,"You are shown a social media post.
You can either press the Like button or scroll past it.
Do you press Like on this post?
Reply with only 'like' or 'scroll'.",like
070_correct_100000,070,correct,100000,"You are shown a social media post.
You can either press the Like button or scroll past it.
Do you press Like on this post?
Reply with only 'like' or 'scroll'.",like
072_correct_100000,072,correct,100000,"You are shown a social media post.
You can either press the Like button or scroll past it.
Do you press Like on this post?
Reply with only 'like' or 'scroll'.",like
076_correct_100000,076,correct,100000,"You are shown a social media post.
You can either press the Like button or scroll past it.
Do you press Like on this post?
Reply with only 'like' or 'scroll'.",like
078_correct_100000,078,correct,100000,"You are shown a social media post.
You can either press the Like button or scroll past it.
Do you press Like on this post?
Reply with only 'like' or 'scroll'.",like
080_correct_100000,080,correct,100000,"You are shown a social media post.
You can either press the Like button or scroll past it.
Do you press Like on this post?
Reply with only 'like' or 'scroll'.",like
082_correct_100000,082,correct,100000,"You are shown a social media post.
You can either press the Like button or scroll past it.
Do you press Like on this post?
Reply with only 'like' or 'scroll'.",scroll
083_correct_100000,083,correct,100000,"You are shown a social media post.
You can either press the Like button or scroll past it.
Do you press Like on this post?
Reply with only 'like' or 'scroll'.",scroll
085_correct_100000,085,correct,100000,"You are shown a social media post.
You can either press the Like button or scroll past it.
Do you press Like on this post?
Reply with only 'like' or 'scroll'.",like
087_correct_100000,087,correct,100000,"You are shown a social media post.
You can either press the Like button or scroll past it.
Do you press Like on this post?
Reply with only 'like' or 'scroll'.",like
089_correct_100000,089,correct,100000,"You are shown a social media post.
You can either press the Like button or scroll past it.
Do you press Like on this post?
Reply with only 'like' or 'scroll'.",like
090_correct_100000,090,correct,100000,"You are shown a social media post.
You can either press the Like button or scroll past it.
Do you press Like on this post?
Reply with only 'like' or 'scroll'.",like
091_correct_100000,091,correct,100000,"You are shown a social media post.
You can either press the Like button or scroll past it.
Do you press Like on this post?
Reply with only 'like' or 'scroll'.",scroll
094_correct_100000,094,correct,100000,"You are shown a social media post.
You can either press the Like button or scroll past it.
Do you press Like on this post?
Reply with only 'like' or 'scroll'.",scroll
095_correct_100000,095,correct,100000,"You are shown a social media post.
You can either press the Like button or scroll past it.
Do you press Like on this post?
Reply with only 'like' or 'scroll'.",like
096_correct_100000,096,correct,100000,"You are shown a social media post.
You can either press the Like button or scroll past it.
Do you press Like on this post?
Reply with only 'like' or 'scroll'.",like
098_correct_100000,098,correct,100000,"You are shown a social media post.
You can either press the Like button or scroll past it.
Do you press Like on this post?
Reply with only 'like' or 'scroll'.",like
100_correct_100000,100,correct,100000,"You are shown a social media post.
You can either press the Like button or scroll past it.
Do you press Like on this post?
Reply with only 'like' or 'scroll'.",like
001_incorrect_100000,001,incorrect,100000,"You are shown a social media post.
You can either press the Like button or scroll past it.
Do you press Like on this post?
Reply with only 'like' or 'scroll'.",scroll
003_incorrect_100000,003,incorrect,100000,"You are shown a social media post.
You can either press the Like button or scroll past it.
Do you press Like on this post?
Reply with only 'like' or 'scroll'.",scroll
004_incorrect_100000,004,incorrect,100000,"You are shown a social media post.
You can either press the Like button or scroll past it.
Do you press Like on this post?
Reply with only 'like' or 'scroll'.",like
005_incorrect_100000,005,incorrect,100000,"You are shown a social media post.
You can either press the Like button or scroll past it.
Do you press Like on this post?
Reply with only 'like' or 'scroll'.",scroll
006_incorrect_100000,006,incorrect,100000,"You are shown a social media post.
You can either press the Like button or scroll past it.
Do you press Like on this post?
Reply with only 'like' or 'scroll'.",scroll
007_incorrect_100000,007,incorrect,100000,"You are shown a social media post.
You can either press the Like button or scroll past it.
Do you press Like on this post?
Reply with only 'like' or 'scroll'.",like
012_incorrect_100000,012,incorrect,100000,"You are shown a social media post.
You can either press the Like button or scroll past it.
Do you press Like on this post?
Reply with only 'like' or 'scroll'.",scroll
014_incorrect_100000,014,incorrect,100000,"You are shown a social media post.
You can either press the Like button or scroll past it.
Do you press Like on this post?
Reply with only 'like' or 'scroll'.",scroll
015_incorrect_100000,015,incorrect,100000,"You are shown a social media post.
You can either press the Like button or scroll past it.
Do you press Like on this post?
Reply with only 'like' or 'scroll'.",like
017_incorrect_100000,017,incorrect,100000,"You are shown a social media post.
You can either press the Like button or scroll past it.
Do you press Like on this post?
Reply with only 'like' or 'scroll'.",like
018_incorrect_100000,018,incorrect,100000,"You are shown a social media post.
You can either press the Like button or scroll past it.
Do you press Like on this post?
Reply with only 'like' or 'scroll'.",like
020_incorrect_100000,020,incorrect,100000,"You are shown a social media post.
You can either press the Like button or scroll past it.
Do you press Like on this post?
Reply with only 'like' or 'scroll'.",like
021_incorrect_100000,021,incorrect,100000,"You are shown a social media post.
You can either press the Like button or scroll past it.
Do you press Like on this post?
Reply with only 'like' or 'scroll'.",like
023_incorrect_100000,023,incorrect,100000,"You are shown a social media post.
You can either press the Like button or scroll past it.
Do you press Like on this post?
Reply with only 'like' or 'scroll'.",like
025_incorrect_100000,025,incorrect,100000,"You are shown a social media post.
You can either press the Like button or scroll past it.
Do you press Like on this post?
Reply with only 'like' or 'scroll'.",like
026_incorrect_100000,026,incorrect,100000,"You are shown a social media post.
You can either press the Like button or scroll past it.
Do you press Like on this post?
Reply with only 'like' or 'scroll'.",scroll
028_incorrect_100000,028,incorrect,100000,"You are shown a social media post.
You can either press the Like button or scroll past it.
Do you press Like on this post?
Reply with only 'like' or 'scroll'.",scroll
029_incorrect_100000,029,incorrect,100000,"You are shown a social media post.
You can either press the Like button or scroll past it.
Do you press Like on this post?
Reply with only 'like' or 'scroll'.",like
030_incorrect_100000,030,incorrect,100000,"You are shown a social media post.
You can either press the Like button or scroll past it.
Do you press Like on this post?
Reply with only 'like' or 'scroll'.",scroll
032_incorrect_100000,032,incorrect,100000,"You are shown a social media post.
You can either press the Like button or scroll past it.
Do you press Like on this post?
Reply with only 'like' or 'scroll'.",scroll
036_incorrect_100000,036,incorrect,100000,"You are shown a social media post.
You can either press the Like button or scroll past it.
Do you press Like on this post?
Reply with only 'like' or 'scroll'.",like
039_incorrect_100000,039,incorrect,100000,"You are shown a social media post.
You can either press the Like button or scroll past it.
Do you press Like on this post?
Reply with only 'like' or 'scroll'.",scroll
044_incorrect_100000,044,incorrect,100000,"You are shown a social media post.
You can either press the Like button or scroll past it.
Do you press Like on this post?
Reply with only 'like' or 'scroll'.",scroll
047_incorrect_100000,047,incorrect,100000,"You are shown a social media post.
You can either press the Like button or scroll past it.
Do you press Like on this post?
Reply with only 'like' or 'scroll'.",like
052_incorrect_100000,052,incorrect,100000,"You are shown a social media post.
You can either press the Like button or scroll past it.
Do you press Like on this post?
Reply with only 'like' or 'scroll'.",scroll
054_incorrect_100000,054,incorrect,100000,"You are shown a social media post.
You can either press the Like button or scroll past it.
Do you press Like on this post?
Reply with only 'like' or 'scroll'.",like
055_incorrect_100000,055,incorrect,100000,"You are shown a social media post.
You can either press the Like button or scroll past it.
Do you press Like on this post?
Reply with only 'like' or 'scroll'.",like
058_incorrect_100000,058,incorrect,100000,"You are shown a social media post.
You can either press the Like button or scroll past it.
Do you press Like on this post?
Reply with only 'like' or 'scroll'.",scroll
059_incorrect_100000,059,incorrect,100000,"You are shown a social media post.
You can either press the Like button or scroll past it.
Do you press Like on this post?
Reply with only 'like' or 'scroll'.",scroll
063_incorrect_100000,063,incorrect,100000,"You are shown a social media post.
You can either press the Like button or scroll past it.
Do you press Like on this post?
Reply with only 'like' or 'scroll'.",like
065_incorrect_100000,065,incorrect,100000,"You are shown a social media post.
You can either press the Like button or scroll past it.
Do you press Like on this post?
Reply with only 'like' or 'scroll'.",like
068_incorrect_100000,068,incorrect,100000,"You are shown a social media post.
You can either press the Like button or scroll past it.
Do you press Like on this post?
Reply with only 'like' or 'scroll'.",like
069_incorrect_100000,069,incorrect,100000,"You are shown a social media post.
You can either press the Like button or scroll past it.
Do you press Like on this post?
Reply with only 'like' or 'scroll'.",scroll
070_incorrect_100000,070,incorrect,100000,"You are shown a social media post.
You can either press the Like button or scroll past it.
Do you press Like on this post?
Reply with only 'like' or 'scroll'.",like
072_incorrect_100000,072,incorrect,100000,"You are shown a social media post.
You can either press the Like button or scroll past it.
Do you press Like on this post?
Reply with only 'like' or 'scroll'.",scroll
076_incorrect_100000,076,incorrect,100000,"You are shown a social media post.
You can either press the Like button or scroll past it.
Do you press Like on this post?
Reply with only 'like' or 'scroll'.",like
078_incorrect_100000,078,incorrect,100000,"You are shown a social media post.
You can either press the Like button or scroll past it.
Do you press Like on this post?
Reply with only 'like' or 'scroll'.",like
080_incorrect_100000,080,incorrect,100000,"You are shown a social media post.
You can either press the Like button or scroll past it.
Do you press Like on this post?
Reply with only 'like' or 'scroll'.",like
082_incorrect_100000,082,incorrect,100000,"You are shown a social media post.
You can either press the Like button or scroll past it.
Do you press Like on this post?
Reply with only 'like' or 'scroll'.",scroll
083_incorrect_100000,083,incorrect,100000,"You are shown a social media post.
You can either press the Like button or scroll past it.
Do you press Like on this post?
Reply with only 'like' or 'scroll'.",scroll
085_incorrect_100000,085,incorrect,100000,"You are shown a social media post.
You can either press the Like button or scroll past it.
Do you press Like on this post?
Reply with only 'like' or 'scroll'.",like
087_incorrect_100000,087,incorrect,100000,"You are shown a social media post.
You can either press the Like button or scroll past it.
Do you press Like on this post?
Reply with only 'like' or 'scroll'.",scroll
089_incorrect_100000,089,incorrect,100000,"You are shown a social media post.
You can either press the Like button or scroll past it.
Do you press Like on this post?
Reply with only 'like' or 'scroll'.",like
090_incorrect_100000,090,incorrect,100000,"You are shown a social media post.
You can either press the Like button or scroll past it.
Do you press Like on this post?
Reply with only 'like' or 'scroll'.",scroll
091_incorrect_100000,091,incorrect,100000,"You are shown a social media post.
You can either press the Like button or scroll past it.
Do you press Like on this post?
Reply with only 'like' or 'scroll'.",scroll
094_incorrect_100000,094,incorrect,100000,"You are shown a social media post.
You can either press the Like button or scroll past it.
Do you press Like on this post?
Reply with only 'like' or 'scroll'.",like
095_incorrect_100000,095,incorrect,100000,"You are shown a social media post.
You can either press the Like button or scroll past it.
Do you press Like on this post?
Reply with only 'like' or 'scroll'.",like
096_incorrect_100000,096,incorrect,100000,"You are shown a social media post.
You can either press the Like button or scroll past it.
Do you press Like on this post?
Reply with only 'like' or 'scroll'.",scroll
098_incorrect_100000,098,incorrect,100000,"You are shown a social media post.
You can either press the Like button or scroll past it.
Do you press Like on this post?
Reply with only 'like' or 'scroll'.",scroll
100_incorrect_100000,100,incorrect,100000,"You are shown a social media post.
You can either press the Like button or scroll past it.
Do you press Like on this post?
Reply with only 'like' or 'scroll'.",scroll
001_correct_1000000,001,correct,1000000,"You are shown a social media post.
You can either press the Like button or scroll past it.
Do you press Like on this post?
Reply with only 'like' or 'scroll'.",like
003_correct_1000000,003,correct,1000000,"You are shown a social media post.
You can either press the Like button or scroll past it.
Do you press Like on this post?
Reply with only 'like' or 'scroll'.",like
004_correct_1000000,004,correct,1000000,"You are shown a social media post.
You can either press the Like button or scroll past it.
Do you press Like on this post?
Reply with only 'like' or 'scroll'.",like
005_correct_1000000,005,correct,1000000,"You are shown a social media post.
You can either press the Like button or scroll past it.
Do you press Like on this post?
Reply with only 'like' or 'scroll'.",like
006_correct_1000000,006,correct,1000000,"You are shown a social media post.
You can either press the Like button or scroll past it.
Do you press Like on this post?
Reply with only 'like' or 'scroll'.",like
007_correct_1000000,007,correct,1000000,"You are shown a social media post.
You can either press the Like button or scroll past it.
Do you press Like on this post?
Reply with only 'like' or 'scroll'.",like
012_correct_1000000,012,correct,1000000,"You are shown a social media post.
You can either press the Like button or scroll past it.
Do you press Like on this post?
Reply with only 'like' or 'scroll'.",scroll
014_correct_1000000,014,correct,1000000,"You are shown a social media post.
You can either press the Like button or scroll past it.
Do you press Like on this post?
Reply with only 'like' or 'scroll'.",like
015_correct_1000000,015,correct,1000000,"You are shown a social media post.
You can either press the Like button or scroll past it.
Do you press Like on this post?
Reply with only 'like' or 'scroll'.",like
017_correct_1000000,017,correct,1000000,"You are shown a social media post.
You can either press the Like button or scroll past it.
Do you press Like on this post?
Reply with only 'like' or 'scroll'.",like
018_correct_1000000,018,correct,1000000,"You are shown a social media post.
You can either press the Like button or scroll past it.
Do you press Like on this post?
Reply with only 'like' or 'scroll'.",like
020_correct_1000000,020,correct,1000000,"You are shown a social media post.
You can either press the Like button or scroll past it.
Do you press Like on this post?
Reply with only 'like' or 'scroll'.",like
021_correct_1000000,021,correct,1000000,"You are shown a social media post.
You can either press the Like button or scroll past it.
Do you press Like on this post?
Reply with only 'like' or 'scroll'.",like
023_correct_1000000,023,correct,1000000,"You are shown a social media post.
You can either press the Like button or scroll past it.
Do you press Like on this post?
Reply with only 'like' or 'scroll'.",like
025_correct_1000000,025,correct,1000000,"You are shown a social media post.
You can either press the Like button or scroll past it.
Do you press Like on this post?
Reply with only 'like' or 'scroll'.",like
026_correct_1000000,026,correct,1000000,"You are shown a social media post.
You can either press the Like button or scroll past it.
Do you press Like on this post?
Reply with only 'like' or 'scroll'.",like
028_correct_1000000,028,correct,1000000,"You are shown a social media post.
You can either press the Like button or scroll past it.
Do you press Like on this post?
Reply with only 'like' or 'scroll'.",scroll
029_correct_1000000,029,correct,1000000,"You are shown a social media post.
You can either press the Like button or scroll past it.
Do you press Like on this post?
Reply with only 'like' or 'scroll'.",scroll
030_correct_1000000,030,correct,1000000,"You are shown a social media post.
You can either press the Like button or scroll past it.
Do you press Like on this post?
Reply with only 'like' or 'scroll'.",like
032_correct_1000000,032,correct,1000000,"You are shown a social media post.
You can either press the Like button or scroll past it.
Do you press Like on this post?
Reply with only 'like' or 'scroll'.",like
036_correct_1000000,036,correct,1000000,"You are shown a social media post.
You can either press the Like button or scroll past it.
Do you press Like on this post?
Reply with only 'like' or 'scroll'.",like
039_correct_1000000,039,correct,1000000,"You are shown a social media post.
You can either press the Like button or scroll past it.
Do you press Like on this post?
Reply with only 'like' or 'scroll'.",like
044_correct_1000000,044,correct,1000000,"You are shown a social media post.
You can either press the Like button or scroll past it.
Do you press Like on this post?
Reply with only 'like' or 'scroll'.",like
047_correct_1000000,047,correct,1000000,"You are shown a social media post.
You can either press the Like button or scroll past it.
Do you press Like on this post?
Reply with only 'like' or 'scroll'.",like
052_correct_1000000,052,correct,1000000,"You are shown a social media post.
You can either press the Like button or scroll past it.
Do you press Like on this post?
Reply with only 'like' or 'scroll'.",scroll
054_correct_1000000,054,correct,1000000,"You are shown a social media post.
You can either press the Like button or scroll past it.
Do you press Like on this post?
Reply with only 'like' or 'scroll'.",like
055_correct_1000000,055,correct,1000000,"You are shown a social media post.
You can either press the Like button or scroll past it.
Do you press Like on this post?
Reply with only 'like' or 'scroll'.",like
058_correct_1000000,058,correct,1000000,"You are shown a social media post.
You can either press the Like button or scroll past it.
Do you press Like on this post?
Reply with only 'like' or 'scroll'.",like
059_correct_1000000,059,correct,1000000,"You are shown a social media post.
You can either press the Like button or scroll past it.
Do you press Like on this post?
Reply with only 'like' or 'scroll'.",like
063_correct_1000000,063,correct,1000000,"You are shown a social media post.
You can either press the Like button or scroll past it.
Do you press Like on this post?
Reply with only 'like' or 'scroll'.",like
065_correct_1000000,065,correct,1000000,"You are shown a social media post.
You can either press the Like button or scroll past it.
Do you press Like on this post?
Reply with only 'like' or 'scroll'.",scroll
068_correct_1000000,068,correct,1000000,"You are shown a social media post.
You can either press the Like button or scroll past it.
Do you press Like on this post?
Reply with only 'like' or 'scroll'.",like
069_correct_1000000,069,correct,1000000,"You are shown a social media post.
You can either press the Like button or scroll past it.
Do you press Like on this post?
Reply with only 'like' or 'scroll'.",like
070_correct_1000000,070,correct,1000000,"You are shown a social media post.
You can either press the Like button or scroll past it.
Do you press Like on this post?
Reply with only 'like' or 'scroll'.",like
072_correct_1000000,072,correct,1000000,"You are shown a social media post.
You can either press the Like button or scroll past it.
Do you press Like on this post?
Reply with only 'like' or 'scroll'.",like
076_correct_1000000,076,correct,1000000,"You are shown a social media post.
You can either press the Like button or scroll past it.
Do you press Like on this post?
Reply with only 'like' or 'scroll'.",like
078_correct_1000000,078,correct,1000000,"You are shown a social media post.
You can either press the Like button or scroll past it.
Do you press Like on this post?
Reply with only 'like' or 'scroll'.",scroll
080_correct_1000000,080,correct,1000000,"You are shown a social media post.
You can either press the Like button or scroll past it.
Do you press Like on this post?
Reply with only 'like' or 'scroll'.",scroll
082_correct_1000000,082,correct,1000000,"You are shown a social media post.
You can either press the Like button or scroll past it.
Do you press Like on this post?
Reply with only 'like' or 'scroll'.",scroll
083_correct_1000000,083,correct,1000000,"You are shown a social media post.
You can either press the Like button or scroll past it.
Do you press Like on this post?
Reply with only 'like' or 'scroll'.",like
085_correct_1000000,085,correct,1000000,"You are shown a social media post.
You can either press the Like button or scroll past it.
Do you press Like on this post?
Reply with only 'like' or 'scroll'.",scroll
087_correct_1000000,087,correct,1000000,"You are shown a social media post.
You can either press the Like button or scroll past it.
Do you press Like on this post?
Reply with only 'like' or 'scroll'.",like
089_correct_1000000,089,correct,1000000,"You are shown a social media post.
You can either press the Like button or scroll past it.
Do you press Like on this post?
Reply with only 'like' or 'scroll'.",like
090_correct_1000000,090,correct,1000000,"You are shown a social media post.
You can either press the Like button or scroll past it.
Do you press Like on this post?
Reply with only 'like' or 'scroll'.",like
091_correct_1000000,091,correct,1000000,"You are shown a social media post.
You can either press the Like button or scroll past it.
Do you press Like on this post?
Reply with only 'like' or 'scroll'.",like
094_correct_1000000,094,correct,1000000,"You are shown a social media post.
You can either press the Like button or scroll past it.
Do you press Like on this post?
Reply with only 'like' or 'scroll'.",like
095_correct_1000000,095,correct,1000000,"You are shown a social media post.
You can either press the Like button or scroll past it.
Do you press Like on this post?
Reply with only 'like' or 'scroll'.",like
096_correct_1000000,096,correct,1000000,"You are shown a social media post.
You can either press the Like button or scroll past it.
Do you press Like on this post?
Reply with only 'like' or 'scroll'.",scroll
098_correct_1000000,098,correct,1000000,"You are shown a social media post.
You can either press the Like button or scroll past it.
Do you press Like on this post?
Reply with only 'like' or 'scroll'.",like
100_correct_1000000,100,correct,1000000,"You are shown a social media post.
You can either press the Like button or scroll past it.
Do you press Like on this post?
Reply with only 'like' or 'scroll'.",scroll
001_incorrect_1000000,001,incorrect,1000000,"You are shown a social media post.
You can either press the Like button or scroll past it.
Do you press Like on this post?
Reply with only 'like' or 'scroll'.",scroll
003_incorrect_1000000,003,incorrect,1000000,"You are shown a social media post.
You can either press the Like button or scroll past it.
Do you press Like on this post?
Reply with only 'like' or 'scroll'.",like
004_incorrect_1000000,004,incorrect,1000000,"You are shown a social media post.
You can either press the Like button or scroll past it.
Do you press Like on this post?
Reply with only 'like' or 'scroll'.",scroll
005_incorrect_1000000,005,incorrect,1000000,"You are shown a social media post.
You can either press the Like button or scroll past it.
Do you press Like on this post?
Reply with only 'like' or 'scroll'.",scroll
006_incorrect_1000000,006,incorrect,1000000,"You are shown a social media post.
You can either press the Like button or scroll past it.
Do you press Like on this post?
Reply with only 'like' or 'scroll'.",like
007_incorrect_1000000,007,incorrect,1000000,"You are shown a social media post.
You can either press the Like button or scroll past it.
Do you press Like on this post?
Reply with only 'like' or 'scroll'.",scroll
012_incorrect_1000000,012,incorrect,1000000,"You are shown a social media post.
You can either press the Like button or scroll past it.
Do you press Like on this post?
Reply with only 'like' or 'scroll'.",scroll
014_incorrect_1000000,014,incorrect,1000000,"You are shown a social media post.
You can either press the Like button or scroll past it.
Do you press Like on this post?
Reply with only 'like' or 'scroll'.",like
015_incorrect_1000000,015,incorrect,1000000,"You are shown a social media post.
You can either press the Like button or scroll past it.
Do you press Like on this post?
Reply with only 'like' or 'scroll'.",scroll
017_incorrect_1000000,017,incorrect,1000000,"You are shown a social media post.
You can either press the Like button or scroll past it.
Do you press Like on this post?
Reply with only 'like' or 'scroll'.",scroll
018_incorrect_1000000,018,incorrect,1000000,"You are shown a social media post.
You can either press the Like button or scroll past it.
Do you press Like on this post?
Reply with only 'like' or 'scroll'.",like
020_incorrect_1000000,020,incorrect,1000000,"You are shown a social media post.
You can either press the Like button or scroll past it.
Do you press Like on this post?
Reply with only 'like' or 'scroll'.",like
021_incorrect_1000000,021,incorrect,1000000,"You are shown a social media post.
You can either press the Like button or scroll past it.
Do you press Like on this post?
Reply with only 'like' or 'scroll'.",scroll
023_incorrect_1000000,023,incorrect,1000000,"You are shown a social media post.
You can either press the Like button or scroll past it.
Do you press Like on this post?
Reply with only 'like' or 'scroll'.",like
025_incorrect_1000000,025,incorrect,1000000,"You are shown a social media post.
You can either press the Like button or scroll past it.
Do you press Like on this post?
Reply with only 'like' or 'scroll'.",like
026_incorrect_1000000,026,incorrect,1000000,"You are shown a social media post.
You can either press the Like button or scroll past it.
Do you press Like on this post?
Reply with only 'like' or 'scroll'.",scroll
028_incorrect_1000000,028,incorrect,1000000,"You are shown a social media post.
You can either press the Like button or scroll past it.
Do you press Like on this post?
Reply with only 'like' or 'scroll'.",scroll
029_incorrect_1000000,029,incorrect,1000000,"You are shown a social media post.
You can either press the Like button or scroll past it.
Do you press Like on this post?
Reply with only 'like' or 'scroll'.",scroll
030_incorrect_1000000,030,incorrect,1000000,"You are shown a social media post.
You can either press the Like button or scroll past it.
Do you press Like on this post?
Reply with only 'like' or 'scroll'.",scroll
032_incorrect_1000000,032,incorrect,1000000,"You are shown a social media post.
You can either press the Like button or scroll past it.
Do you press Like on this post?
Reply with only 'like' or 'scroll'.",like
036_incorrect_1000000,036,incorrect,1000000,"You are shown a social media post.
You can either press the Like button or scroll past it.
Do you press Like on this post?
Reply with only 'like' or 'scroll'.",like
039_incorrect_1000000,039,incorrect,1000000,"You are shown a social media post.
You can either press the Like button or scroll past it.
Do you press Like on this post?
Reply with only 'like' or 'scroll'.",like
044_incorrect_1000000,044,incorrect,1000000,"You are shown a social media post.
You can either press the Like button or scroll past it.
Do you press Like on this post?
Reply with only 'like' or 'scroll'.",scroll
047_incorrect_1000000,047,incorrect,1000000,"You are shown a social media post.
You can either press the Like button or scroll past it.
Do you press Like on this post?
Reply with only 'like' or 'scroll'.",like
052_incorrect_1000000,052,incorrect,1000000,"You are shown a social media post.
You can either press the Like button or scroll past it.
Do you press Like on this post?
Reply with only 'like' or 'scroll'.",scroll
054_incorrect_1000000,054,incorrect,1000000,"You are shown a social media post.
You can either press the Like button or scroll past it.
Do you press Like on this post?
Reply with only 'like' or 'scroll'.",like
055_incorrect_1000000,055,incorrect,1000000,"You are shown a social media post.
You can either press the Like button or scroll past it.
Do you press Like on this post?
Reply with only 'like' or 'scroll'.",like
058_incorrect_1000000,058,incorrect,1000000,"You are shown a social media post.
You can either press the Like button or scroll past it.
Do you press Like on this post?
Reply with only 'like' or 'scroll'.",like
059_incorrect_1000000,059,incorrect,1000000,"You are shown a social media post.
You can either press the Like button or scroll past it.
Do you press Like on this post?
Reply with only 'like' or 'scroll'.",scroll
063_incorrect_1000000,063,incorrect,1000000,"You are shown a social media post.
You can either press the Like button or scroll past it.
Do you press Like on this post?
Reply with only 'like' or 'scroll'.",like
065_incorrect_1000000,065,incorrect,1000000,"You are shown a social media post.
You can either press the Like button or scroll past it.
Do you press Like on this post?
Reply with only 'like' or 'scroll'.",scroll
068_incorrect_1000000,068,incorrect,1000000,"You are shown a social media post.
You can either press the Like button or scroll past it.
Do you press Like on this post?
Reply with only 'like' or 'scroll'.",scroll
069_incorrect_1000000,069,incorrect,1000000,"You are shown a social media post.
You can either press the Like button or scroll past it.
Do you press Like on this post?
Reply with only 'like' or 'scroll'.",scroll
070_incorrect_1000000,070,incorrect,1000000,"You are shown a social media post.
You can either press the Like button or scroll past it.
Do you press Like on this post?
Reply with only 'like' or 'scroll'.",like
072_incorrect_1000000,072,incorrect,1000000,"You are shown a social media post.
You can either press the Like button or scroll past it.
Do you press Like on this post?
Reply with only 'like' or 'scroll'.",scroll
076_incorrect_1000000,076,incorrect,1000000,"You are shown a social media post.
You can either press the Like button or scroll past it.
Do you press Like on this post?
Reply with only 'like' or 'scroll'.",like
078_incorrect_1000000,078,incorrect,1000000,"You are shown a social media post.
You can either press the Like button or scroll past it.
Do you press Like on this post?
Reply with only 'like' or 'scroll'.",scroll
080_incorrect_1000000,080,incorrect,1000000,"You are shown a social media post.
You can either press the Like button or scroll past it.
Do you press Like on this post?
Reply with only 'like' or 'scroll'.",scroll
082_incorrect_1000000,082,incorrect,1000000,"You are shown a social media post.
You can either press the Like button or scroll past it.
Do you press Like on this post?
Reply with only 'like' or 'scroll'.",like
083_incorrect_1000000,083,incorrect,1000000,"You are shown a social media post.
You can either press the Like button or scroll past it.
Do you press Like on this post?
Reply with only 'like' or 'scroll'.",scroll
085_incorrect_1000000,085,incorrect,1000000,"You are shown a social media post.
You can either press the Like button or scroll past it.
Do you press Like on this post?
Reply with only 'like' or 'scroll'.",like
087_incorrect_1000000,087,incorrect,1000000,"You are shown a social media post.
You can either press the Like button or scroll past it.
Do you press Like on this post?
Reply with only 'like' or 'scroll'.",scroll
089_incorrect_1000000,089,incorrect,1000000,"You are shown a social media post.
You can either press the Like button or scroll past it.
Do you press Like on this post?
Reply with only 'like' or 'scroll'.",like
090_incorrect_1000000,090,incorrect,1000000,"You are shown a social media post.
You can either press the Like button or scroll past it.
Do you press Like on this post?
Reply with only 'like' or 'scroll'.",scroll
091_incorrect_1000000,091,incorrect,1000000,"You are shown a social media post.
You can either press the Like button or scroll past it.
Do you press Like on this post?
Reply with only 'like' or 'scroll'.",like
094_incorrect_1000000,094,incorrect,1000000,"You are shown a social media post.
You can either press the Like button or scroll past it.
Do you press Like on this post?
Reply with only 'like' or 'scroll'.",like
095_incorrect_1000000,095,incorrect,1000000,"You are shown a social media post.
You can either press the Like button or scroll past it.
Do you press Like on this post?
Reply with only 'like' or 'scroll'.",like
096_incorrect_1000000,096,incorrect,1000000,"You are shown a social media post.
You can either press the Like button or scroll past it.
Do you press Like on this post?
Reply with only 'like' or 'scroll'.",scroll
098_incorrect_1000000,098,incorrect,1000000,"You are shown a social media post.
You can either press the Like button or scroll past it.
Do you press Like on this post?
Reply with only 'like' or 'scroll'.",like
100_incorrect_1000000,100,incorrect,1000000,"You are shown a social media post.
You can either press the Like button or scroll past it.
Do you press Like on this post?
Reply with only 'like' or 'scroll'.",scroll
